INSERT INTO `entities` VALUES ('9f39d686-9d98-11e5-a73d-c04a00aa5181','CLIENT','Client 1',NULL),('9f39d6d3-9d98-11e5-a73d-c04a00aa5181','CLIENT','Client 2',NULL),('9f39d6e8-9d98-11e5-a73d-c04a00aa5181','CLIENT','Client 3',NULL),('9f39d6fe-9d98-11e5-a73d-c04a00aa5181','CLIENT','Client 4',NULL),('9f39d71b-9d98-11e5-a73d-c04a00aa5181','CLIENT','Client 5',NULL),('9f3a60e7-9d98-11e5-a73d-c04a00aa5181','FOREMAN','Worker 1',NULL),('9f3a610e-9d98-11e5-a73d-c04a00aa5181','FOREMAN','Worker 10',NULL),('9f3a611b-9d98-11e5-a73d-c04a00aa5181','FOREMAN','Worker 3',NULL),('9f3a6127-9d98-11e5-a73d-c04a00aa5181','FOREMAN','Worker 4',NULL),('9f3a6134-9d98-11e5-a73d-c04a00aa5181','FOREMAN','Worker 6',NULL),('9f3a613d-9d98-11e5-a73d-c04a00aa5181','FOREMAN','Worker 7',NULL),('9f3a6145-9d98-11e5-a73d-c04a00aa5181','FOREMAN','Worker 8',NULL),('9f3a614e-9d98-11e5-a73d-c04a00aa5181','FOREMAN','Worker 9',NULL),('9f442de9-9d98-11e5-a73d-c04a00aa5181','EMPLOYEE','Worker 2',NULL),('9f442e0b-9d98-11e5-a73d-c04a00aa5181','EMPLOYEE','Worker 5',NULL);
INSERT INTO `objects` VALUES ('9f39aacf-9d98-11e5-a73d-c04a00aa5181','9f39d6fe-9d98-11e5-a73d-c04a00aa5181','Object 1'),('9f39ab06-9d98-11e5-a73d-c04a00aa5181','9f39d686-9d98-11e5-a73d-c04a00aa5181','Object 2'),('9f39ab2d-9d98-11e5-a73d-c04a00aa5181','9f39d71b-9d98-11e5-a73d-c04a00aa5181','Object 3'),('9f39ab46-9d98-11e5-a73d-c04a00aa5181','9f39d6e8-9d98-11e5-a73d-c04a00aa5181','Object 4'),('9f39ab86-9d98-11e5-a73d-c04a00aa5181','9f39d6e8-9d98-11e5-a73d-c04a00aa5181','Object 5'),('9f39ab9c-9d98-11e5-a73d-c04a00aa5181','9f39d6d3-9d98-11e5-a73d-c04a00aa5181','Object 6'),('9f39abad-9d98-11e5-a73d-c04a00aa5181','9f39d6d3-9d98-11e5-a73d-c04a00aa5181','Object 7'),('9f39abbe-9d98-11e5-a73d-c04a00aa5181','9f39d6d3-9d98-11e5-a73d-c04a00aa5181','Object 8'),('9f39abd3-9d98-11e5-a73d-c04a00aa5181','9f39d6fe-9d98-11e5-a73d-c04a00aa5181','Object 9'),('9f39abe5-9d98-11e5-a73d-c04a00aa5181','9f39d6d3-9d98-11e5-a73d-c04a00aa5181','Object 10'),('9f39abfa-9d98-11e5-a73d-c04a00aa5181','9f39d6d3-9d98-11e5-a73d-c04a00aa5181','Object 11'),('9f39ac0b-9d98-11e5-a73d-c04a00aa5181','9f39d686-9d98-11e5-a73d-c04a00aa5181','Object 12'),('9f39ac1c-9d98-11e5-a73d-c04a00aa5181','9f39d686-9d98-11e5-a73d-c04a00aa5181','Object 13'),('9f39ac47-9d98-11e5-a73d-c04a00aa5181','9f39d6e8-9d98-11e5-a73d-c04a00aa5181','Object 14'),('9f39ac5c-9d98-11e5-a73d-c04a00aa5181','9f39d6fe-9d98-11e5-a73d-c04a00aa5181','Object 15');
INSERT INTO `permissions` VALUES ('9f3a60e7-9d98-11e5-a73d-c04a00aa5181','INSERT','9f39ac47-9d98-11e5-a73d-c04a00aa5181'),('9f3a60e7-9d98-11e5-a73d-c04a00aa5181','UPDATE_SELF','9f39ac47-9d98-11e5-a73d-c04a00aa5181'),('9f3a60e7-9d98-11e5-a73d-c04a00aa5181','READ','9f39ac47-9d98-11e5-a73d-c04a00aa5181'),('9f3a60e7-9d98-11e5-a73d-c04a00aa5181','INSERT','9f39abad-9d98-11e5-a73d-c04a00aa5181'),('9f3a60e7-9d98-11e5-a73d-c04a00aa5181','UPDATE_SELF','9f39abad-9d98-11e5-a73d-c04a00aa5181'),('9f3a60e7-9d98-11e5-a73d-c04a00aa5181','READ','9f39abad-9d98-11e5-a73d-c04a00aa5181'),('9f3a60e7-9d98-11e5-a73d-c04a00aa5181','INSERT','9f39ab86-9d98-11e5-a73d-c04a00aa5181'),('9f3a60e7-9d98-11e5-a73d-c04a00aa5181','UPDATE_SELF','9f39ab86-9d98-11e5-a73d-c04a00aa5181'),('9f3a60e7-9d98-11e5-a73d-c04a00aa5181','READ','9f39ab86-9d98-11e5-a73d-c04a00aa5181'),('9f3a60e7-9d98-11e5-a73d-c04a00aa5181','INSERT','9f39ac5c-9d98-11e5-a73d-c04a00aa5181'),('9f3a60e7-9d98-11e5-a73d-c04a00aa5181','UPDATE_SELF','9f39ac5c-9d98-11e5-a73d-c04a00aa5181'),('9f3a60e7-9d98-11e5-a73d-c04a00aa5181','READ','9f39ac5c-9d98-11e5-a73d-c04a00aa5181'),('9f3a60e7-9d98-11e5-a73d-c04a00aa5181','INSERT','9f39abd3-9d98-11e5-a73d-c04a00aa5181'),('9f3a60e7-9d98-11e5-a73d-c04a00aa5181','UPDATE_SELF','9f39abd3-9d98-11e5-a73d-c04a00aa5181'),('9f3a60e7-9d98-11e5-a73d-c04a00aa5181','READ','9f39abd3-9d98-11e5-a73d-c04a00aa5181'),('9f3a60e7-9d98-11e5-a73d-c04a00aa5181','INSERT','9f39abe5-9d98-11e5-a73d-c04a00aa5181'),('9f3a60e7-9d98-11e5-a73d-c04a00aa5181','UPDATE_SELF','9f39abe5-9d98-11e5-a73d-c04a00aa5181'),('9f3a60e7-9d98-11e5-a73d-c04a00aa5181','READ','9f39abe5-9d98-11e5-a73d-c04a00aa5181'),('9f3a60e7-9d98-11e5-a73d-c04a00aa5181','INSERT','9f39ab2d-9d98-11e5-a73d-c04a00aa5181'),('9f3a60e7-9d98-11e5-a73d-c04a00aa5181','UPDATE_SELF','9f39ab2d-9d98-11e5-a73d-c04a00aa5181'),('9f3a60e7-9d98-11e5-a73d-c04a00aa5181','READ','9f39ab2d-9d98-11e5-a73d-c04a00aa5181'),('9f3a60e7-9d98-11e5-a73d-c04a00aa5181','INSERT','9f39abfa-9d98-11e5-a73d-c04a00aa5181'),('9f3a60e7-9d98-11e5-a73d-c04a00aa5181','UPDATE_SELF','9f39abfa-9d98-11e5-a73d-c04a00aa5181'),('9f3a60e7-9d98-11e5-a73d-c04a00aa5181','READ','9f39abfa-9d98-11e5-a73d-c04a00aa5181'),('9f3a60e7-9d98-11e5-a73d-c04a00aa5181','INSERT','9f39ab06-9d98-11e5-a73d-c04a00aa5181'),('9f3a60e7-9d98-11e5-a73d-c04a00aa5181','UPDATE_SELF','9f39ab06-9d98-11e5-a73d-c04a00aa5181'),('9f3a60e7-9d98-11e5-a73d-c04a00aa5181','READ','9f39ab06-9d98-11e5-a73d-c04a00aa5181'),('9f3a60e7-9d98-11e5-a73d-c04a00aa5181','INSERT','9f39ac0b-9d98-11e5-a73d-c04a00aa5181'),('9f3a60e7-9d98-11e5-a73d-c04a00aa5181','UPDATE_SELF','9f39ac0b-9d98-11e5-a73d-c04a00aa5181'),('9f3a60e7-9d98-11e5-a73d-c04a00aa5181','READ','9f39ac0b-9d98-11e5-a73d-c04a00aa5181'),('9f3a60e7-9d98-11e5-a73d-c04a00aa5181','INSERT','9f39ab9c-9d98-11e5-a73d-c04a00aa5181'),('9f3a60e7-9d98-11e5-a73d-c04a00aa5181','UPDATE_SELF','9f39ab9c-9d98-11e5-a73d-c04a00aa5181'),('9f3a60e7-9d98-11e5-a73d-c04a00aa5181','READ','9f39ab9c-9d98-11e5-a73d-c04a00aa5181'),('9f3a60e7-9d98-11e5-a73d-c04a00aa5181','INSERT','9f39aacf-9d98-11e5-a73d-c04a00aa5181'),('9f3a60e7-9d98-11e5-a73d-c04a00aa5181','UPDATE_SELF','9f39aacf-9d98-11e5-a73d-c04a00aa5181'),('9f3a60e7-9d98-11e5-a73d-c04a00aa5181','READ','9f39aacf-9d98-11e5-a73d-c04a00aa5181'),('9f3a60e7-9d98-11e5-a73d-c04a00aa5181','INSERT','9f39ac1c-9d98-11e5-a73d-c04a00aa5181'),('9f3a60e7-9d98-11e5-a73d-c04a00aa5181','UPDATE_SELF','9f39ac1c-9d98-11e5-a73d-c04a00aa5181'),('9f3a60e7-9d98-11e5-a73d-c04a00aa5181','READ','9f39ac1c-9d98-11e5-a73d-c04a00aa5181'),('9f3a611b-9d98-11e5-a73d-c04a00aa5181','INSERT','9f39abd3-9d98-11e5-a73d-c04a00aa5181'),('9f3a611b-9d98-11e5-a73d-c04a00aa5181','UPDATE_SELF','9f39abd3-9d98-11e5-a73d-c04a00aa5181'),('9f3a611b-9d98-11e5-a73d-c04a00aa5181','READ','9f39abd3-9d98-11e5-a73d-c04a00aa5181'),('9f3a611b-9d98-11e5-a73d-c04a00aa5181','INSERT','9f39ab86-9d98-11e5-a73d-c04a00aa5181'),('9f3a611b-9d98-11e5-a73d-c04a00aa5181','UPDATE_SELF','9f39ab86-9d98-11e5-a73d-c04a00aa5181'),('9f3a611b-9d98-11e5-a73d-c04a00aa5181','READ','9f39ab86-9d98-11e5-a73d-c04a00aa5181'),('9f3a611b-9d98-11e5-a73d-c04a00aa5181','INSERT','9f39abad-9d98-11e5-a73d-c04a00aa5181'),('9f3a611b-9d98-11e5-a73d-c04a00aa5181','UPDATE_SELF','9f39abad-9d98-11e5-a73d-c04a00aa5181'),('9f3a611b-9d98-11e5-a73d-c04a00aa5181','READ','9f39abad-9d98-11e5-a73d-c04a00aa5181'),('9f3a611b-9d98-11e5-a73d-c04a00aa5181','INSERT','9f39abbe-9d98-11e5-a73d-c04a00aa5181'),('9f3a611b-9d98-11e5-a73d-c04a00aa5181','UPDATE_SELF','9f39abbe-9d98-11e5-a73d-c04a00aa5181'),('9f3a611b-9d98-11e5-a73d-c04a00aa5181','READ','9f39abbe-9d98-11e5-a73d-c04a00aa5181'),('9f3a611b-9d98-11e5-a73d-c04a00aa5181','INSERT','9f39ab06-9d98-11e5-a73d-c04a00aa5181'),('9f3a611b-9d98-11e5-a73d-c04a00aa5181','UPDATE_SELF','9f39ab06-9d98-11e5-a73d-c04a00aa5181'),('9f3a611b-9d98-11e5-a73d-c04a00aa5181','READ','9f39ab06-9d98-11e5-a73d-c04a00aa5181'),('9f3a611b-9d98-11e5-a73d-c04a00aa5181','INSERT','9f39abfa-9d98-11e5-a73d-c04a00aa5181'),('9f3a611b-9d98-11e5-a73d-c04a00aa5181','UPDATE_SELF','9f39abfa-9d98-11e5-a73d-c04a00aa5181'),('9f3a611b-9d98-11e5-a73d-c04a00aa5181','READ','9f39abfa-9d98-11e5-a73d-c04a00aa5181'),('9f3a611b-9d98-11e5-a73d-c04a00aa5181','INSERT','9f39ac0b-9d98-11e5-a73d-c04a00aa5181'),('9f3a611b-9d98-11e5-a73d-c04a00aa5181','UPDATE_SELF','9f39ac0b-9d98-11e5-a73d-c04a00aa5181'),('9f3a611b-9d98-11e5-a73d-c04a00aa5181','READ','9f39ac0b-9d98-11e5-a73d-c04a00aa5181'),('9f3a611b-9d98-11e5-a73d-c04a00aa5181','INSERT','9f39abe5-9d98-11e5-a73d-c04a00aa5181'),('9f3a611b-9d98-11e5-a73d-c04a00aa5181','UPDATE_SELF','9f39abe5-9d98-11e5-a73d-c04a00aa5181'),('9f3a611b-9d98-11e5-a73d-c04a00aa5181','READ','9f39abe5-9d98-11e5-a73d-c04a00aa5181'),('9f3a611b-9d98-11e5-a73d-c04a00aa5181','INSERT','9f39ac1c-9d98-11e5-a73d-c04a00aa5181'),('9f3a611b-9d98-11e5-a73d-c04a00aa5181','UPDATE_SELF','9f39ac1c-9d98-11e5-a73d-c04a00aa5181'),('9f3a611b-9d98-11e5-a73d-c04a00aa5181','READ','9f39ac1c-9d98-11e5-a73d-c04a00aa5181'),('9f3a611b-9d98-11e5-a73d-c04a00aa5181','INSERT','9f39ab9c-9d98-11e5-a73d-c04a00aa5181'),('9f3a611b-9d98-11e5-a73d-c04a00aa5181','UPDATE_SELF','9f39ab9c-9d98-11e5-a73d-c04a00aa5181'),('9f3a611b-9d98-11e5-a73d-c04a00aa5181','READ','9f39ab9c-9d98-11e5-a73d-c04a00aa5181'),('9f3a611b-9d98-11e5-a73d-c04a00aa5181','INSERT','9f39ab2d-9d98-11e5-a73d-c04a00aa5181'),('9f3a611b-9d98-11e5-a73d-c04a00aa5181','UPDATE_SELF','9f39ab2d-9d98-11e5-a73d-c04a00aa5181'),('9f3a611b-9d98-11e5-a73d-c04a00aa5181','READ','9f39ab2d-9d98-11e5-a73d-c04a00aa5181'),('9f3a6127-9d98-11e5-a73d-c04a00aa5181','INSERT','9f39ac47-9d98-11e5-a73d-c04a00aa5181'),('9f3a6127-9d98-11e5-a73d-c04a00aa5181','UPDATE_SELF','9f39ac47-9d98-11e5-a73d-c04a00aa5181'),('9f3a6127-9d98-11e5-a73d-c04a00aa5181','READ','9f39ac47-9d98-11e5-a73d-c04a00aa5181'),('9f3a6127-9d98-11e5-a73d-c04a00aa5181','INSERT','9f39ac5c-9d98-11e5-a73d-c04a00aa5181'),('9f3a6127-9d98-11e5-a73d-c04a00aa5181','UPDATE_SELF','9f39ac5c-9d98-11e5-a73d-c04a00aa5181'),('9f3a6127-9d98-11e5-a73d-c04a00aa5181','READ','9f39ac5c-9d98-11e5-a73d-c04a00aa5181'),('9f3a6127-9d98-11e5-a73d-c04a00aa5181','INSERT','9f39ac0b-9d98-11e5-a73d-c04a00aa5181'),('9f3a6127-9d98-11e5-a73d-c04a00aa5181','UPDATE_SELF','9f39ac0b-9d98-11e5-a73d-c04a00aa5181'),('9f3a6127-9d98-11e5-a73d-c04a00aa5181','READ','9f39ac0b-9d98-11e5-a73d-c04a00aa5181'),('9f3a6127-9d98-11e5-a73d-c04a00aa5181','INSERT','9f39abfa-9d98-11e5-a73d-c04a00aa5181'),('9f3a6127-9d98-11e5-a73d-c04a00aa5181','UPDATE_SELF','9f39abfa-9d98-11e5-a73d-c04a00aa5181'),('9f3a6127-9d98-11e5-a73d-c04a00aa5181','READ','9f39abfa-9d98-11e5-a73d-c04a00aa5181'),('9f3a6127-9d98-11e5-a73d-c04a00aa5181','INSERT','9f39ac1c-9d98-11e5-a73d-c04a00aa5181'),('9f3a6127-9d98-11e5-a73d-c04a00aa5181','UPDATE_SELF','9f39ac1c-9d98-11e5-a73d-c04a00aa5181'),('9f3a6127-9d98-11e5-a73d-c04a00aa5181','READ','9f39ac1c-9d98-11e5-a73d-c04a00aa5181'),('9f3a6127-9d98-11e5-a73d-c04a00aa5181','INSERT','9f39abad-9d98-11e5-a73d-c04a00aa5181'),('9f3a6127-9d98-11e5-a73d-c04a00aa5181','UPDATE_SELF','9f39abad-9d98-11e5-a73d-c04a00aa5181'),('9f3a6127-9d98-11e5-a73d-c04a00aa5181','READ','9f39abad-9d98-11e5-a73d-c04a00aa5181'),('9f3a6127-9d98-11e5-a73d-c04a00aa5181','INSERT','9f39abe5-9d98-11e5-a73d-c04a00aa5181'),('9f3a6127-9d98-11e5-a73d-c04a00aa5181','UPDATE_SELF','9f39abe5-9d98-11e5-a73d-c04a00aa5181'),('9f3a6127-9d98-11e5-a73d-c04a00aa5181','READ','9f39abe5-9d98-11e5-a73d-c04a00aa5181'),('9f3a6127-9d98-11e5-a73d-c04a00aa5181','INSERT','9f39abbe-9d98-11e5-a73d-c04a00aa5181'),('9f3a6127-9d98-11e5-a73d-c04a00aa5181','UPDATE_SELF','9f39abbe-9d98-11e5-a73d-c04a00aa5181'),('9f3a6127-9d98-11e5-a73d-c04a00aa5181','READ','9f39abbe-9d98-11e5-a73d-c04a00aa5181'),('9f3a6127-9d98-11e5-a73d-c04a00aa5181','INSERT','9f39abd3-9d98-11e5-a73d-c04a00aa5181'),('9f3a6127-9d98-11e5-a73d-c04a00aa5181','UPDATE_SELF','9f39abd3-9d98-11e5-a73d-c04a00aa5181'),('9f3a6127-9d98-11e5-a73d-c04a00aa5181','READ','9f39abd3-9d98-11e5-a73d-c04a00aa5181'),('9f3a6127-9d98-11e5-a73d-c04a00aa5181','INSERT','9f39ab46-9d98-11e5-a73d-c04a00aa5181'),('9f3a6127-9d98-11e5-a73d-c04a00aa5181','UPDATE_SELF','9f39ab46-9d98-11e5-a73d-c04a00aa5181'),('9f3a6127-9d98-11e5-a73d-c04a00aa5181','READ','9f39ab46-9d98-11e5-a73d-c04a00aa5181'),('9f3a6127-9d98-11e5-a73d-c04a00aa5181','INSERT','9f39ab9c-9d98-11e5-a73d-c04a00aa5181'),('9f3a6127-9d98-11e5-a73d-c04a00aa5181','UPDATE_SELF','9f39ab9c-9d98-11e5-a73d-c04a00aa5181'),('9f3a6127-9d98-11e5-a73d-c04a00aa5181','READ','9f39ab9c-9d98-11e5-a73d-c04a00aa5181'),('9f3a6127-9d98-11e5-a73d-c04a00aa5181','INSERT','9f39ab86-9d98-11e5-a73d-c04a00aa5181'),('9f3a6127-9d98-11e5-a73d-c04a00aa5181','UPDATE_SELF','9f39ab86-9d98-11e5-a73d-c04a00aa5181'),('9f3a6127-9d98-11e5-a73d-c04a00aa5181','READ','9f39ab86-9d98-11e5-a73d-c04a00aa5181'),('9f3a6127-9d98-11e5-a73d-c04a00aa5181','INSERT','9f39ab06-9d98-11e5-a73d-c04a00aa5181'),('9f3a6127-9d98-11e5-a73d-c04a00aa5181','UPDATE_SELF','9f39ab06-9d98-11e5-a73d-c04a00aa5181'),('9f3a6127-9d98-11e5-a73d-c04a00aa5181','READ','9f39ab06-9d98-11e5-a73d-c04a00aa5181'),('9f3a6127-9d98-11e5-a73d-c04a00aa5181','INSERT','9f39ab2d-9d98-11e5-a73d-c04a00aa5181'),('9f3a6127-9d98-11e5-a73d-c04a00aa5181','UPDATE_SELF','9f39ab2d-9d98-11e5-a73d-c04a00aa5181'),('9f3a6127-9d98-11e5-a73d-c04a00aa5181','READ','9f39ab2d-9d98-11e5-a73d-c04a00aa5181'),('9f3a6134-9d98-11e5-a73d-c04a00aa5181','INSERT','9f39abad-9d98-11e5-a73d-c04a00aa5181'),('9f3a6134-9d98-11e5-a73d-c04a00aa5181','UPDATE_SELF','9f39abad-9d98-11e5-a73d-c04a00aa5181'),('9f3a6134-9d98-11e5-a73d-c04a00aa5181','READ','9f39abad-9d98-11e5-a73d-c04a00aa5181'),('9f3a6134-9d98-11e5-a73d-c04a00aa5181','INSERT','9f39ab2d-9d98-11e5-a73d-c04a00aa5181'),('9f3a6134-9d98-11e5-a73d-c04a00aa5181','UPDATE_SELF','9f39ab2d-9d98-11e5-a73d-c04a00aa5181'),('9f3a6134-9d98-11e5-a73d-c04a00aa5181','READ','9f39ab2d-9d98-11e5-a73d-c04a00aa5181'),('9f3a6134-9d98-11e5-a73d-c04a00aa5181','INSERT','9f39ab86-9d98-11e5-a73d-c04a00aa5181'),('9f3a6134-9d98-11e5-a73d-c04a00aa5181','UPDATE_SELF','9f39ab86-9d98-11e5-a73d-c04a00aa5181'),('9f3a6134-9d98-11e5-a73d-c04a00aa5181','READ','9f39ab86-9d98-11e5-a73d-c04a00aa5181'),('9f3a6134-9d98-11e5-a73d-c04a00aa5181','INSERT','9f39abfa-9d98-11e5-a73d-c04a00aa5181'),('9f3a6134-9d98-11e5-a73d-c04a00aa5181','UPDATE_SELF','9f39abfa-9d98-11e5-a73d-c04a00aa5181'),('9f3a6134-9d98-11e5-a73d-c04a00aa5181','READ','9f39abfa-9d98-11e5-a73d-c04a00aa5181'),('9f3a6134-9d98-11e5-a73d-c04a00aa5181','INSERT','9f39ac1c-9d98-11e5-a73d-c04a00aa5181'),('9f3a6134-9d98-11e5-a73d-c04a00aa5181','UPDATE_SELF','9f39ac1c-9d98-11e5-a73d-c04a00aa5181'),('9f3a6134-9d98-11e5-a73d-c04a00aa5181','READ','9f39ac1c-9d98-11e5-a73d-c04a00aa5181'),('9f3a6134-9d98-11e5-a73d-c04a00aa5181','INSERT','9f39ac0b-9d98-11e5-a73d-c04a00aa5181'),('9f3a6134-9d98-11e5-a73d-c04a00aa5181','UPDATE_SELF','9f39ac0b-9d98-11e5-a73d-c04a00aa5181'),('9f3a6134-9d98-11e5-a73d-c04a00aa5181','READ','9f39ac0b-9d98-11e5-a73d-c04a00aa5181'),('9f3a6134-9d98-11e5-a73d-c04a00aa5181','INSERT','9f39ab46-9d98-11e5-a73d-c04a00aa5181'),('9f3a6134-9d98-11e5-a73d-c04a00aa5181','UPDATE_SELF','9f39ab46-9d98-11e5-a73d-c04a00aa5181'),('9f3a6134-9d98-11e5-a73d-c04a00aa5181','READ','9f39ab46-9d98-11e5-a73d-c04a00aa5181'),('9f3a6134-9d98-11e5-a73d-c04a00aa5181','INSERT','9f39abd3-9d98-11e5-a73d-c04a00aa5181'),('9f3a6134-9d98-11e5-a73d-c04a00aa5181','UPDATE_SELF','9f39abd3-9d98-11e5-a73d-c04a00aa5181'),('9f3a6134-9d98-11e5-a73d-c04a00aa5181','READ','9f39abd3-9d98-11e5-a73d-c04a00aa5181'),('9f3a6134-9d98-11e5-a73d-c04a00aa5181','INSERT','9f39ac5c-9d98-11e5-a73d-c04a00aa5181'),('9f3a6134-9d98-11e5-a73d-c04a00aa5181','UPDATE_SELF','9f39ac5c-9d98-11e5-a73d-c04a00aa5181'),('9f3a6134-9d98-11e5-a73d-c04a00aa5181','READ','9f39ac5c-9d98-11e5-a73d-c04a00aa5181'),('9f3a6134-9d98-11e5-a73d-c04a00aa5181','INSERT','9f39aacf-9d98-11e5-a73d-c04a00aa5181'),('9f3a6134-9d98-11e5-a73d-c04a00aa5181','UPDATE_SELF','9f39aacf-9d98-11e5-a73d-c04a00aa5181'),('9f3a6134-9d98-11e5-a73d-c04a00aa5181','READ','9f39aacf-9d98-11e5-a73d-c04a00aa5181'),('9f3a6134-9d98-11e5-a73d-c04a00aa5181','INSERT','9f39abe5-9d98-11e5-a73d-c04a00aa5181'),('9f3a6134-9d98-11e5-a73d-c04a00aa5181','UPDATE_SELF','9f39abe5-9d98-11e5-a73d-c04a00aa5181'),('9f3a6134-9d98-11e5-a73d-c04a00aa5181','READ','9f39abe5-9d98-11e5-a73d-c04a00aa5181'),('9f3a613d-9d98-11e5-a73d-c04a00aa5181','INSERT','9f39ab9c-9d98-11e5-a73d-c04a00aa5181'),('9f3a613d-9d98-11e5-a73d-c04a00aa5181','UPDATE_SELF','9f39ab9c-9d98-11e5-a73d-c04a00aa5181'),('9f3a613d-9d98-11e5-a73d-c04a00aa5181','READ','9f39ab9c-9d98-11e5-a73d-c04a00aa5181'),('9f3a613d-9d98-11e5-a73d-c04a00aa5181','INSERT','9f39ac47-9d98-11e5-a73d-c04a00aa5181'),('9f3a613d-9d98-11e5-a73d-c04a00aa5181','UPDATE_SELF','9f39ac47-9d98-11e5-a73d-c04a00aa5181'),('9f3a613d-9d98-11e5-a73d-c04a00aa5181','READ','9f39ac47-9d98-11e5-a73d-c04a00aa5181'),('9f3a613d-9d98-11e5-a73d-c04a00aa5181','INSERT','9f39ab86-9d98-11e5-a73d-c04a00aa5181'),('9f3a613d-9d98-11e5-a73d-c04a00aa5181','UPDATE_SELF','9f39ab86-9d98-11e5-a73d-c04a00aa5181'),('9f3a613d-9d98-11e5-a73d-c04a00aa5181','READ','9f39ab86-9d98-11e5-a73d-c04a00aa5181'),('9f3a613d-9d98-11e5-a73d-c04a00aa5181','INSERT','9f39ac5c-9d98-11e5-a73d-c04a00aa5181'),('9f3a613d-9d98-11e5-a73d-c04a00aa5181','UPDATE_SELF','9f39ac5c-9d98-11e5-a73d-c04a00aa5181'),('9f3a613d-9d98-11e5-a73d-c04a00aa5181','READ','9f39ac5c-9d98-11e5-a73d-c04a00aa5181'),('9f3a613d-9d98-11e5-a73d-c04a00aa5181','INSERT','9f39ab06-9d98-11e5-a73d-c04a00aa5181'),('9f3a613d-9d98-11e5-a73d-c04a00aa5181','UPDATE_SELF','9f39ab06-9d98-11e5-a73d-c04a00aa5181'),('9f3a613d-9d98-11e5-a73d-c04a00aa5181','READ','9f39ab06-9d98-11e5-a73d-c04a00aa5181'),('9f3a613d-9d98-11e5-a73d-c04a00aa5181','INSERT','9f39aacf-9d98-11e5-a73d-c04a00aa5181'),('9f3a613d-9d98-11e5-a73d-c04a00aa5181','UPDATE_SELF','9f39aacf-9d98-11e5-a73d-c04a00aa5181'),('9f3a613d-9d98-11e5-a73d-c04a00aa5181','READ','9f39aacf-9d98-11e5-a73d-c04a00aa5181'),('9f3a613d-9d98-11e5-a73d-c04a00aa5181','INSERT','9f39ab46-9d98-11e5-a73d-c04a00aa5181'),('9f3a613d-9d98-11e5-a73d-c04a00aa5181','UPDATE_SELF','9f39ab46-9d98-11e5-a73d-c04a00aa5181'),('9f3a613d-9d98-11e5-a73d-c04a00aa5181','READ','9f39ab46-9d98-11e5-a73d-c04a00aa5181'),('9f3a613d-9d98-11e5-a73d-c04a00aa5181','INSERT','9f39abe5-9d98-11e5-a73d-c04a00aa5181'),('9f3a613d-9d98-11e5-a73d-c04a00aa5181','UPDATE_SELF','9f39abe5-9d98-11e5-a73d-c04a00aa5181'),('9f3a613d-9d98-11e5-a73d-c04a00aa5181','READ','9f39abe5-9d98-11e5-a73d-c04a00aa5181'),('9f3a613d-9d98-11e5-a73d-c04a00aa5181','INSERT','9f39ac0b-9d98-11e5-a73d-c04a00aa5181'),('9f3a613d-9d98-11e5-a73d-c04a00aa5181','UPDATE_SELF','9f39ac0b-9d98-11e5-a73d-c04a00aa5181'),('9f3a613d-9d98-11e5-a73d-c04a00aa5181','READ','9f39ac0b-9d98-11e5-a73d-c04a00aa5181'),('9f3a613d-9d98-11e5-a73d-c04a00aa5181','INSERT','9f39ac1c-9d98-11e5-a73d-c04a00aa5181'),('9f3a613d-9d98-11e5-a73d-c04a00aa5181','UPDATE_SELF','9f39ac1c-9d98-11e5-a73d-c04a00aa5181'),('9f3a613d-9d98-11e5-a73d-c04a00aa5181','READ','9f39ac1c-9d98-11e5-a73d-c04a00aa5181'),('9f3a613d-9d98-11e5-a73d-c04a00aa5181','INSERT','9f39abd3-9d98-11e5-a73d-c04a00aa5181'),('9f3a613d-9d98-11e5-a73d-c04a00aa5181','UPDATE_SELF','9f39abd3-9d98-11e5-a73d-c04a00aa5181'),('9f3a613d-9d98-11e5-a73d-c04a00aa5181','READ','9f39abd3-9d98-11e5-a73d-c04a00aa5181'),('9f3a613d-9d98-11e5-a73d-c04a00aa5181','INSERT','9f39abfa-9d98-11e5-a73d-c04a00aa5181'),('9f3a613d-9d98-11e5-a73d-c04a00aa5181','UPDATE_SELF','9f39abfa-9d98-11e5-a73d-c04a00aa5181'),('9f3a613d-9d98-11e5-a73d-c04a00aa5181','READ','9f39abfa-9d98-11e5-a73d-c04a00aa5181'),('9f3a6145-9d98-11e5-a73d-c04a00aa5181','INSERT','9f39ab06-9d98-11e5-a73d-c04a00aa5181'),('9f3a6145-9d98-11e5-a73d-c04a00aa5181','UPDATE_SELF','9f39ab06-9d98-11e5-a73d-c04a00aa5181'),('9f3a6145-9d98-11e5-a73d-c04a00aa5181','READ','9f39ab06-9d98-11e5-a73d-c04a00aa5181'),('9f3a6145-9d98-11e5-a73d-c04a00aa5181','INSERT','9f39ac47-9d98-11e5-a73d-c04a00aa5181'),('9f3a6145-9d98-11e5-a73d-c04a00aa5181','UPDATE_SELF','9f39ac47-9d98-11e5-a73d-c04a00aa5181'),('9f3a6145-9d98-11e5-a73d-c04a00aa5181','READ','9f39ac47-9d98-11e5-a73d-c04a00aa5181'),('9f3a6145-9d98-11e5-a73d-c04a00aa5181','INSERT','9f39ac1c-9d98-11e5-a73d-c04a00aa5181'),('9f3a6145-9d98-11e5-a73d-c04a00aa5181','UPDATE_SELF','9f39ac1c-9d98-11e5-a73d-c04a00aa5181'),('9f3a6145-9d98-11e5-a73d-c04a00aa5181','READ','9f39ac1c-9d98-11e5-a73d-c04a00aa5181'),('9f3a6145-9d98-11e5-a73d-c04a00aa5181','INSERT','9f39ab9c-9d98-11e5-a73d-c04a00aa5181'),('9f3a6145-9d98-11e5-a73d-c04a00aa5181','UPDATE_SELF','9f39ab9c-9d98-11e5-a73d-c04a00aa5181'),('9f3a6145-9d98-11e5-a73d-c04a00aa5181','READ','9f39ab9c-9d98-11e5-a73d-c04a00aa5181'),('9f3a6145-9d98-11e5-a73d-c04a00aa5181','INSERT','9f39abfa-9d98-11e5-a73d-c04a00aa5181'),('9f3a6145-9d98-11e5-a73d-c04a00aa5181','UPDATE_SELF','9f39abfa-9d98-11e5-a73d-c04a00aa5181'),('9f3a6145-9d98-11e5-a73d-c04a00aa5181','READ','9f39abfa-9d98-11e5-a73d-c04a00aa5181'),('9f3a6145-9d98-11e5-a73d-c04a00aa5181','INSERT','9f39ab86-9d98-11e5-a73d-c04a00aa5181'),('9f3a6145-9d98-11e5-a73d-c04a00aa5181','UPDATE_SELF','9f39ab86-9d98-11e5-a73d-c04a00aa5181'),('9f3a6145-9d98-11e5-a73d-c04a00aa5181','READ','9f39ab86-9d98-11e5-a73d-c04a00aa5181'),('9f3a6145-9d98-11e5-a73d-c04a00aa5181','INSERT','9f39ac5c-9d98-11e5-a73d-c04a00aa5181'),('9f3a6145-9d98-11e5-a73d-c04a00aa5181','UPDATE_SELF','9f39ac5c-9d98-11e5-a73d-c04a00aa5181'),('9f3a6145-9d98-11e5-a73d-c04a00aa5181','READ','9f39ac5c-9d98-11e5-a73d-c04a00aa5181'),('9f3a6145-9d98-11e5-a73d-c04a00aa5181','INSERT','9f39ab2d-9d98-11e5-a73d-c04a00aa5181'),('9f3a6145-9d98-11e5-a73d-c04a00aa5181','UPDATE_SELF','9f39ab2d-9d98-11e5-a73d-c04a00aa5181'),('9f3a6145-9d98-11e5-a73d-c04a00aa5181','READ','9f39ab2d-9d98-11e5-a73d-c04a00aa5181'),('9f3a6145-9d98-11e5-a73d-c04a00aa5181','INSERT','9f39ac0b-9d98-11e5-a73d-c04a00aa5181'),('9f3a6145-9d98-11e5-a73d-c04a00aa5181','UPDATE_SELF','9f39ac0b-9d98-11e5-a73d-c04a00aa5181'),('9f3a6145-9d98-11e5-a73d-c04a00aa5181','READ','9f39ac0b-9d98-11e5-a73d-c04a00aa5181'),('9f3a6145-9d98-11e5-a73d-c04a00aa5181','INSERT','9f39abe5-9d98-11e5-a73d-c04a00aa5181'),('9f3a6145-9d98-11e5-a73d-c04a00aa5181','UPDATE_SELF','9f39abe5-9d98-11e5-a73d-c04a00aa5181'),('9f3a6145-9d98-11e5-a73d-c04a00aa5181','READ','9f39abe5-9d98-11e5-a73d-c04a00aa5181'),('9f3a6145-9d98-11e5-a73d-c04a00aa5181','INSERT','9f39abd3-9d98-11e5-a73d-c04a00aa5181'),('9f3a6145-9d98-11e5-a73d-c04a00aa5181','UPDATE_SELF','9f39abd3-9d98-11e5-a73d-c04a00aa5181'),('9f3a6145-9d98-11e5-a73d-c04a00aa5181','READ','9f39abd3-9d98-11e5-a73d-c04a00aa5181'),('9f3a614e-9d98-11e5-a73d-c04a00aa5181','INSERT','9f39ac0b-9d98-11e5-a73d-c04a00aa5181'),('9f3a614e-9d98-11e5-a73d-c04a00aa5181','UPDATE_SELF','9f39ac0b-9d98-11e5-a73d-c04a00aa5181'),('9f3a614e-9d98-11e5-a73d-c04a00aa5181','READ','9f39ac0b-9d98-11e5-a73d-c04a00aa5181'),('9f3a614e-9d98-11e5-a73d-c04a00aa5181','INSERT','9f39ab9c-9d98-11e5-a73d-c04a00aa5181'),('9f3a614e-9d98-11e5-a73d-c04a00aa5181','UPDATE_SELF','9f39ab9c-9d98-11e5-a73d-c04a00aa5181'),('9f3a614e-9d98-11e5-a73d-c04a00aa5181','READ','9f39ab9c-9d98-11e5-a73d-c04a00aa5181'),('9f3a614e-9d98-11e5-a73d-c04a00aa5181','INSERT','9f39ab86-9d98-11e5-a73d-c04a00aa5181'),('9f3a614e-9d98-11e5-a73d-c04a00aa5181','UPDATE_SELF','9f39ab86-9d98-11e5-a73d-c04a00aa5181'),('9f3a614e-9d98-11e5-a73d-c04a00aa5181','READ','9f39ab86-9d98-11e5-a73d-c04a00aa5181'),('9f3a614e-9d98-11e5-a73d-c04a00aa5181','INSERT','9f39ac47-9d98-11e5-a73d-c04a00aa5181'),('9f3a614e-9d98-11e5-a73d-c04a00aa5181','UPDATE_SELF','9f39ac47-9d98-11e5-a73d-c04a00aa5181'),('9f3a614e-9d98-11e5-a73d-c04a00aa5181','READ','9f39ac47-9d98-11e5-a73d-c04a00aa5181'),('9f3a614e-9d98-11e5-a73d-c04a00aa5181','INSERT','9f39ac1c-9d98-11e5-a73d-c04a00aa5181'),('9f3a614e-9d98-11e5-a73d-c04a00aa5181','UPDATE_SELF','9f39ac1c-9d98-11e5-a73d-c04a00aa5181'),('9f3a614e-9d98-11e5-a73d-c04a00aa5181','READ','9f39ac1c-9d98-11e5-a73d-c04a00aa5181'),('9f3a614e-9d98-11e5-a73d-c04a00aa5181','INSERT','9f39ac5c-9d98-11e5-a73d-c04a00aa5181'),('9f3a614e-9d98-11e5-a73d-c04a00aa5181','UPDATE_SELF','9f39ac5c-9d98-11e5-a73d-c04a00aa5181'),('9f3a614e-9d98-11e5-a73d-c04a00aa5181','READ','9f39ac5c-9d98-11e5-a73d-c04a00aa5181'),('9f3a614e-9d98-11e5-a73d-c04a00aa5181','INSERT','9f39abfa-9d98-11e5-a73d-c04a00aa5181'),('9f3a614e-9d98-11e5-a73d-c04a00aa5181','UPDATE_SELF','9f39abfa-9d98-11e5-a73d-c04a00aa5181'),('9f3a614e-9d98-11e5-a73d-c04a00aa5181','READ','9f39abfa-9d98-11e5-a73d-c04a00aa5181'),('9f3a614e-9d98-11e5-a73d-c04a00aa5181','INSERT','9f39ab2d-9d98-11e5-a73d-c04a00aa5181'),('9f3a614e-9d98-11e5-a73d-c04a00aa5181','UPDATE_SELF','9f39ab2d-9d98-11e5-a73d-c04a00aa5181'),('9f3a614e-9d98-11e5-a73d-c04a00aa5181','READ','9f39ab2d-9d98-11e5-a73d-c04a00aa5181'),('9f3a614e-9d98-11e5-a73d-c04a00aa5181','INSERT','9f39ab06-9d98-11e5-a73d-c04a00aa5181'),('9f3a614e-9d98-11e5-a73d-c04a00aa5181','UPDATE_SELF','9f39ab06-9d98-11e5-a73d-c04a00aa5181'),('9f3a614e-9d98-11e5-a73d-c04a00aa5181','READ','9f39ab06-9d98-11e5-a73d-c04a00aa5181'),('9f3a614e-9d98-11e5-a73d-c04a00aa5181','INSERT','9f39abd3-9d98-11e5-a73d-c04a00aa5181'),('9f3a614e-9d98-11e5-a73d-c04a00aa5181','UPDATE_SELF','9f39abd3-9d98-11e5-a73d-c04a00aa5181'),('9f3a614e-9d98-11e5-a73d-c04a00aa5181','READ','9f39abd3-9d98-11e5-a73d-c04a00aa5181'),('9f3a614e-9d98-11e5-a73d-c04a00aa5181','INSERT','9f39abe5-9d98-11e5-a73d-c04a00aa5181'),('9f3a614e-9d98-11e5-a73d-c04a00aa5181','UPDATE_SELF','9f39abe5-9d98-11e5-a73d-c04a00aa5181'),('9f3a614e-9d98-11e5-a73d-c04a00aa5181','READ','9f39abe5-9d98-11e5-a73d-c04a00aa5181'),('9f3a610e-9d98-11e5-a73d-c04a00aa5181','INSERT','9f39aacf-9d98-11e5-a73d-c04a00aa5181'),('9f3a610e-9d98-11e5-a73d-c04a00aa5181','UPDATE_SELF','9f39aacf-9d98-11e5-a73d-c04a00aa5181'),('9f3a610e-9d98-11e5-a73d-c04a00aa5181','READ','9f39aacf-9d98-11e5-a73d-c04a00aa5181'),('9f3a610e-9d98-11e5-a73d-c04a00aa5181','INSERT','9f39ac0b-9d98-11e5-a73d-c04a00aa5181'),('9f3a610e-9d98-11e5-a73d-c04a00aa5181','UPDATE_SELF','9f39ac0b-9d98-11e5-a73d-c04a00aa5181'),('9f3a610e-9d98-11e5-a73d-c04a00aa5181','READ','9f39ac0b-9d98-11e5-a73d-c04a00aa5181'),('9f3a610e-9d98-11e5-a73d-c04a00aa5181','INSERT','9f39abfa-9d98-11e5-a73d-c04a00aa5181'),('9f3a610e-9d98-11e5-a73d-c04a00aa5181','UPDATE_SELF','9f39abfa-9d98-11e5-a73d-c04a00aa5181'),('9f3a610e-9d98-11e5-a73d-c04a00aa5181','READ','9f39abfa-9d98-11e5-a73d-c04a00aa5181'),('9f3a610e-9d98-11e5-a73d-c04a00aa5181','INSERT','9f39abe5-9d98-11e5-a73d-c04a00aa5181'),('9f3a610e-9d98-11e5-a73d-c04a00aa5181','UPDATE_SELF','9f39abe5-9d98-11e5-a73d-c04a00aa5181'),('9f3a610e-9d98-11e5-a73d-c04a00aa5181','READ','9f39abe5-9d98-11e5-a73d-c04a00aa5181'),('9f3a610e-9d98-11e5-a73d-c04a00aa5181','INSERT','9f39abd3-9d98-11e5-a73d-c04a00aa5181'),('9f3a610e-9d98-11e5-a73d-c04a00aa5181','UPDATE_SELF','9f39abd3-9d98-11e5-a73d-c04a00aa5181'),('9f3a610e-9d98-11e5-a73d-c04a00aa5181','READ','9f39abd3-9d98-11e5-a73d-c04a00aa5181'),('9f3a610e-9d98-11e5-a73d-c04a00aa5181','INSERT','9f39abbe-9d98-11e5-a73d-c04a00aa5181'),('9f3a610e-9d98-11e5-a73d-c04a00aa5181','UPDATE_SELF','9f39abbe-9d98-11e5-a73d-c04a00aa5181'),('9f3a610e-9d98-11e5-a73d-c04a00aa5181','READ','9f39abbe-9d98-11e5-a73d-c04a00aa5181'),('9f3a610e-9d98-11e5-a73d-c04a00aa5181','INSERT','9f39ab86-9d98-11e5-a73d-c04a00aa5181'),('9f3a610e-9d98-11e5-a73d-c04a00aa5181','UPDATE_SELF','9f39ab86-9d98-11e5-a73d-c04a00aa5181'),('9f3a610e-9d98-11e5-a73d-c04a00aa5181','READ','9f39ab86-9d98-11e5-a73d-c04a00aa5181'),('9f3a610e-9d98-11e5-a73d-c04a00aa5181','INSERT','9f39ab2d-9d98-11e5-a73d-c04a00aa5181'),('9f3a610e-9d98-11e5-a73d-c04a00aa5181','UPDATE_SELF','9f39ab2d-9d98-11e5-a73d-c04a00aa5181'),('9f3a610e-9d98-11e5-a73d-c04a00aa5181','READ','9f39ab2d-9d98-11e5-a73d-c04a00aa5181'),('9f3a610e-9d98-11e5-a73d-c04a00aa5181','INSERT','9f39ab06-9d98-11e5-a73d-c04a00aa5181'),('9f3a610e-9d98-11e5-a73d-c04a00aa5181','UPDATE_SELF','9f39ab06-9d98-11e5-a73d-c04a00aa5181'),('9f3a610e-9d98-11e5-a73d-c04a00aa5181','READ','9f39ab06-9d98-11e5-a73d-c04a00aa5181'),('9f3a610e-9d98-11e5-a73d-c04a00aa5181','INSERT','9f39ac1c-9d98-11e5-a73d-c04a00aa5181'),('9f3a610e-9d98-11e5-a73d-c04a00aa5181','UPDATE_SELF','9f39ac1c-9d98-11e5-a73d-c04a00aa5181'),('9f3a610e-9d98-11e5-a73d-c04a00aa5181','READ','9f39ac1c-9d98-11e5-a73d-c04a00aa5181'),('9f3a610e-9d98-11e5-a73d-c04a00aa5181','INSERT','9f39ac5c-9d98-11e5-a73d-c04a00aa5181'),('9f3a610e-9d98-11e5-a73d-c04a00aa5181','UPDATE_SELF','9f39ac5c-9d98-11e5-a73d-c04a00aa5181'),('9f3a610e-9d98-11e5-a73d-c04a00aa5181','READ','9f39ac5c-9d98-11e5-a73d-c04a00aa5181');
INSERT INTO `roles` VALUES ('9f3b8537-9d98-11e5-a73d-c04a00aa5181','9f3a610e-9d98-11e5-a73d-c04a00aa5181','9f39aacf-9d98-11e5-a73d-c04a00aa5181','FOREMAN'),('9f3b857c-9d98-11e5-a73d-c04a00aa5181','9f442e0b-9d98-11e5-a73d-c04a00aa5181','9f39aacf-9d98-11e5-a73d-c04a00aa5181','EMPLOYEE'),('9f3b859a-9d98-11e5-a73d-c04a00aa5181','9f3a60e7-9d98-11e5-a73d-c04a00aa5181','9f39aacf-9d98-11e5-a73d-c04a00aa5181','FOREMAN'),('9f3b85af-9d98-11e5-a73d-c04a00aa5181','9f442de9-9d98-11e5-a73d-c04a00aa5181','9f39aacf-9d98-11e5-a73d-c04a00aa5181','EMPLOYEE'),('9f3b85e2-9d98-11e5-a73d-c04a00aa5181','9f3a613d-9d98-11e5-a73d-c04a00aa5181','9f39aacf-9d98-11e5-a73d-c04a00aa5181','FOREMAN'),('9f3b85f3-9d98-11e5-a73d-c04a00aa5181','9f3a6134-9d98-11e5-a73d-c04a00aa5181','9f39aacf-9d98-11e5-a73d-c04a00aa5181','FOREMAN'),('9f3b85fc-9d98-11e5-a73d-c04a00aa5181','9f3a610e-9d98-11e5-a73d-c04a00aa5181','9f39ab06-9d98-11e5-a73d-c04a00aa5181','FOREMAN'),('9f3b8605-9d98-11e5-a73d-c04a00aa5181','9f3a614e-9d98-11e5-a73d-c04a00aa5181','9f39ab06-9d98-11e5-a73d-c04a00aa5181','FOREMAN'),('9f3b860d-9d98-11e5-a73d-c04a00aa5181','9f3a611b-9d98-11e5-a73d-c04a00aa5181','9f39ab06-9d98-11e5-a73d-c04a00aa5181','FOREMAN'),('9f3b861a-9d98-11e5-a73d-c04a00aa5181','9f442e0b-9d98-11e5-a73d-c04a00aa5181','9f39ab06-9d98-11e5-a73d-c04a00aa5181','EMPLOYEE'),('9f3b8623-9d98-11e5-a73d-c04a00aa5181','9f3a60e7-9d98-11e5-a73d-c04a00aa5181','9f39ab06-9d98-11e5-a73d-c04a00aa5181','FOREMAN'),('9f3b862b-9d98-11e5-a73d-c04a00aa5181','9f3a6145-9d98-11e5-a73d-c04a00aa5181','9f39ab06-9d98-11e5-a73d-c04a00aa5181','FOREMAN'),('9f3b8634-9d98-11e5-a73d-c04a00aa5181','9f3a613d-9d98-11e5-a73d-c04a00aa5181','9f39ab06-9d98-11e5-a73d-c04a00aa5181','FOREMAN'),('9f3b865e-9d98-11e5-a73d-c04a00aa5181','9f442de9-9d98-11e5-a73d-c04a00aa5181','9f39ab06-9d98-11e5-a73d-c04a00aa5181','EMPLOYEE'),('9f3b8667-9d98-11e5-a73d-c04a00aa5181','9f3a6127-9d98-11e5-a73d-c04a00aa5181','9f39ab06-9d98-11e5-a73d-c04a00aa5181','FOREMAN'),('9f3b8674-9d98-11e5-a73d-c04a00aa5181','9f442de9-9d98-11e5-a73d-c04a00aa5181','9f39ab2d-9d98-11e5-a73d-c04a00aa5181','EMPLOYEE'),('9f3b867c-9d98-11e5-a73d-c04a00aa5181','9f3a610e-9d98-11e5-a73d-c04a00aa5181','9f39ab2d-9d98-11e5-a73d-c04a00aa5181','FOREMAN'),('9f3b8685-9d98-11e5-a73d-c04a00aa5181','9f3a60e7-9d98-11e5-a73d-c04a00aa5181','9f39ab2d-9d98-11e5-a73d-c04a00aa5181','FOREMAN'),('9f3b868d-9d98-11e5-a73d-c04a00aa5181','9f3a6145-9d98-11e5-a73d-c04a00aa5181','9f39ab2d-9d98-11e5-a73d-c04a00aa5181','FOREMAN'),('9f3b8696-9d98-11e5-a73d-c04a00aa5181','9f3a6134-9d98-11e5-a73d-c04a00aa5181','9f39ab2d-9d98-11e5-a73d-c04a00aa5181','FOREMAN'),('9f3b86a3-9d98-11e5-a73d-c04a00aa5181','9f3a614e-9d98-11e5-a73d-c04a00aa5181','9f39ab2d-9d98-11e5-a73d-c04a00aa5181','FOREMAN'),('9f3b86ab-9d98-11e5-a73d-c04a00aa5181','9f3a6127-9d98-11e5-a73d-c04a00aa5181','9f39ab2d-9d98-11e5-a73d-c04a00aa5181','FOREMAN'),('9f3b86d6-9d98-11e5-a73d-c04a00aa5181','9f442e0b-9d98-11e5-a73d-c04a00aa5181','9f39ab2d-9d98-11e5-a73d-c04a00aa5181','EMPLOYEE'),('9f3b86df-9d98-11e5-a73d-c04a00aa5181','9f3a611b-9d98-11e5-a73d-c04a00aa5181','9f39ab2d-9d98-11e5-a73d-c04a00aa5181','FOREMAN'),('9f3b86e7-9d98-11e5-a73d-c04a00aa5181','9f3a6127-9d98-11e5-a73d-c04a00aa5181','9f39ab46-9d98-11e5-a73d-c04a00aa5181','FOREMAN'),('9f3b86f0-9d98-11e5-a73d-c04a00aa5181','9f442e0b-9d98-11e5-a73d-c04a00aa5181','9f39ab46-9d98-11e5-a73d-c04a00aa5181','EMPLOYEE'),('9f3b86f8-9d98-11e5-a73d-c04a00aa5181','9f3a6134-9d98-11e5-a73d-c04a00aa5181','9f39ab46-9d98-11e5-a73d-c04a00aa5181','FOREMAN'),('9f3b8701-9d98-11e5-a73d-c04a00aa5181','9f3a613d-9d98-11e5-a73d-c04a00aa5181','9f39ab46-9d98-11e5-a73d-c04a00aa5181','FOREMAN'),('9f3b8709-9d98-11e5-a73d-c04a00aa5181','9f442de9-9d98-11e5-a73d-c04a00aa5181','9f39ab46-9d98-11e5-a73d-c04a00aa5181','EMPLOYEE'),('9f3b8712-9d98-11e5-a73d-c04a00aa5181','9f3a6127-9d98-11e5-a73d-c04a00aa5181','9f39ab86-9d98-11e5-a73d-c04a00aa5181','FOREMAN'),('9f3b871b-9d98-11e5-a73d-c04a00aa5181','9f3a60e7-9d98-11e5-a73d-c04a00aa5181','9f39ab86-9d98-11e5-a73d-c04a00aa5181','FOREMAN'),('9f3b8741-9d98-11e5-a73d-c04a00aa5181','9f3a614e-9d98-11e5-a73d-c04a00aa5181','9f39ab86-9d98-11e5-a73d-c04a00aa5181','FOREMAN'),('9f3b874e-9d98-11e5-a73d-c04a00aa5181','9f3a610e-9d98-11e5-a73d-c04a00aa5181','9f39ab86-9d98-11e5-a73d-c04a00aa5181','FOREMAN'),('9f3b8756-9d98-11e5-a73d-c04a00aa5181','9f3a6145-9d98-11e5-a73d-c04a00aa5181','9f39ab86-9d98-11e5-a73d-c04a00aa5181','FOREMAN'),('9f3b875f-9d98-11e5-a73d-c04a00aa5181','9f3a6134-9d98-11e5-a73d-c04a00aa5181','9f39ab86-9d98-11e5-a73d-c04a00aa5181','FOREMAN'),('9f3b8768-9d98-11e5-a73d-c04a00aa5181','9f3a613d-9d98-11e5-a73d-c04a00aa5181','9f39ab86-9d98-11e5-a73d-c04a00aa5181','FOREMAN'),('9f3b8770-9d98-11e5-a73d-c04a00aa5181','9f3a611b-9d98-11e5-a73d-c04a00aa5181','9f39ab86-9d98-11e5-a73d-c04a00aa5181','FOREMAN'),('9f3b8779-9d98-11e5-a73d-c04a00aa5181','9f442de9-9d98-11e5-a73d-c04a00aa5181','9f39ab86-9d98-11e5-a73d-c04a00aa5181','EMPLOYEE'),('9f3b8781-9d98-11e5-a73d-c04a00aa5181','9f442e0b-9d98-11e5-a73d-c04a00aa5181','9f39ab86-9d98-11e5-a73d-c04a00aa5181','EMPLOYEE'),('9f3b878a-9d98-11e5-a73d-c04a00aa5181','9f3a60e7-9d98-11e5-a73d-c04a00aa5181','9f39ab9c-9d98-11e5-a73d-c04a00aa5181','FOREMAN'),('9f3b87b4-9d98-11e5-a73d-c04a00aa5181','9f3a6145-9d98-11e5-a73d-c04a00aa5181','9f39ab9c-9d98-11e5-a73d-c04a00aa5181','FOREMAN'),('9f3b87c1-9d98-11e5-a73d-c04a00aa5181','9f3a6127-9d98-11e5-a73d-c04a00aa5181','9f39ab9c-9d98-11e5-a73d-c04a00aa5181','FOREMAN'),('9f3b87ca-9d98-11e5-a73d-c04a00aa5181','9f3a611b-9d98-11e5-a73d-c04a00aa5181','9f39ab9c-9d98-11e5-a73d-c04a00aa5181','FOREMAN'),('9f3b87d2-9d98-11e5-a73d-c04a00aa5181','9f3a613d-9d98-11e5-a73d-c04a00aa5181','9f39ab9c-9d98-11e5-a73d-c04a00aa5181','FOREMAN'),('9f3b87df-9d98-11e5-a73d-c04a00aa5181','9f3a614e-9d98-11e5-a73d-c04a00aa5181','9f39ab9c-9d98-11e5-a73d-c04a00aa5181','FOREMAN'),('9f3b87e8-9d98-11e5-a73d-c04a00aa5181','9f442e0b-9d98-11e5-a73d-c04a00aa5181','9f39ab9c-9d98-11e5-a73d-c04a00aa5181','EMPLOYEE'),('9f3b87f5-9d98-11e5-a73d-c04a00aa5181','9f3a6127-9d98-11e5-a73d-c04a00aa5181','9f39abad-9d98-11e5-a73d-c04a00aa5181','FOREMAN'),('9f3b87fd-9d98-11e5-a73d-c04a00aa5181','9f3a60e7-9d98-11e5-a73d-c04a00aa5181','9f39abad-9d98-11e5-a73d-c04a00aa5181','FOREMAN'),('9f3b8806-9d98-11e5-a73d-c04a00aa5181','9f442e0b-9d98-11e5-a73d-c04a00aa5181','9f39abad-9d98-11e5-a73d-c04a00aa5181','EMPLOYEE'),('9f3b882c-9d98-11e5-a73d-c04a00aa5181','9f442de9-9d98-11e5-a73d-c04a00aa5181','9f39abad-9d98-11e5-a73d-c04a00aa5181','EMPLOYEE'),('9f3b8839-9d98-11e5-a73d-c04a00aa5181','9f3a6134-9d98-11e5-a73d-c04a00aa5181','9f39abad-9d98-11e5-a73d-c04a00aa5181','FOREMAN'),('9f3b8842-9d98-11e5-a73d-c04a00aa5181','9f3a611b-9d98-11e5-a73d-c04a00aa5181','9f39abad-9d98-11e5-a73d-c04a00aa5181','FOREMAN'),('9f3b884a-9d98-11e5-a73d-c04a00aa5181','9f3a611b-9d98-11e5-a73d-c04a00aa5181','9f39abbe-9d98-11e5-a73d-c04a00aa5181','FOREMAN'),('9f3b8853-9d98-11e5-a73d-c04a00aa5181','9f3a610e-9d98-11e5-a73d-c04a00aa5181','9f39abbe-9d98-11e5-a73d-c04a00aa5181','FOREMAN'),('9f3b885b-9d98-11e5-a73d-c04a00aa5181','9f3a6127-9d98-11e5-a73d-c04a00aa5181','9f39abbe-9d98-11e5-a73d-c04a00aa5181','FOREMAN'),('9f3b8864-9d98-11e5-a73d-c04a00aa5181','9f442e0b-9d98-11e5-a73d-c04a00aa5181','9f39abbe-9d98-11e5-a73d-c04a00aa5181','EMPLOYEE'),('9f3b886c-9d98-11e5-a73d-c04a00aa5181','9f3a6134-9d98-11e5-a73d-c04a00aa5181','9f39abd3-9d98-11e5-a73d-c04a00aa5181','FOREMAN'),('9f3b8875-9d98-11e5-a73d-c04a00aa5181','9f3a614e-9d98-11e5-a73d-c04a00aa5181','9f39abd3-9d98-11e5-a73d-c04a00aa5181','FOREMAN'),('9f3b88a0-9d98-11e5-a73d-c04a00aa5181','9f442de9-9d98-11e5-a73d-c04a00aa5181','9f39abd3-9d98-11e5-a73d-c04a00aa5181','EMPLOYEE'),('9f3b88a8-9d98-11e5-a73d-c04a00aa5181','9f3a611b-9d98-11e5-a73d-c04a00aa5181','9f39abd3-9d98-11e5-a73d-c04a00aa5181','FOREMAN'),('9f3b88b5-9d98-11e5-a73d-c04a00aa5181','9f3a610e-9d98-11e5-a73d-c04a00aa5181','9f39abd3-9d98-11e5-a73d-c04a00aa5181','FOREMAN'),('9f3b88be-9d98-11e5-a73d-c04a00aa5181','9f442e0b-9d98-11e5-a73d-c04a00aa5181','9f39abd3-9d98-11e5-a73d-c04a00aa5181','EMPLOYEE'),('9f3b88c6-9d98-11e5-a73d-c04a00aa5181','9f3a6145-9d98-11e5-a73d-c04a00aa5181','9f39abd3-9d98-11e5-a73d-c04a00aa5181','FOREMAN'),('9f3b88cf-9d98-11e5-a73d-c04a00aa5181','9f3a6127-9d98-11e5-a73d-c04a00aa5181','9f39abd3-9d98-11e5-a73d-c04a00aa5181','FOREMAN'),('9f3b88dc-9d98-11e5-a73d-c04a00aa5181','9f3a60e7-9d98-11e5-a73d-c04a00aa5181','9f39abd3-9d98-11e5-a73d-c04a00aa5181','FOREMAN'),('9f3b88e4-9d98-11e5-a73d-c04a00aa5181','9f3a613d-9d98-11e5-a73d-c04a00aa5181','9f39abd3-9d98-11e5-a73d-c04a00aa5181','FOREMAN'),('9f3b88ed-9d98-11e5-a73d-c04a00aa5181','9f3a6127-9d98-11e5-a73d-c04a00aa5181','9f39abe5-9d98-11e5-a73d-c04a00aa5181','FOREMAN'),('9f3b8917-9d98-11e5-a73d-c04a00aa5181','9f3a60e7-9d98-11e5-a73d-c04a00aa5181','9f39abe5-9d98-11e5-a73d-c04a00aa5181','FOREMAN'),('9f3b8924-9d98-11e5-a73d-c04a00aa5181','9f3a610e-9d98-11e5-a73d-c04a00aa5181','9f39abe5-9d98-11e5-a73d-c04a00aa5181','FOREMAN'),('9f3b892d-9d98-11e5-a73d-c04a00aa5181','9f442e0b-9d98-11e5-a73d-c04a00aa5181','9f39abe5-9d98-11e5-a73d-c04a00aa5181','EMPLOYEE'),('9f3b8935-9d98-11e5-a73d-c04a00aa5181','9f3a614e-9d98-11e5-a73d-c04a00aa5181','9f39abe5-9d98-11e5-a73d-c04a00aa5181','FOREMAN'),('9f3b893e-9d98-11e5-a73d-c04a00aa5181','9f3a611b-9d98-11e5-a73d-c04a00aa5181','9f39abe5-9d98-11e5-a73d-c04a00aa5181','FOREMAN'),('9f3b894b-9d98-11e5-a73d-c04a00aa5181','9f3a6134-9d98-11e5-a73d-c04a00aa5181','9f39abe5-9d98-11e5-a73d-c04a00aa5181','FOREMAN'),('9f3b8953-9d98-11e5-a73d-c04a00aa5181','9f3a613d-9d98-11e5-a73d-c04a00aa5181','9f39abe5-9d98-11e5-a73d-c04a00aa5181','FOREMAN'),('9f3b895c-9d98-11e5-a73d-c04a00aa5181','9f442de9-9d98-11e5-a73d-c04a00aa5181','9f39abe5-9d98-11e5-a73d-c04a00aa5181','EMPLOYEE'),('9f3b8964-9d98-11e5-a73d-c04a00aa5181','9f3a6145-9d98-11e5-a73d-c04a00aa5181','9f39abe5-9d98-11e5-a73d-c04a00aa5181','FOREMAN'),('9f3b898b-9d98-11e5-a73d-c04a00aa5181','9f3a6145-9d98-11e5-a73d-c04a00aa5181','9f39abfa-9d98-11e5-a73d-c04a00aa5181','FOREMAN'),('9f3b8998-9d98-11e5-a73d-c04a00aa5181','9f442de9-9d98-11e5-a73d-c04a00aa5181','9f39abfa-9d98-11e5-a73d-c04a00aa5181','EMPLOYEE'),('9f3b89a0-9d98-11e5-a73d-c04a00aa5181','9f442e0b-9d98-11e5-a73d-c04a00aa5181','9f39abfa-9d98-11e5-a73d-c04a00aa5181','EMPLOYEE'),('9f3b89a9-9d98-11e5-a73d-c04a00aa5181','9f3a60e7-9d98-11e5-a73d-c04a00aa5181','9f39abfa-9d98-11e5-a73d-c04a00aa5181','FOREMAN'),('9f3b89b1-9d98-11e5-a73d-c04a00aa5181','9f3a610e-9d98-11e5-a73d-c04a00aa5181','9f39abfa-9d98-11e5-a73d-c04a00aa5181','FOREMAN'),('9f3b89ba-9d98-11e5-a73d-c04a00aa5181','9f3a6134-9d98-11e5-a73d-c04a00aa5181','9f39abfa-9d98-11e5-a73d-c04a00aa5181','FOREMAN'),('9f3b89c2-9d98-11e5-a73d-c04a00aa5181','9f3a614e-9d98-11e5-a73d-c04a00aa5181','9f39abfa-9d98-11e5-a73d-c04a00aa5181','FOREMAN'),('9f3b8a0b-9d98-11e5-a73d-c04a00aa5181','9f3a611b-9d98-11e5-a73d-c04a00aa5181','9f39abfa-9d98-11e5-a73d-c04a00aa5181','FOREMAN'),('9f3b8a18-9d98-11e5-a73d-c04a00aa5181','9f3a613d-9d98-11e5-a73d-c04a00aa5181','9f39abfa-9d98-11e5-a73d-c04a00aa5181','FOREMAN'),('9f3b8a43-9d98-11e5-a73d-c04a00aa5181','9f3a6127-9d98-11e5-a73d-c04a00aa5181','9f39abfa-9d98-11e5-a73d-c04a00aa5181','FOREMAN'),('9f3b8a50-9d98-11e5-a73d-c04a00aa5181','9f3a6134-9d98-11e5-a73d-c04a00aa5181','9f39ac0b-9d98-11e5-a73d-c04a00aa5181','FOREMAN'),('9f3b8a58-9d98-11e5-a73d-c04a00aa5181','9f3a6127-9d98-11e5-a73d-c04a00aa5181','9f39ac0b-9d98-11e5-a73d-c04a00aa5181','FOREMAN'),('9f3b8a65-9d98-11e5-a73d-c04a00aa5181','9f3a610e-9d98-11e5-a73d-c04a00aa5181','9f39ac0b-9d98-11e5-a73d-c04a00aa5181','FOREMAN'),('9f3b8a6e-9d98-11e5-a73d-c04a00aa5181','9f442e0b-9d98-11e5-a73d-c04a00aa5181','9f39ac0b-9d98-11e5-a73d-c04a00aa5181','EMPLOYEE'),('9f3b8a76-9d98-11e5-a73d-c04a00aa5181','9f3a613d-9d98-11e5-a73d-c04a00aa5181','9f39ac0b-9d98-11e5-a73d-c04a00aa5181','FOREMAN'),('9f3b8a7f-9d98-11e5-a73d-c04a00aa5181','9f442de9-9d98-11e5-a73d-c04a00aa5181','9f39ac0b-9d98-11e5-a73d-c04a00aa5181','EMPLOYEE'),('9f3b8a87-9d98-11e5-a73d-c04a00aa5181','9f3a611b-9d98-11e5-a73d-c04a00aa5181','9f39ac0b-9d98-11e5-a73d-c04a00aa5181','FOREMAN'),('9f3b8a94-9d98-11e5-a73d-c04a00aa5181','9f3a60e7-9d98-11e5-a73d-c04a00aa5181','9f39ac0b-9d98-11e5-a73d-c04a00aa5181','FOREMAN'),('9f3b8abf-9d98-11e5-a73d-c04a00aa5181','9f3a6145-9d98-11e5-a73d-c04a00aa5181','9f39ac0b-9d98-11e5-a73d-c04a00aa5181','FOREMAN'),('9f3b8acc-9d98-11e5-a73d-c04a00aa5181','9f3a614e-9d98-11e5-a73d-c04a00aa5181','9f39ac0b-9d98-11e5-a73d-c04a00aa5181','FOREMAN'),('9f3b8ad4-9d98-11e5-a73d-c04a00aa5181','9f3a60e7-9d98-11e5-a73d-c04a00aa5181','9f39ac1c-9d98-11e5-a73d-c04a00aa5181','FOREMAN'),('9f3b8add-9d98-11e5-a73d-c04a00aa5181','9f3a6127-9d98-11e5-a73d-c04a00aa5181','9f39ac1c-9d98-11e5-a73d-c04a00aa5181','FOREMAN'),('9f3b8ae5-9d98-11e5-a73d-c04a00aa5181','9f442de9-9d98-11e5-a73d-c04a00aa5181','9f39ac1c-9d98-11e5-a73d-c04a00aa5181','EMPLOYEE'),('9f3b8af2-9d98-11e5-a73d-c04a00aa5181','9f3a613d-9d98-11e5-a73d-c04a00aa5181','9f39ac1c-9d98-11e5-a73d-c04a00aa5181','FOREMAN'),('9f3b8afb-9d98-11e5-a73d-c04a00aa5181','9f3a6134-9d98-11e5-a73d-c04a00aa5181','9f39ac1c-9d98-11e5-a73d-c04a00aa5181','FOREMAN'),('9f3b8b03-9d98-11e5-a73d-c04a00aa5181','9f3a614e-9d98-11e5-a73d-c04a00aa5181','9f39ac1c-9d98-11e5-a73d-c04a00aa5181','FOREMAN'),('9f3b8b0c-9d98-11e5-a73d-c04a00aa5181','9f442e0b-9d98-11e5-a73d-c04a00aa5181','9f39ac1c-9d98-11e5-a73d-c04a00aa5181','EMPLOYEE'),('9f3b8b37-9d98-11e5-a73d-c04a00aa5181','9f3a6145-9d98-11e5-a73d-c04a00aa5181','9f39ac1c-9d98-11e5-a73d-c04a00aa5181','FOREMAN'),('9f3b8b3f-9d98-11e5-a73d-c04a00aa5181','9f3a610e-9d98-11e5-a73d-c04a00aa5181','9f39ac1c-9d98-11e5-a73d-c04a00aa5181','FOREMAN'),('9f3b8b4c-9d98-11e5-a73d-c04a00aa5181','9f3a611b-9d98-11e5-a73d-c04a00aa5181','9f39ac1c-9d98-11e5-a73d-c04a00aa5181','FOREMAN'),('9f3b8b54-9d98-11e5-a73d-c04a00aa5181','9f3a613d-9d98-11e5-a73d-c04a00aa5181','9f39ac47-9d98-11e5-a73d-c04a00aa5181','FOREMAN'),('9f3b8b5d-9d98-11e5-a73d-c04a00aa5181','9f442e0b-9d98-11e5-a73d-c04a00aa5181','9f39ac47-9d98-11e5-a73d-c04a00aa5181','EMPLOYEE'),('9f3b8b66-9d98-11e5-a73d-c04a00aa5181','9f3a6127-9d98-11e5-a73d-c04a00aa5181','9f39ac47-9d98-11e5-a73d-c04a00aa5181','FOREMAN'),('9f3b8b6e-9d98-11e5-a73d-c04a00aa5181','9f3a60e7-9d98-11e5-a73d-c04a00aa5181','9f39ac47-9d98-11e5-a73d-c04a00aa5181','FOREMAN'),('9f3b8b77-9d98-11e5-a73d-c04a00aa5181','9f3a614e-9d98-11e5-a73d-c04a00aa5181','9f39ac47-9d98-11e5-a73d-c04a00aa5181','FOREMAN'),('9f3b8b7b-9d98-11e5-a73d-c04a00aa5181','9f3a6145-9d98-11e5-a73d-c04a00aa5181','9f39ac47-9d98-11e5-a73d-c04a00aa5181','FOREMAN'),('9f3b8bae-9d98-11e5-a73d-c04a00aa5181','9f442e0b-9d98-11e5-a73d-c04a00aa5181','9f39ac5c-9d98-11e5-a73d-c04a00aa5181','EMPLOYEE'),('9f3b8bb7-9d98-11e5-a73d-c04a00aa5181','9f3a6145-9d98-11e5-a73d-c04a00aa5181','9f39ac5c-9d98-11e5-a73d-c04a00aa5181','FOREMAN'),('9f3b8bbf-9d98-11e5-a73d-c04a00aa5181','9f3a6127-9d98-11e5-a73d-c04a00aa5181','9f39ac5c-9d98-11e5-a73d-c04a00aa5181','FOREMAN'),('9f3b8bc8-9d98-11e5-a73d-c04a00aa5181','9f3a60e7-9d98-11e5-a73d-c04a00aa5181','9f39ac5c-9d98-11e5-a73d-c04a00aa5181','FOREMAN'),('9f3b8bd0-9d98-11e5-a73d-c04a00aa5181','9f3a614e-9d98-11e5-a73d-c04a00aa5181','9f39ac5c-9d98-11e5-a73d-c04a00aa5181','FOREMAN'),('9f3b8bd9-9d98-11e5-a73d-c04a00aa5181','9f3a6134-9d98-11e5-a73d-c04a00aa5181','9f39ac5c-9d98-11e5-a73d-c04a00aa5181','FOREMAN'),('9f3b8be2-9d98-11e5-a73d-c04a00aa5181','9f3a613d-9d98-11e5-a73d-c04a00aa5181','9f39ac5c-9d98-11e5-a73d-c04a00aa5181','FOREMAN'),('9f3b8bea-9d98-11e5-a73d-c04a00aa5181','9f3a610e-9d98-11e5-a73d-c04a00aa5181','9f39ac5c-9d98-11e5-a73d-c04a00aa5181','FOREMAN');
