-- MySQL dump 10.13  Distrib 5.6.27, for Win32 (x86)
--
-- Host: localhost    Database: new_sevryukov_task
-- ------------------------------------------------------
-- Server version	5.6.27-log

/*!40101 SET @OLD_CHARACTER_SET_CLIENT=@@CHARACTER_SET_CLIENT */;
/*!40101 SET @OLD_CHARACTER_SET_RESULTS=@@CHARACTER_SET_RESULTS */;
/*!40101 SET @OLD_COLLATION_CONNECTION=@@COLLATION_CONNECTION */;
/*!40101 SET NAMES utf8 */;
/*!40103 SET @OLD_TIME_ZONE=@@TIME_ZONE */;
/*!40103 SET TIME_ZONE='+00:00' */;
/*!40014 SET @OLD_UNIQUE_CHECKS=@@UNIQUE_CHECKS, UNIQUE_CHECKS=0 */;
/*!40014 SET @OLD_FOREIGN_KEY_CHECKS=@@FOREIGN_KEY_CHECKS, FOREIGN_KEY_CHECKS=0 */;
/*!40101 SET @OLD_SQL_MODE=@@SQL_MODE, SQL_MODE='NO_AUTO_VALUE_ON_ZERO' */;
/*!40111 SET @OLD_SQL_NOTES=@@SQL_NOTES, SQL_NOTES=0 */;

--
-- Table structure for table `assignments`
--

DROP TABLE IF EXISTS `assignments`;
/*!40101 SET @saved_cs_client     = @@character_set_client */;
/*!40101 SET character_set_client = utf8 */;
CREATE TABLE `assignments` (
  `id` char(36) NOT NULL,
  `entity_id` char(36) NOT NULL,
  `object_id` char(36) NOT NULL,
  PRIMARY KEY (`id`),
  KEY `assignments_entities` (`entity_id`),
  KEY `assignments_objects` (`object_id`),
  CONSTRAINT `assignments_entities` FOREIGN KEY (`entity_id`) REFERENCES `entities` (`id`),
  CONSTRAINT `assignments_objects` FOREIGN KEY (`object_id`) REFERENCES `objects` (`id`)
) ENGINE=InnoDB DEFAULT CHARSET=utf8;
/*!40101 SET character_set_client = @saved_cs_client */;

--
-- Dumping data for table `assignments`
--

LOCK TABLES `assignments` WRITE;
/*!40000 ALTER TABLE `assignments` DISABLE KEYS */;
/*!40000 ALTER TABLE `assignments` ENABLE KEYS */;
UNLOCK TABLES;
/*!50003 SET @saved_cs_client      = @@character_set_client */ ;
/*!50003 SET @saved_cs_results     = @@character_set_results */ ;
/*!50003 SET @saved_col_connection = @@collation_connection */ ;
/*!50003 SET character_set_client  = utf8 */ ;
/*!50003 SET character_set_results = utf8 */ ;
/*!50003 SET collation_connection  = utf8_general_ci */ ;
/*!50003 SET @saved_sql_mode       = @@sql_mode */ ;
/*!50003 SET sql_mode              = 'STRICT_TRANS_TABLES,NO_AUTO_CREATE_USER,NO_ENGINE_SUBSTITUTION' */ ;
DELIMITER ;;
/*!50003 CREATE*/ /*!50017 DEFINER=`root`@`localhost`*/ /*!50003 TRIGGER on_insert_into_assignments AFTER INSERT ON Assignments FOR EACH ROW INSERT INTO Log(id,date,description) values(UUID(),NOW(),CONCAT("new assignment ",NEW.entity_id," - ",NEW.object_id," added in Assignments by ",USER())) */;;
DELIMITER ;
/*!50003 SET sql_mode              = @saved_sql_mode */ ;
/*!50003 SET character_set_client  = @saved_cs_client */ ;
/*!50003 SET character_set_results = @saved_cs_results */ ;
/*!50003 SET collation_connection  = @saved_col_connection */ ;
/*!50003 SET @saved_cs_client      = @@character_set_client */ ;
/*!50003 SET @saved_cs_results     = @@character_set_results */ ;
/*!50003 SET @saved_col_connection = @@collation_connection */ ;
/*!50003 SET character_set_client  = utf8 */ ;
/*!50003 SET character_set_results = utf8 */ ;
/*!50003 SET collation_connection  = utf8_general_ci */ ;
/*!50003 SET @saved_sql_mode       = @@sql_mode */ ;
/*!50003 SET sql_mode              = 'STRICT_TRANS_TABLES,NO_AUTO_CREATE_USER,NO_ENGINE_SUBSTITUTION' */ ;
DELIMITER ;;
/*!50003 CREATE*/ /*!50017 DEFINER=`root`@`localhost`*/ /*!50003 TRIGGER on_update_assignments AFTER UPDATE ON Assignments FOR EACH ROW INSERT INTO Log(id,date,description) values(UUID(),NOW(),CONCAT("assignment ",OLD.entity_id," - ",OLD.object_id," updated to ",OLD.entity_id," - ",OLD.object_id, " in Assignments by ",USER())) */;;
DELIMITER ;
/*!50003 SET sql_mode              = @saved_sql_mode */ ;
/*!50003 SET character_set_client  = @saved_cs_client */ ;
/*!50003 SET character_set_results = @saved_cs_results */ ;
/*!50003 SET collation_connection  = @saved_col_connection */ ;
/*!50003 SET @saved_cs_client      = @@character_set_client */ ;
/*!50003 SET @saved_cs_results     = @@character_set_results */ ;
/*!50003 SET @saved_col_connection = @@collation_connection */ ;
/*!50003 SET character_set_client  = utf8 */ ;
/*!50003 SET character_set_results = utf8 */ ;
/*!50003 SET collation_connection  = utf8_general_ci */ ;
/*!50003 SET @saved_sql_mode       = @@sql_mode */ ;
/*!50003 SET sql_mode              = 'STRICT_TRANS_TABLES,NO_AUTO_CREATE_USER,NO_ENGINE_SUBSTITUTION' */ ;
DELIMITER ;;
/*!50003 CREATE*/ /*!50017 DEFINER=`root`@`localhost`*/ /*!50003 TRIGGER on_delete_from_assignments AFTER DELETE ON Assignments FOR EACH ROW INSERT INTO Log(id,date,description) values(UUID(),NOW(),CONCAT("assignment ",OLD.entity_id," - ",OLD.object_id," deleted from Assignments by ",USER())) */;;
DELIMITER ;
/*!50003 SET sql_mode              = @saved_sql_mode */ ;
/*!50003 SET character_set_client  = @saved_cs_client */ ;
/*!50003 SET character_set_results = @saved_cs_results */ ;
/*!50003 SET collation_connection  = @saved_col_connection */ ;

--
-- Table structure for table `balance_per_day`
--

DROP TABLE IF EXISTS `balance_per_day`;
/*!40101 SET @saved_cs_client     = @@character_set_client */;
/*!40101 SET character_set_client = utf8 */;
CREATE TABLE `balance_per_day` (
  `id` char(36) NOT NULL,
  `entity_id` char(36) NOT NULL,
  `date` timestamp NOT NULL DEFAULT CURRENT_TIMESTAMP ON UPDATE CURRENT_TIMESTAMP,
  `balance` decimal(10,2) NOT NULL,
  PRIMARY KEY (`id`),
  KEY `Balance_entities` (`entity_id`),
  CONSTRAINT `Balance_entities` FOREIGN KEY (`entity_id`) REFERENCES `entities` (`id`)
) ENGINE=InnoDB DEFAULT CHARSET=utf8;
/*!40101 SET character_set_client = @saved_cs_client */;

--
-- Dumping data for table `balance_per_day`
--

LOCK TABLES `balance_per_day` WRITE;
/*!40000 ALTER TABLE `balance_per_day` DISABLE KEYS */;
/*!40000 ALTER TABLE `balance_per_day` ENABLE KEYS */;
UNLOCK TABLES;

--
-- Table structure for table `elements`
--

DROP TABLE IF EXISTS `elements`;
/*!40101 SET @saved_cs_client     = @@character_set_client */;
/*!40101 SET character_set_client = utf8 */;
CREATE TABLE `elements` (
  `id` char(36) NOT NULL,
  `stage_id` char(36) NOT NULL,
  `description` text NOT NULL,
  `volume` double NOT NULL,
  `price` decimal(10,2) NOT NULL,
  `price_client` decimal(10,2) NOT NULL,
  `room` varchar(200) NOT NULL,
  `completed` tinyint(1) NOT NULL,
  PRIMARY KEY (`id`),
  KEY `elements_stages` (`stage_id`),
  CONSTRAINT `elements_stages` FOREIGN KEY (`stage_id`) REFERENCES `stages` (`id`)
) ENGINE=InnoDB DEFAULT CHARSET=utf8;
/*!40101 SET character_set_client = @saved_cs_client */;

--
-- Dumping data for table `elements`
--

LOCK TABLES `elements` WRITE;
/*!40000 ALTER TABLE `elements` DISABLE KEYS */;
/*!40000 ALTER TABLE `elements` ENABLE KEYS */;
UNLOCK TABLES;
/*!50003 SET @saved_cs_client      = @@character_set_client */ ;
/*!50003 SET @saved_cs_results     = @@character_set_results */ ;
/*!50003 SET @saved_col_connection = @@collation_connection */ ;
/*!50003 SET character_set_client  = cp866 */ ;
/*!50003 SET character_set_results = cp866 */ ;
/*!50003 SET collation_connection  = cp866_general_ci */ ;
/*!50003 SET @saved_sql_mode       = @@sql_mode */ ;
/*!50003 SET sql_mode              = 'STRICT_TRANS_TABLES,NO_AUTO_CREATE_USER,NO_ENGINE_SUBSTITUTION' */ ;
DELIMITER ;;
/*!50003 CREATE*/ /*!50017 DEFINER=`root`@`localhost`*/ /*!50003 TRIGGER on_insert_into_elements AFTER INSERT ON Elements FOR EACH ROW INSERT INTO Log(id,date,description) values(UUID(),NOW(),CONCAT("new element ",NEW.id," added in Elements by ",USER())) */;;
DELIMITER ;
/*!50003 SET sql_mode              = @saved_sql_mode */ ;
/*!50003 SET character_set_client  = @saved_cs_client */ ;
/*!50003 SET character_set_results = @saved_cs_results */ ;
/*!50003 SET collation_connection  = @saved_col_connection */ ;
/*!50003 SET @saved_cs_client      = @@character_set_client */ ;
/*!50003 SET @saved_cs_results     = @@character_set_results */ ;
/*!50003 SET @saved_col_connection = @@collation_connection */ ;
/*!50003 SET character_set_client  = cp866 */ ;
/*!50003 SET character_set_results = cp866 */ ;
/*!50003 SET collation_connection  = cp866_general_ci */ ;
/*!50003 SET @saved_sql_mode       = @@sql_mode */ ;
/*!50003 SET sql_mode              = 'STRICT_TRANS_TABLES,NO_AUTO_CREATE_USER,NO_ENGINE_SUBSTITUTION' */ ;
DELIMITER ;;
/*!50003 CREATE*/ /*!50017 DEFINER=`root`@`localhost`*/ /*!50003 TRIGGER on_delete_from_elements AFTER DELETE ON Elements FOR EACH ROW INSERT INTO Log(id,date,description) values(UUID(),NOW(),CONCAT("element ",OLD.id, " deleted from Elements by ",USER())) */;;
DELIMITER ;
/*!50003 SET sql_mode              = @saved_sql_mode */ ;
/*!50003 SET character_set_client  = @saved_cs_client */ ;
/*!50003 SET character_set_results = @saved_cs_results */ ;
/*!50003 SET collation_connection  = @saved_col_connection */ ;

--
-- Table structure for table `entities`
--

DROP TABLE IF EXISTS `entities`;
/*!40101 SET @saved_cs_client     = @@character_set_client */;
/*!40101 SET character_set_client = utf8 */;
CREATE TABLE `entities` (
  `id` char(36) NOT NULL,
  `type` enum('EMPLOYEE','CLIENT','COMPANY','SHOP','FOREMAN','MANAGER') NOT NULL,
  `name` varchar(200) NOT NULL,
  `username` varchar(200) DEFAULT NULL,
  PRIMARY KEY (`id`)
) ENGINE=InnoDB DEFAULT CHARSET=utf8;
/*!40101 SET character_set_client = @saved_cs_client */;

--
-- Dumping data for table `entities`
--

LOCK TABLES `entities` WRITE;
/*!40000 ALTER TABLE `entities` DISABLE KEYS */;
INSERT INTO `entities` VALUES ('9f39d686-9d98-11e5-a73d-c04a00aa5181','CLIENT','Client 1',NULL),('9f39d6d3-9d98-11e5-a73d-c04a00aa5181','CLIENT','Client 2',NULL),('9f39d6e8-9d98-11e5-a73d-c04a00aa5181','CLIENT','Client 3',NULL),('9f39d6fe-9d98-11e5-a73d-c04a00aa5181','CLIENT','Client 4',NULL),('9f39d71b-9d98-11e5-a73d-c04a00aa5181','CLIENT','Client 5',NULL),('9f3a60e7-9d98-11e5-a73d-c04a00aa5181','FOREMAN','Worker 1',NULL),('9f3a610e-9d98-11e5-a73d-c04a00aa5181','FOREMAN','Worker 10',NULL),('9f3a611b-9d98-11e5-a73d-c04a00aa5181','FOREMAN','Worker 3',NULL),('9f3a6127-9d98-11e5-a73d-c04a00aa5181','FOREMAN','Worker 4',NULL),('9f3a6134-9d98-11e5-a73d-c04a00aa5181','FOREMAN','Worker 6',NULL),('9f3a613d-9d98-11e5-a73d-c04a00aa5181','FOREMAN','Worker 7',NULL),('9f3a6145-9d98-11e5-a73d-c04a00aa5181','FOREMAN','Worker 8',NULL),('9f3a614e-9d98-11e5-a73d-c04a00aa5181','FOREMAN','Worker 9',NULL),('9f442de9-9d98-11e5-a73d-c04a00aa5181','EMPLOYEE','Worker 2',NULL),('9f442e0b-9d98-11e5-a73d-c04a00aa5181','EMPLOYEE','Worker 5',NULL);
/*!40000 ALTER TABLE `entities` ENABLE KEYS */;
UNLOCK TABLES;
/*!50003 SET @saved_cs_client      = @@character_set_client */ ;
/*!50003 SET @saved_cs_results     = @@character_set_results */ ;
/*!50003 SET @saved_col_connection = @@collation_connection */ ;
/*!50003 SET character_set_client  = utf8 */ ;
/*!50003 SET character_set_results = utf8 */ ;
/*!50003 SET collation_connection  = utf8_general_ci */ ;
/*!50003 SET @saved_sql_mode       = @@sql_mode */ ;
/*!50003 SET sql_mode              = 'STRICT_TRANS_TABLES,NO_AUTO_CREATE_USER,NO_ENGINE_SUBSTITUTION' */ ;
DELIMITER ;;
/*!50003 CREATE*/ /*!50017 DEFINER=`root`@`localhost`*/ /*!50003 TRIGGER on_insert_into_entities AFTER INSERT ON Entities FOR EACH ROW INSERT INTO Log(id,date,description) values(UUID(),NOW(),CONCAT("new entity ",NEW.id," added in Entities by ",USER())) */;;
DELIMITER ;
/*!50003 SET sql_mode              = @saved_sql_mode */ ;
/*!50003 SET character_set_client  = @saved_cs_client */ ;
/*!50003 SET character_set_results = @saved_cs_results */ ;
/*!50003 SET collation_connection  = @saved_col_connection */ ;
/*!50003 SET @saved_cs_client      = @@character_set_client */ ;
/*!50003 SET @saved_cs_results     = @@character_set_results */ ;
/*!50003 SET @saved_col_connection = @@collation_connection */ ;
/*!50003 SET character_set_client  = utf8 */ ;
/*!50003 SET character_set_results = utf8 */ ;
/*!50003 SET collation_connection  = utf8_general_ci */ ;
/*!50003 SET @saved_sql_mode       = @@sql_mode */ ;
/*!50003 SET sql_mode              = 'STRICT_TRANS_TABLES,NO_AUTO_CREATE_USER,NO_ENGINE_SUBSTITUTION' */ ;
DELIMITER ;;
/*!50003 CREATE*/ /*!50017 DEFINER=`root`@`localhost`*/ /*!50003 TRIGGER on_update_entities AFTER UPDATE ON Entities FOR EACH ROW INSERT INTO Log(id,date,description) values(UUID(),NOW(),CONCAT("entity ",NEW.id," updated in Entities by ",USER())) */;;
DELIMITER ;
/*!50003 SET sql_mode              = @saved_sql_mode */ ;
/*!50003 SET character_set_client  = @saved_cs_client */ ;
/*!50003 SET character_set_results = @saved_cs_results */ ;
/*!50003 SET collation_connection  = @saved_col_connection */ ;
/*!50003 SET @saved_cs_client      = @@character_set_client */ ;
/*!50003 SET @saved_cs_results     = @@character_set_results */ ;
/*!50003 SET @saved_col_connection = @@collation_connection */ ;
/*!50003 SET character_set_client  = utf8 */ ;
/*!50003 SET character_set_results = utf8 */ ;
/*!50003 SET collation_connection  = utf8_general_ci */ ;
/*!50003 SET @saved_sql_mode       = @@sql_mode */ ;
/*!50003 SET sql_mode              = 'STRICT_TRANS_TABLES,NO_AUTO_CREATE_USER,NO_ENGINE_SUBSTITUTION' */ ;
DELIMITER ;;
/*!50003 CREATE*/ /*!50017 DEFINER=`root`@`localhost`*/ /*!50003 TRIGGER on_delete_from_entities AFTER DELETE ON Entities FOR EACH ROW INSERT INTO Log(id,date,description) values(UUID(),NOW(),CONCAT("entity ",OLD.id," deleted from Entities by ",USER())) */;;
DELIMITER ;
/*!50003 SET sql_mode              = @saved_sql_mode */ ;
/*!50003 SET character_set_client  = @saved_cs_client */ ;
/*!50003 SET character_set_results = @saved_cs_results */ ;
/*!50003 SET collation_connection  = @saved_col_connection */ ;

--
-- Table structure for table `log`
--

DROP TABLE IF EXISTS `log`;
/*!40101 SET @saved_cs_client     = @@character_set_client */;
/*!40101 SET character_set_client = utf8 */;
CREATE TABLE `log` (
  `id` char(36) NOT NULL,
  `date` timestamp NOT NULL DEFAULT CURRENT_TIMESTAMP ON UPDATE CURRENT_TIMESTAMP,
  `description` text NOT NULL,
  PRIMARY KEY (`id`)
) ENGINE=InnoDB DEFAULT CHARSET=utf8;
/*!40101 SET character_set_client = @saved_cs_client */;

--
-- Dumping data for table `log`
--

LOCK TABLES `log` WRITE;
/*!40000 ALTER TABLE `log` DISABLE KEYS */;
INSERT INTO `log` VALUES ('9f54786b-9d98-11e5-a73d-c04a00aa5181','2015-12-08 10:44:13','new entity 9f3a60e7-9d98-11e5-a73d-c04a00aa5181 added in Entities by root@localhost'),('9f5bb8cf-9d98-11e5-a73d-c04a00aa5181','2015-12-08 10:44:13','new entity 9f3a610e-9d98-11e5-a73d-c04a00aa5181 added in Entities by root@localhost'),('9f61fa4b-9d98-11e5-a73d-c04a00aa5181','2015-12-08 10:44:13','new entity 9f3a611b-9d98-11e5-a73d-c04a00aa5181 added in Entities by root@localhost'),('9f6dae56-9d98-11e5-a73d-c04a00aa5181','2015-12-08 10:44:13','new entity 9f3a6127-9d98-11e5-a73d-c04a00aa5181 added in Entities by root@localhost'),('9f798aa8-9d98-11e5-a73d-c04a00aa5181','2015-12-08 10:44:14','new entity 9f3a6134-9d98-11e5-a73d-c04a00aa5181 added in Entities by root@localhost'),('9f7f5307-9d98-11e5-a73d-c04a00aa5181','2015-12-08 10:44:14','new entity 9f3a613d-9d98-11e5-a73d-c04a00aa5181 added in Entities by root@localhost'),('9f856dac-9d98-11e5-a73d-c04a00aa5181','2015-12-08 10:44:14','new entity 9f3a6145-9d98-11e5-a73d-c04a00aa5181 added in Entities by root@localhost'),('9f8b3127-9d98-11e5-a73d-c04a00aa5181','2015-12-08 10:44:14','new entity 9f3a614e-9d98-11e5-a73d-c04a00aa5181 added in Entities by root@localhost'),('9f915410-9d98-11e5-a73d-c04a00aa5181','2015-12-08 10:44:14','new entity 9f39d686-9d98-11e5-a73d-c04a00aa5181 added in Entities by root@localhost'),('9f97145f-9d98-11e5-a73d-c04a00aa5181','2015-12-08 10:44:14','new entity 9f39d6d3-9d98-11e5-a73d-c04a00aa5181 added in Entities by root@localhost'),('9f9d2c82-9d98-11e5-a73d-c04a00aa5181','2015-12-08 10:44:14','new entity 9f39d6e8-9d98-11e5-a73d-c04a00aa5181 added in Entities by root@localhost'),('9fa2f142-9d98-11e5-a73d-c04a00aa5181','2015-12-08 10:44:14','new entity 9f39d6fe-9d98-11e5-a73d-c04a00aa5181 added in Entities by root@localhost'),('9fa90c40-9d98-11e5-a73d-c04a00aa5181','2015-12-08 10:44:14','new entity 9f39d71b-9d98-11e5-a73d-c04a00aa5181 added in Entities by root@localhost'),('9faed967-9d98-11e5-a73d-c04a00aa5181','2015-12-08 10:44:14','new entity 9f442de9-9d98-11e5-a73d-c04a00aa5181 added in Entities by root@localhost'),('9fb4fe34-9d98-11e5-a73d-c04a00aa5181','2015-12-08 10:44:14','new entity 9f442e0b-9d98-11e5-a73d-c04a00aa5181 added in Entities by root@localhost'),('b4bfba48-9d98-11e5-a73d-c04a00aa5181','2015-12-08 10:44:49','new object 9f39ab06-9d98-11e5-a73d-c04a00aa5181 added in Objects by root@localhost'),('b4c966c4-9d98-11e5-a73d-c04a00aa5181','2015-12-08 10:44:49','new object 9f39ac1c-9d98-11e5-a73d-c04a00aa5181 added in Objects by root@localhost'),('b4daf531-9d98-11e5-a73d-c04a00aa5181','2015-12-08 10:44:49','new object 9f39ac0b-9d98-11e5-a73d-c04a00aa5181 added in Objects by root@localhost'),('b4ed011a-9d98-11e5-a73d-c04a00aa5181','2015-12-08 10:44:49','new object 9f39abbe-9d98-11e5-a73d-c04a00aa5181 added in Objects by root@localhost'),('b4f2e255-9d98-11e5-a73d-c04a00aa5181','2015-12-08 10:44:50','new object 9f39ab9c-9d98-11e5-a73d-c04a00aa5181 added in Objects by root@localhost'),('b4f904be-9d98-11e5-a73d-c04a00aa5181','2015-12-08 10:44:50','new object 9f39abad-9d98-11e5-a73d-c04a00aa5181 added in Objects by root@localhost'),('b4feb174-9d98-11e5-a73d-c04a00aa5181','2015-12-08 10:44:50','new object 9f39abe5-9d98-11e5-a73d-c04a00aa5181 added in Objects by root@localhost'),('b504e51b-9d98-11e5-a73d-c04a00aa5181','2015-12-08 10:44:50','new object 9f39abfa-9d98-11e5-a73d-c04a00aa5181 added in Objects by root@localhost'),('b50a956c-9d98-11e5-a73d-c04a00aa5181','2015-12-08 10:44:50','new object 9f39ab46-9d98-11e5-a73d-c04a00aa5181 added in Objects by root@localhost'),('b51505e6-9d98-11e5-a73d-c04a00aa5181','2015-12-08 10:44:50','new object 9f39ab86-9d98-11e5-a73d-c04a00aa5181 added in Objects by root@localhost'),('b51ed4d0-9d98-11e5-a73d-c04a00aa5181','2015-12-08 10:44:50','new object 9f39ac47-9d98-11e5-a73d-c04a00aa5181 added in Objects by root@localhost'),('b5250746-9d98-11e5-a73d-c04a00aa5181','2015-12-08 10:44:50','new object 9f39aacf-9d98-11e5-a73d-c04a00aa5181 added in Objects by root@localhost'),('b52ac21e-9d98-11e5-a73d-c04a00aa5181','2015-12-08 10:44:50','new object 9f39abd3-9d98-11e5-a73d-c04a00aa5181 added in Objects by root@localhost'),('b530e13d-9d98-11e5-a73d-c04a00aa5181','2015-12-08 10:44:50','new object 9f39ac5c-9d98-11e5-a73d-c04a00aa5181 added in Objects by root@localhost'),('b536a7fe-9d98-11e5-a73d-c04a00aa5181','2015-12-08 10:44:50','new object 9f39ab2d-9d98-11e5-a73d-c04a00aa5181 added in Objects by root@localhost'),('b8479a49-9d98-11e5-a73d-c04a00aa5181','2015-12-08 10:44:55','new permission 9f3a60e7-9d98-11e5-a73d-c04a00aa5181 : INSERT : 9f39ac47-9d98-11e5-a73d-c04a00aa5181 added in Permissions by root@localhost'),('b8479eae-9d98-11e5-a73d-c04a00aa5181','2015-12-08 10:44:55','new permission 9f3a60e7-9d98-11e5-a73d-c04a00aa5181 : UPDATE_SELF : 9f39ac47-9d98-11e5-a73d-c04a00aa5181 added in Permissions by root@localhost'),('b847a1c0-9d98-11e5-a73d-c04a00aa5181','2015-12-08 10:44:55','new permission 9f3a60e7-9d98-11e5-a73d-c04a00aa5181 : READ : 9f39ac47-9d98-11e5-a73d-c04a00aa5181 added in Permissions by root@localhost'),('b84e4d82-9d98-11e5-a73d-c04a00aa5181','2015-12-08 10:44:55','new permission 9f3a60e7-9d98-11e5-a73d-c04a00aa5181 : INSERT : 9f39abad-9d98-11e5-a73d-c04a00aa5181 added in Permissions by root@localhost'),('b84e4ff7-9d98-11e5-a73d-c04a00aa5181','2015-12-08 10:44:55','new permission 9f3a60e7-9d98-11e5-a73d-c04a00aa5181 : UPDATE_SELF : 9f39abad-9d98-11e5-a73d-c04a00aa5181 added in Permissions by root@localhost'),('b84e51c9-9d98-11e5-a73d-c04a00aa5181','2015-12-08 10:44:55','new permission 9f3a60e7-9d98-11e5-a73d-c04a00aa5181 : READ : 9f39abad-9d98-11e5-a73d-c04a00aa5181 added in Permissions by root@localhost'),('b85480d3-9d98-11e5-a73d-c04a00aa5181','2015-12-08 10:44:55','new permission 9f3a60e7-9d98-11e5-a73d-c04a00aa5181 : INSERT : 9f39ab86-9d98-11e5-a73d-c04a00aa5181 added in Permissions by root@localhost'),('b85485f8-9d98-11e5-a73d-c04a00aa5181','2015-12-08 10:44:55','new permission 9f3a60e7-9d98-11e5-a73d-c04a00aa5181 : UPDATE_SELF : 9f39ab86-9d98-11e5-a73d-c04a00aa5181 added in Permissions by root@localhost'),('b8548a4c-9d98-11e5-a73d-c04a00aa5181','2015-12-08 10:44:55','new permission 9f3a60e7-9d98-11e5-a73d-c04a00aa5181 : READ : 9f39ab86-9d98-11e5-a73d-c04a00aa5181 added in Permissions by root@localhost'),('b85a4a96-9d98-11e5-a73d-c04a00aa5181','2015-12-08 10:44:55','new permission 9f3a60e7-9d98-11e5-a73d-c04a00aa5181 : INSERT : 9f39ac5c-9d98-11e5-a73d-c04a00aa5181 added in Permissions by root@localhost'),('b85a4fee-9d98-11e5-a73d-c04a00aa5181','2015-12-08 10:44:55','new permission 9f3a60e7-9d98-11e5-a73d-c04a00aa5181 : UPDATE_SELF : 9f39ac5c-9d98-11e5-a73d-c04a00aa5181 added in Permissions by root@localhost'),('b85a543d-9d98-11e5-a73d-c04a00aa5181','2015-12-08 10:44:55','new permission 9f3a60e7-9d98-11e5-a73d-c04a00aa5181 : READ : 9f39ac5c-9d98-11e5-a73d-c04a00aa5181 added in Permissions by root@localhost'),('b8605c28-9d98-11e5-a73d-c04a00aa5181','2015-12-08 10:44:55','new permission 9f3a60e7-9d98-11e5-a73d-c04a00aa5181 : INSERT : 9f39abd3-9d98-11e5-a73d-c04a00aa5181 added in Permissions by root@localhost'),('b8606974-9d98-11e5-a73d-c04a00aa5181','2015-12-08 10:44:55','new permission 9f3a60e7-9d98-11e5-a73d-c04a00aa5181 : UPDATE_SELF : 9f39abd3-9d98-11e5-a73d-c04a00aa5181 added in Permissions by root@localhost'),('b86071a8-9d98-11e5-a73d-c04a00aa5181','2015-12-08 10:44:55','new permission 9f3a60e7-9d98-11e5-a73d-c04a00aa5181 : READ : 9f39abd3-9d98-11e5-a73d-c04a00aa5181 added in Permissions by root@localhost'),('b8662519-9d98-11e5-a73d-c04a00aa5181','2015-12-08 10:44:55','new permission 9f3a60e7-9d98-11e5-a73d-c04a00aa5181 : INSERT : 9f39abe5-9d98-11e5-a73d-c04a00aa5181 added in Permissions by root@localhost'),('b8662a90-9d98-11e5-a73d-c04a00aa5181','2015-12-08 10:44:55','new permission 9f3a60e7-9d98-11e5-a73d-c04a00aa5181 : UPDATE_SELF : 9f39abe5-9d98-11e5-a73d-c04a00aa5181 added in Permissions by root@localhost'),('b8662ee8-9d98-11e5-a73d-c04a00aa5181','2015-12-08 10:44:55','new permission 9f3a60e7-9d98-11e5-a73d-c04a00aa5181 : READ : 9f39abe5-9d98-11e5-a73d-c04a00aa5181 added in Permissions by root@localhost'),('b86c5061-9d98-11e5-a73d-c04a00aa5181','2015-12-08 10:44:55','new permission 9f3a60e7-9d98-11e5-a73d-c04a00aa5181 : INSERT : 9f39ab2d-9d98-11e5-a73d-c04a00aa5181 added in Permissions by root@localhost'),('b86c56ee-9d98-11e5-a73d-c04a00aa5181','2015-12-08 10:44:55','new permission 9f3a60e7-9d98-11e5-a73d-c04a00aa5181 : UPDATE_SELF : 9f39ab2d-9d98-11e5-a73d-c04a00aa5181 added in Permissions by root@localhost'),('b86c5c64-9d98-11e5-a73d-c04a00aa5181','2015-12-08 10:44:55','new permission 9f3a60e7-9d98-11e5-a73d-c04a00aa5181 : READ : 9f39ab2d-9d98-11e5-a73d-c04a00aa5181 added in Permissions by root@localhost'),('b8720c82-9d98-11e5-a73d-c04a00aa5181','2015-12-08 10:44:55','new permission 9f3a60e7-9d98-11e5-a73d-c04a00aa5181 : INSERT : 9f39abfa-9d98-11e5-a73d-c04a00aa5181 added in Permissions by root@localhost'),('b8721320-9d98-11e5-a73d-c04a00aa5181','2015-12-08 10:44:55','new permission 9f3a60e7-9d98-11e5-a73d-c04a00aa5181 : UPDATE_SELF : 9f39abfa-9d98-11e5-a73d-c04a00aa5181 added in Permissions by root@localhost'),('b8721896-9d98-11e5-a73d-c04a00aa5181','2015-12-08 10:44:55','new permission 9f3a60e7-9d98-11e5-a73d-c04a00aa5181 : READ : 9f39abfa-9d98-11e5-a73d-c04a00aa5181 added in Permissions by root@localhost'),('b8781074-9d98-11e5-a73d-c04a00aa5181','2015-12-08 10:44:55','new permission 9f3a60e7-9d98-11e5-a73d-c04a00aa5181 : INSERT : 9f39ab06-9d98-11e5-a73d-c04a00aa5181 added in Permissions by root@localhost'),('b8781691-9d98-11e5-a73d-c04a00aa5181','2015-12-08 10:44:55','new permission 9f3a60e7-9d98-11e5-a73d-c04a00aa5181 : UPDATE_SELF : 9f39ab06-9d98-11e5-a73d-c04a00aa5181 added in Permissions by root@localhost'),('b8781c1d-9d98-11e5-a73d-c04a00aa5181','2015-12-08 10:44:55','new permission 9f3a60e7-9d98-11e5-a73d-c04a00aa5181 : READ : 9f39ab06-9d98-11e5-a73d-c04a00aa5181 added in Permissions by root@localhost'),('b87dd652-9d98-11e5-a73d-c04a00aa5181','2015-12-08 10:44:56','new permission 9f3a60e7-9d98-11e5-a73d-c04a00aa5181 : INSERT : 9f39ac0b-9d98-11e5-a73d-c04a00aa5181 added in Permissions by root@localhost'),('b87dda0c-9d98-11e5-a73d-c04a00aa5181','2015-12-08 10:44:56','new permission 9f3a60e7-9d98-11e5-a73d-c04a00aa5181 : UPDATE_SELF : 9f39ac0b-9d98-11e5-a73d-c04a00aa5181 added in Permissions by root@localhost'),('b87ddd27-9d98-11e5-a73d-c04a00aa5181','2015-12-08 10:44:56','new permission 9f3a60e7-9d98-11e5-a73d-c04a00aa5181 : READ : 9f39ac0b-9d98-11e5-a73d-c04a00aa5181 added in Permissions by root@localhost'),('b8840dee-9d98-11e5-a73d-c04a00aa5181','2015-12-08 10:44:56','new permission 9f3a60e7-9d98-11e5-a73d-c04a00aa5181 : INSERT : 9f39ab9c-9d98-11e5-a73d-c04a00aa5181 added in Permissions by root@localhost'),('b884184d-9d98-11e5-a73d-c04a00aa5181','2015-12-08 10:44:56','new permission 9f3a60e7-9d98-11e5-a73d-c04a00aa5181 : UPDATE_SELF : 9f39ab9c-9d98-11e5-a73d-c04a00aa5181 added in Permissions by root@localhost'),('b88421cf-9d98-11e5-a73d-c04a00aa5181','2015-12-08 10:44:56','new permission 9f3a60e7-9d98-11e5-a73d-c04a00aa5181 : READ : 9f39ab9c-9d98-11e5-a73d-c04a00aa5181 added in Permissions by root@localhost'),('b889ceb0-9d98-11e5-a73d-c04a00aa5181','2015-12-08 10:44:56','new permission 9f3a60e7-9d98-11e5-a73d-c04a00aa5181 : INSERT : 9f39aacf-9d98-11e5-a73d-c04a00aa5181 added in Permissions by root@localhost'),('b889d757-9d98-11e5-a73d-c04a00aa5181','2015-12-08 10:44:56','new permission 9f3a60e7-9d98-11e5-a73d-c04a00aa5181 : UPDATE_SELF : 9f39aacf-9d98-11e5-a73d-c04a00aa5181 added in Permissions by root@localhost'),('b889e0ad-9d98-11e5-a73d-c04a00aa5181','2015-12-08 10:44:56','new permission 9f3a60e7-9d98-11e5-a73d-c04a00aa5181 : READ : 9f39aacf-9d98-11e5-a73d-c04a00aa5181 added in Permissions by root@localhost'),('b88feb5e-9d98-11e5-a73d-c04a00aa5181','2015-12-08 10:44:56','new permission 9f3a60e7-9d98-11e5-a73d-c04a00aa5181 : INSERT : 9f39ac1c-9d98-11e5-a73d-c04a00aa5181 added in Permissions by root@localhost'),('b88ff1de-9d98-11e5-a73d-c04a00aa5181','2015-12-08 10:44:56','new permission 9f3a60e7-9d98-11e5-a73d-c04a00aa5181 : UPDATE_SELF : 9f39ac1c-9d98-11e5-a73d-c04a00aa5181 added in Permissions by root@localhost'),('b88ff750-9d98-11e5-a73d-c04a00aa5181','2015-12-08 10:44:56','new permission 9f3a60e7-9d98-11e5-a73d-c04a00aa5181 : READ : 9f39ac1c-9d98-11e5-a73d-c04a00aa5181 added in Permissions by root@localhost'),('b8d70699-9d98-11e5-a73d-c04a00aa5181','2015-12-08 10:44:56','new permission 9f3a611b-9d98-11e5-a73d-c04a00aa5181 : INSERT : 9f39abd3-9d98-11e5-a73d-c04a00aa5181 added in Permissions by root@localhost'),('b8d70ab1-9d98-11e5-a73d-c04a00aa5181','2015-12-08 10:44:56','new permission 9f3a611b-9d98-11e5-a73d-c04a00aa5181 : UPDATE_SELF : 9f39abd3-9d98-11e5-a73d-c04a00aa5181 added in Permissions by root@localhost'),('b8d70ddd-9d98-11e5-a73d-c04a00aa5181','2015-12-08 10:44:56','new permission 9f3a611b-9d98-11e5-a73d-c04a00aa5181 : READ : 9f39abd3-9d98-11e5-a73d-c04a00aa5181 added in Permissions by root@localhost'),('b8dcd65f-9d98-11e5-a73d-c04a00aa5181','2015-12-08 10:44:56','new permission 9f3a611b-9d98-11e5-a73d-c04a00aa5181 : INSERT : 9f39ab86-9d98-11e5-a73d-c04a00aa5181 added in Permissions by root@localhost'),('b8dcde9b-9d98-11e5-a73d-c04a00aa5181','2015-12-08 10:44:56','new permission 9f3a611b-9d98-11e5-a73d-c04a00aa5181 : UPDATE_SELF : 9f39ab86-9d98-11e5-a73d-c04a00aa5181 added in Permissions by root@localhost'),('b8dce3f4-9d98-11e5-a73d-c04a00aa5181','2015-12-08 10:44:56','new permission 9f3a611b-9d98-11e5-a73d-c04a00aa5181 : READ : 9f39ab86-9d98-11e5-a73d-c04a00aa5181 added in Permissions by root@localhost'),('b8e2e315-9d98-11e5-a73d-c04a00aa5181','2015-12-08 10:44:56','new permission 9f3a611b-9d98-11e5-a73d-c04a00aa5181 : INSERT : 9f39abad-9d98-11e5-a73d-c04a00aa5181 added in Permissions by root@localhost'),('b8e2eaa7-9d98-11e5-a73d-c04a00aa5181','2015-12-08 10:44:56','new permission 9f3a611b-9d98-11e5-a73d-c04a00aa5181 : UPDATE_SELF : 9f39abad-9d98-11e5-a73d-c04a00aa5181 added in Permissions by root@localhost'),('b8e2ef36-9d98-11e5-a73d-c04a00aa5181','2015-12-08 10:44:56','new permission 9f3a611b-9d98-11e5-a73d-c04a00aa5181 : READ : 9f39abad-9d98-11e5-a73d-c04a00aa5181 added in Permissions by root@localhost'),('b8e8aebb-9d98-11e5-a73d-c04a00aa5181','2015-12-08 10:44:56','new permission 9f3a611b-9d98-11e5-a73d-c04a00aa5181 : INSERT : 9f39abbe-9d98-11e5-a73d-c04a00aa5181 added in Permissions by root@localhost'),('b8e8b28e-9d98-11e5-a73d-c04a00aa5181','2015-12-08 10:44:56','new permission 9f3a611b-9d98-11e5-a73d-c04a00aa5181 : UPDATE_SELF : 9f39abbe-9d98-11e5-a73d-c04a00aa5181 added in Permissions by root@localhost'),('b8e8b5ea-9d98-11e5-a73d-c04a00aa5181','2015-12-08 10:44:56','new permission 9f3a611b-9d98-11e5-a73d-c04a00aa5181 : READ : 9f39abbe-9d98-11e5-a73d-c04a00aa5181 added in Permissions by root@localhost'),('b8ef1fd6-9d98-11e5-a73d-c04a00aa5181','2015-12-08 10:44:56','new permission 9f3a611b-9d98-11e5-a73d-c04a00aa5181 : INSERT : 9f39ab06-9d98-11e5-a73d-c04a00aa5181 added in Permissions by root@localhost'),('b8ef2aee-9d98-11e5-a73d-c04a00aa5181','2015-12-08 10:44:56','new permission 9f3a611b-9d98-11e5-a73d-c04a00aa5181 : UPDATE_SELF : 9f39ab06-9d98-11e5-a73d-c04a00aa5181 added in Permissions by root@localhost'),('b8ef349a-9d98-11e5-a73d-c04a00aa5181','2015-12-08 10:44:56','new permission 9f3a611b-9d98-11e5-a73d-c04a00aa5181 : READ : 9f39ab06-9d98-11e5-a73d-c04a00aa5181 added in Permissions by root@localhost'),('b8f679e8-9d98-11e5-a73d-c04a00aa5181','2015-12-08 10:44:56','new permission 9f3a611b-9d98-11e5-a73d-c04a00aa5181 : INSERT : 9f39abfa-9d98-11e5-a73d-c04a00aa5181 added in Permissions by root@localhost'),('b8f696b9-9d98-11e5-a73d-c04a00aa5181','2015-12-08 10:44:56','new permission 9f3a611b-9d98-11e5-a73d-c04a00aa5181 : UPDATE_SELF : 9f39abfa-9d98-11e5-a73d-c04a00aa5181 added in Permissions by root@localhost'),('b8f69d1e-9d98-11e5-a73d-c04a00aa5181','2015-12-08 10:44:56','new permission 9f3a611b-9d98-11e5-a73d-c04a00aa5181 : READ : 9f39abfa-9d98-11e5-a73d-c04a00aa5181 added in Permissions by root@localhost'),('b9003b96-9d98-11e5-a73d-c04a00aa5181','2015-12-08 10:44:56','new permission 9f3a611b-9d98-11e5-a73d-c04a00aa5181 : INSERT : 9f39ac0b-9d98-11e5-a73d-c04a00aa5181 added in Permissions by root@localhost'),('b9004826-9d98-11e5-a73d-c04a00aa5181','2015-12-08 10:44:56','new permission 9f3a611b-9d98-11e5-a73d-c04a00aa5181 : UPDATE_SELF : 9f39ac0b-9d98-11e5-a73d-c04a00aa5181 added in Permissions by root@localhost'),('b90052b0-9d98-11e5-a73d-c04a00aa5181','2015-12-08 10:44:56','new permission 9f3a611b-9d98-11e5-a73d-c04a00aa5181 : READ : 9f39ac0b-9d98-11e5-a73d-c04a00aa5181 added in Permissions by root@localhost'),('b9069a62-9d98-11e5-a73d-c04a00aa5181','2015-12-08 10:44:56','new permission 9f3a611b-9d98-11e5-a73d-c04a00aa5181 : INSERT : 9f39abe5-9d98-11e5-a73d-c04a00aa5181 added in Permissions by root@localhost'),('b906a1f4-9d98-11e5-a73d-c04a00aa5181','2015-12-08 10:44:56','new permission 9f3a611b-9d98-11e5-a73d-c04a00aa5181 : UPDATE_SELF : 9f39abe5-9d98-11e5-a73d-c04a00aa5181 added in Permissions by root@localhost'),('b906a790-9d98-11e5-a73d-c04a00aa5181','2015-12-08 10:44:56','new permission 9f3a611b-9d98-11e5-a73d-c04a00aa5181 : READ : 9f39abe5-9d98-11e5-a73d-c04a00aa5181 added in Permissions by root@localhost'),('b90c6ff0-9d98-11e5-a73d-c04a00aa5181','2015-12-08 10:44:56','new permission 9f3a611b-9d98-11e5-a73d-c04a00aa5181 : INSERT : 9f39ac1c-9d98-11e5-a73d-c04a00aa5181 added in Permissions by root@localhost'),('b90c76c9-9d98-11e5-a73d-c04a00aa5181','2015-12-08 10:44:56','new permission 9f3a611b-9d98-11e5-a73d-c04a00aa5181 : UPDATE_SELF : 9f39ac1c-9d98-11e5-a73d-c04a00aa5181 added in Permissions by root@localhost'),('b90c7c66-9d98-11e5-a73d-c04a00aa5181','2015-12-08 10:44:56','new permission 9f3a611b-9d98-11e5-a73d-c04a00aa5181 : READ : 9f39ac1c-9d98-11e5-a73d-c04a00aa5181 added in Permissions by root@localhost'),('b912798b-9d98-11e5-a73d-c04a00aa5181','2015-12-08 10:44:57','new permission 9f3a611b-9d98-11e5-a73d-c04a00aa5181 : INSERT : 9f39ab9c-9d98-11e5-a73d-c04a00aa5181 added in Permissions by root@localhost'),('b91280a5-9d98-11e5-a73d-c04a00aa5181','2015-12-08 10:44:57','new permission 9f3a611b-9d98-11e5-a73d-c04a00aa5181 : UPDATE_SELF : 9f39ab9c-9d98-11e5-a73d-c04a00aa5181 added in Permissions by root@localhost'),('b9128646-9d98-11e5-a73d-c04a00aa5181','2015-12-08 10:44:57','new permission 9f3a611b-9d98-11e5-a73d-c04a00aa5181 : READ : 9f39ab9c-9d98-11e5-a73d-c04a00aa5181 added in Permissions by root@localhost'),('b91856bb-9d98-11e5-a73d-c04a00aa5181','2015-12-08 10:44:57','new permission 9f3a611b-9d98-11e5-a73d-c04a00aa5181 : INSERT : 9f39ab2d-9d98-11e5-a73d-c04a00aa5181 added in Permissions by root@localhost'),('b918691f-9d98-11e5-a73d-c04a00aa5181','2015-12-08 10:44:57','new permission 9f3a611b-9d98-11e5-a73d-c04a00aa5181 : UPDATE_SELF : 9f39ab2d-9d98-11e5-a73d-c04a00aa5181 added in Permissions by root@localhost'),('b91872e9-9d98-11e5-a73d-c04a00aa5181','2015-12-08 10:44:57','new permission 9f3a611b-9d98-11e5-a73d-c04a00aa5181 : READ : 9f39ab2d-9d98-11e5-a73d-c04a00aa5181 added in Permissions by root@localhost'),('b91e5677-9d98-11e5-a73d-c04a00aa5181','2015-12-08 10:44:57','new permission 9f3a6127-9d98-11e5-a73d-c04a00aa5181 : INSERT : 9f39ac47-9d98-11e5-a73d-c04a00aa5181 added in Permissions by root@localhost'),('b91e5e5d-9d98-11e5-a73d-c04a00aa5181','2015-12-08 10:44:57','new permission 9f3a6127-9d98-11e5-a73d-c04a00aa5181 : UPDATE_SELF : 9f39ac47-9d98-11e5-a73d-c04a00aa5181 added in Permissions by root@localhost'),('b91e6418-9d98-11e5-a73d-c04a00aa5181','2015-12-08 10:44:57','new permission 9f3a6127-9d98-11e5-a73d-c04a00aa5181 : READ : 9f39ac47-9d98-11e5-a73d-c04a00aa5181 added in Permissions by root@localhost'),('b9242c89-9d98-11e5-a73d-c04a00aa5181','2015-12-08 10:44:57','new permission 9f3a6127-9d98-11e5-a73d-c04a00aa5181 : INSERT : 9f39ac5c-9d98-11e5-a73d-c04a00aa5181 added in Permissions by root@localhost'),('b9243362-9d98-11e5-a73d-c04a00aa5181','2015-12-08 10:44:57','new permission 9f3a6127-9d98-11e5-a73d-c04a00aa5181 : UPDATE_SELF : 9f39ac5c-9d98-11e5-a73d-c04a00aa5181 added in Permissions by root@localhost'),('b9243921-9d98-11e5-a73d-c04a00aa5181','2015-12-08 10:44:57','new permission 9f3a6127-9d98-11e5-a73d-c04a00aa5181 : READ : 9f39ac5c-9d98-11e5-a73d-c04a00aa5181 added in Permissions by root@localhost'),('b92a3362-9d98-11e5-a73d-c04a00aa5181','2015-12-08 10:44:57','new permission 9f3a6127-9d98-11e5-a73d-c04a00aa5181 : INSERT : 9f39ac0b-9d98-11e5-a73d-c04a00aa5181 added in Permissions by root@localhost'),('b92a3a11-9d98-11e5-a73d-c04a00aa5181','2015-12-08 10:44:57','new permission 9f3a6127-9d98-11e5-a73d-c04a00aa5181 : UPDATE_SELF : 9f39ac0b-9d98-11e5-a73d-c04a00aa5181 added in Permissions by root@localhost'),('b92a3fae-9d98-11e5-a73d-c04a00aa5181','2015-12-08 10:44:57','new permission 9f3a6127-9d98-11e5-a73d-c04a00aa5181 : READ : 9f39ac0b-9d98-11e5-a73d-c04a00aa5181 added in Permissions by root@localhost'),('b93010e8-9d98-11e5-a73d-c04a00aa5181','2015-12-08 10:44:57','new permission 9f3a6127-9d98-11e5-a73d-c04a00aa5181 : INSERT : 9f39abfa-9d98-11e5-a73d-c04a00aa5181 added in Permissions by root@localhost'),('b930183d-9d98-11e5-a73d-c04a00aa5181','2015-12-08 10:44:57','new permission 9f3a6127-9d98-11e5-a73d-c04a00aa5181 : UPDATE_SELF : 9f39abfa-9d98-11e5-a73d-c04a00aa5181 added in Permissions by root@localhost'),('b9301df4-9d98-11e5-a73d-c04a00aa5181','2015-12-08 10:44:57','new permission 9f3a6127-9d98-11e5-a73d-c04a00aa5181 : READ : 9f39abfa-9d98-11e5-a73d-c04a00aa5181 added in Permissions by root@localhost'),('b93614ee-9d98-11e5-a73d-c04a00aa5181','2015-12-08 10:44:57','new permission 9f3a6127-9d98-11e5-a73d-c04a00aa5181 : INSERT : 9f39ac1c-9d98-11e5-a73d-c04a00aa5181 added in Permissions by root@localhost'),('b9361fdb-9d98-11e5-a73d-c04a00aa5181','2015-12-08 10:44:57','new permission 9f3a6127-9d98-11e5-a73d-c04a00aa5181 : UPDATE_SELF : 9f39ac1c-9d98-11e5-a73d-c04a00aa5181 added in Permissions by root@localhost'),('b93629e9-9d98-11e5-a73d-c04a00aa5181','2015-12-08 10:44:57','new permission 9f3a6127-9d98-11e5-a73d-c04a00aa5181 : READ : 9f39ac1c-9d98-11e5-a73d-c04a00aa5181 added in Permissions by root@localhost'),('b93bebe3-9d98-11e5-a73d-c04a00aa5181','2015-12-08 10:44:57','new permission 9f3a6127-9d98-11e5-a73d-c04a00aa5181 : INSERT : 9f39abad-9d98-11e5-a73d-c04a00aa5181 added in Permissions by root@localhost'),('b93bf650-9d98-11e5-a73d-c04a00aa5181','2015-12-08 10:44:57','new permission 9f3a6127-9d98-11e5-a73d-c04a00aa5181 : UPDATE_SELF : 9f39abad-9d98-11e5-a73d-c04a00aa5181 added in Permissions by root@localhost'),('b93bfbd7-9d98-11e5-a73d-c04a00aa5181','2015-12-08 10:44:57','new permission 9f3a6127-9d98-11e5-a73d-c04a00aa5181 : READ : 9f39abad-9d98-11e5-a73d-c04a00aa5181 added in Permissions by root@localhost'),('b941efb2-9d98-11e5-a73d-c04a00aa5181','2015-12-08 10:44:57','new permission 9f3a6127-9d98-11e5-a73d-c04a00aa5181 : INSERT : 9f39abe5-9d98-11e5-a73d-c04a00aa5181 added in Permissions by root@localhost'),('b941f6dd-9d98-11e5-a73d-c04a00aa5181','2015-12-08 10:44:57','new permission 9f3a6127-9d98-11e5-a73d-c04a00aa5181 : UPDATE_SELF : 9f39abe5-9d98-11e5-a73d-c04a00aa5181 added in Permissions by root@localhost'),('b941fce5-9d98-11e5-a73d-c04a00aa5181','2015-12-08 10:44:57','new permission 9f3a6127-9d98-11e5-a73d-c04a00aa5181 : READ : 9f39abe5-9d98-11e5-a73d-c04a00aa5181 added in Permissions by root@localhost'),('b947c87e-9d98-11e5-a73d-c04a00aa5181','2015-12-08 10:44:57','new permission 9f3a6127-9d98-11e5-a73d-c04a00aa5181 : INSERT : 9f39abbe-9d98-11e5-a73d-c04a00aa5181 added in Permissions by root@localhost'),('b947cf86-9d98-11e5-a73d-c04a00aa5181','2015-12-08 10:44:57','new permission 9f3a6127-9d98-11e5-a73d-c04a00aa5181 : UPDATE_SELF : 9f39abbe-9d98-11e5-a73d-c04a00aa5181 added in Permissions by root@localhost'),('b947d5db-9d98-11e5-a73d-c04a00aa5181','2015-12-08 10:44:57','new permission 9f3a6127-9d98-11e5-a73d-c04a00aa5181 : READ : 9f39abbe-9d98-11e5-a73d-c04a00aa5181 added in Permissions by root@localhost'),('b94ddb40-9d98-11e5-a73d-c04a00aa5181','2015-12-08 10:44:57','new permission 9f3a6127-9d98-11e5-a73d-c04a00aa5181 : INSERT : 9f39abd3-9d98-11e5-a73d-c04a00aa5181 added in Permissions by root@localhost'),('b94de244-9d98-11e5-a73d-c04a00aa5181','2015-12-08 10:44:57','new permission 9f3a6127-9d98-11e5-a73d-c04a00aa5181 : UPDATE_SELF : 9f39abd3-9d98-11e5-a73d-c04a00aa5181 added in Permissions by root@localhost'),('b94de7f2-9d98-11e5-a73d-c04a00aa5181','2015-12-08 10:44:57','new permission 9f3a6127-9d98-11e5-a73d-c04a00aa5181 : READ : 9f39abd3-9d98-11e5-a73d-c04a00aa5181 added in Permissions by root@localhost'),('b953ad36-9d98-11e5-a73d-c04a00aa5181','2015-12-08 10:44:57','new permission 9f3a6127-9d98-11e5-a73d-c04a00aa5181 : INSERT : 9f39ab46-9d98-11e5-a73d-c04a00aa5181 added in Permissions by root@localhost'),('b953b716-9d98-11e5-a73d-c04a00aa5181','2015-12-08 10:44:57','new permission 9f3a6127-9d98-11e5-a73d-c04a00aa5181 : UPDATE_SELF : 9f39ab46-9d98-11e5-a73d-c04a00aa5181 added in Permissions by root@localhost'),('b953bd15-9d98-11e5-a73d-c04a00aa5181','2015-12-08 10:44:57','new permission 9f3a6127-9d98-11e5-a73d-c04a00aa5181 : READ : 9f39ab46-9d98-11e5-a73d-c04a00aa5181 added in Permissions by root@localhost'),('b959af26-9d98-11e5-a73d-c04a00aa5181','2015-12-08 10:44:57','new permission 9f3a6127-9d98-11e5-a73d-c04a00aa5181 : INSERT : 9f39ab9c-9d98-11e5-a73d-c04a00aa5181 added in Permissions by root@localhost'),('b959b648-9d98-11e5-a73d-c04a00aa5181','2015-12-08 10:44:57','new permission 9f3a6127-9d98-11e5-a73d-c04a00aa5181 : UPDATE_SELF : 9f39ab9c-9d98-11e5-a73d-c04a00aa5181 added in Permissions by root@localhost'),('b959bd95-9d98-11e5-a73d-c04a00aa5181','2015-12-08 10:44:57','new permission 9f3a6127-9d98-11e5-a73d-c04a00aa5181 : READ : 9f39ab9c-9d98-11e5-a73d-c04a00aa5181 added in Permissions by root@localhost'),('b95f89aa-9d98-11e5-a73d-c04a00aa5181','2015-12-08 10:44:57','new permission 9f3a6127-9d98-11e5-a73d-c04a00aa5181 : INSERT : 9f39ab86-9d98-11e5-a73d-c04a00aa5181 added in Permissions by root@localhost'),('b95f906e-9d98-11e5-a73d-c04a00aa5181','2015-12-08 10:44:57','new permission 9f3a6127-9d98-11e5-a73d-c04a00aa5181 : UPDATE_SELF : 9f39ab86-9d98-11e5-a73d-c04a00aa5181 added in Permissions by root@localhost'),('b95f9643-9d98-11e5-a73d-c04a00aa5181','2015-12-08 10:44:57','new permission 9f3a6127-9d98-11e5-a73d-c04a00aa5181 : READ : 9f39ab86-9d98-11e5-a73d-c04a00aa5181 added in Permissions by root@localhost'),('b9658c27-9d98-11e5-a73d-c04a00aa5181','2015-12-08 10:44:57','new permission 9f3a6127-9d98-11e5-a73d-c04a00aa5181 : INSERT : 9f39ab06-9d98-11e5-a73d-c04a00aa5181 added in Permissions by root@localhost'),('b96592b8-9d98-11e5-a73d-c04a00aa5181','2015-12-08 10:44:57','new permission 9f3a6127-9d98-11e5-a73d-c04a00aa5181 : UPDATE_SELF : 9f39ab06-9d98-11e5-a73d-c04a00aa5181 added in Permissions by root@localhost'),('b965982a-9d98-11e5-a73d-c04a00aa5181','2015-12-08 10:44:57','new permission 9f3a6127-9d98-11e5-a73d-c04a00aa5181 : READ : 9f39ab06-9d98-11e5-a73d-c04a00aa5181 added in Permissions by root@localhost'),('b96b6716-9d98-11e5-a73d-c04a00aa5181','2015-12-08 10:44:57','new permission 9f3a6127-9d98-11e5-a73d-c04a00aa5181 : INSERT : 9f39ab2d-9d98-11e5-a73d-c04a00aa5181 added in Permissions by root@localhost'),('b96b6dda-9d98-11e5-a73d-c04a00aa5181','2015-12-08 10:44:57','new permission 9f3a6127-9d98-11e5-a73d-c04a00aa5181 : UPDATE_SELF : 9f39ab2d-9d98-11e5-a73d-c04a00aa5181 added in Permissions by root@localhost'),('b96b73f7-9d98-11e5-a73d-c04a00aa5181','2015-12-08 10:44:57','new permission 9f3a6127-9d98-11e5-a73d-c04a00aa5181 : READ : 9f39ab2d-9d98-11e5-a73d-c04a00aa5181 added in Permissions by root@localhost'),('b9cc1016-9d98-11e5-a73d-c04a00aa5181','2015-12-08 10:44:58','new permission 9f3a6134-9d98-11e5-a73d-c04a00aa5181 : INSERT : 9f39abad-9d98-11e5-a73d-c04a00aa5181 added in Permissions by root@localhost'),('b9cc172b-9d98-11e5-a73d-c04a00aa5181','2015-12-08 10:44:58','new permission 9f3a6134-9d98-11e5-a73d-c04a00aa5181 : UPDATE_SELF : 9f39abad-9d98-11e5-a73d-c04a00aa5181 added in Permissions by root@localhost'),('b9cc1d15-9d98-11e5-a73d-c04a00aa5181','2015-12-08 10:44:58','new permission 9f3a6134-9d98-11e5-a73d-c04a00aa5181 : READ : 9f39abad-9d98-11e5-a73d-c04a00aa5181 added in Permissions by root@localhost'),('b9d20b0a-9d98-11e5-a73d-c04a00aa5181','2015-12-08 10:44:58','new permission 9f3a6134-9d98-11e5-a73d-c04a00aa5181 : INSERT : 9f39ab2d-9d98-11e5-a73d-c04a00aa5181 added in Permissions by root@localhost'),('b9d2125f-9d98-11e5-a73d-c04a00aa5181','2015-12-08 10:44:58','new permission 9f3a6134-9d98-11e5-a73d-c04a00aa5181 : UPDATE_SELF : 9f39ab2d-9d98-11e5-a73d-c04a00aa5181 added in Permissions by root@localhost'),('b9d21856-9d98-11e5-a73d-c04a00aa5181','2015-12-08 10:44:58','new permission 9f3a6134-9d98-11e5-a73d-c04a00aa5181 : READ : 9f39ab2d-9d98-11e5-a73d-c04a00aa5181 added in Permissions by root@localhost'),('b9d85aa3-9d98-11e5-a73d-c04a00aa5181','2015-12-08 10:44:58','new permission 9f3a6134-9d98-11e5-a73d-c04a00aa5181 : INSERT : 9f39ab86-9d98-11e5-a73d-c04a00aa5181 added in Permissions by root@localhost'),('b9d865e5-9d98-11e5-a73d-c04a00aa5181','2015-12-08 10:44:58','new permission 9f3a6134-9d98-11e5-a73d-c04a00aa5181 : UPDATE_SELF : 9f39ab86-9d98-11e5-a73d-c04a00aa5181 added in Permissions by root@localhost'),('b9d86fde-9d98-11e5-a73d-c04a00aa5181','2015-12-08 10:44:58','new permission 9f3a6134-9d98-11e5-a73d-c04a00aa5181 : READ : 9f39ab86-9d98-11e5-a73d-c04a00aa5181 added in Permissions by root@localhost'),('b9e35a6c-9d98-11e5-a73d-c04a00aa5181','2015-12-08 10:44:58','new permission 9f3a6134-9d98-11e5-a73d-c04a00aa5181 : INSERT : 9f39abfa-9d98-11e5-a73d-c04a00aa5181 added in Permissions by root@localhost'),('b9e3614a-9d98-11e5-a73d-c04a00aa5181','2015-12-08 10:44:58','new permission 9f3a6134-9d98-11e5-a73d-c04a00aa5181 : UPDATE_SELF : 9f39abfa-9d98-11e5-a73d-c04a00aa5181 added in Permissions by root@localhost'),('b9e3681a-9d98-11e5-a73d-c04a00aa5181','2015-12-08 10:44:58','new permission 9f3a6134-9d98-11e5-a73d-c04a00aa5181 : READ : 9f39abfa-9d98-11e5-a73d-c04a00aa5181 added in Permissions by root@localhost'),('b9eb67f2-9d98-11e5-a73d-c04a00aa5181','2015-12-08 10:44:58','new permission 9f3a6134-9d98-11e5-a73d-c04a00aa5181 : INSERT : 9f39ac1c-9d98-11e5-a73d-c04a00aa5181 added in Permissions by root@localhost'),('b9eb6ecc-9d98-11e5-a73d-c04a00aa5181','2015-12-08 10:44:58','new permission 9f3a6134-9d98-11e5-a73d-c04a00aa5181 : UPDATE_SELF : 9f39ac1c-9d98-11e5-a73d-c04a00aa5181 added in Permissions by root@localhost'),('b9eb74ad-9d98-11e5-a73d-c04a00aa5181','2015-12-08 10:44:58','new permission 9f3a6134-9d98-11e5-a73d-c04a00aa5181 : READ : 9f39ac1c-9d98-11e5-a73d-c04a00aa5181 added in Permissions by root@localhost'),('b9f4c65f-9d98-11e5-a73d-c04a00aa5181','2015-12-08 10:44:58','new permission 9f3a6134-9d98-11e5-a73d-c04a00aa5181 : INSERT : 9f39ac0b-9d98-11e5-a73d-c04a00aa5181 added in Permissions by root@localhost'),('b9f4cd2b-9d98-11e5-a73d-c04a00aa5181','2015-12-08 10:44:58','new permission 9f3a6134-9d98-11e5-a73d-c04a00aa5181 : UPDATE_SELF : 9f39ac0b-9d98-11e5-a73d-c04a00aa5181 added in Permissions by root@localhost'),('b9f4d5f9-9d98-11e5-a73d-c04a00aa5181','2015-12-08 10:44:58','new permission 9f3a6134-9d98-11e5-a73d-c04a00aa5181 : READ : 9f39ac0b-9d98-11e5-a73d-c04a00aa5181 added in Permissions by root@localhost'),('b9fac21c-9d98-11e5-a73d-c04a00aa5181','2015-12-08 10:44:58','new permission 9f3a6134-9d98-11e5-a73d-c04a00aa5181 : INSERT : 9f39ab46-9d98-11e5-a73d-c04a00aa5181 added in Permissions by root@localhost'),('b9fac947-9d98-11e5-a73d-c04a00aa5181','2015-12-08 10:44:58','new permission 9f3a6134-9d98-11e5-a73d-c04a00aa5181 : UPDATE_SELF : 9f39ab46-9d98-11e5-a73d-c04a00aa5181 added in Permissions by root@localhost'),('b9fad158-9d98-11e5-a73d-c04a00aa5181','2015-12-08 10:44:58','new permission 9f3a6134-9d98-11e5-a73d-c04a00aa5181 : READ : 9f39ab46-9d98-11e5-a73d-c04a00aa5181 added in Permissions by root@localhost'),('ba00c4d1-9d98-11e5-a73d-c04a00aa5181','2015-12-08 10:44:58','new permission 9f3a6134-9d98-11e5-a73d-c04a00aa5181 : INSERT : 9f39abd3-9d98-11e5-a73d-c04a00aa5181 added in Permissions by root@localhost'),('ba00cfe4-9d98-11e5-a73d-c04a00aa5181','2015-12-08 10:44:58','new permission 9f3a6134-9d98-11e5-a73d-c04a00aa5181 : UPDATE_SELF : 9f39abd3-9d98-11e5-a73d-c04a00aa5181 added in Permissions by root@localhost'),('ba00d93b-9d98-11e5-a73d-c04a00aa5181','2015-12-08 10:44:58','new permission 9f3a6134-9d98-11e5-a73d-c04a00aa5181 : READ : 9f39abd3-9d98-11e5-a73d-c04a00aa5181 added in Permissions by root@localhost'),('ba069a27-9d98-11e5-a73d-c04a00aa5181','2015-12-08 10:44:58','new permission 9f3a6134-9d98-11e5-a73d-c04a00aa5181 : INSERT : 9f39ac5c-9d98-11e5-a73d-c04a00aa5181 added in Permissions by root@localhost'),('ba06a20e-9d98-11e5-a73d-c04a00aa5181','2015-12-08 10:44:58','new permission 9f3a6134-9d98-11e5-a73d-c04a00aa5181 : UPDATE_SELF : 9f39ac5c-9d98-11e5-a73d-c04a00aa5181 added in Permissions by root@localhost'),('ba06a7e2-9d98-11e5-a73d-c04a00aa5181','2015-12-08 10:44:58','new permission 9f3a6134-9d98-11e5-a73d-c04a00aa5181 : READ : 9f39ac5c-9d98-11e5-a73d-c04a00aa5181 added in Permissions by root@localhost'),('ba0c808b-9d98-11e5-a73d-c04a00aa5181','2015-12-08 10:44:58','new permission 9f3a6134-9d98-11e5-a73d-c04a00aa5181 : INSERT : 9f39aacf-9d98-11e5-a73d-c04a00aa5181 added in Permissions by root@localhost'),('ba0c8731-9d98-11e5-a73d-c04a00aa5181','2015-12-08 10:44:58','new permission 9f3a6134-9d98-11e5-a73d-c04a00aa5181 : UPDATE_SELF : 9f39aacf-9d98-11e5-a73d-c04a00aa5181 added in Permissions by root@localhost'),('ba0c8cdb-9d98-11e5-a73d-c04a00aa5181','2015-12-08 10:44:58','new permission 9f3a6134-9d98-11e5-a73d-c04a00aa5181 : READ : 9f39aacf-9d98-11e5-a73d-c04a00aa5181 added in Permissions by root@localhost'),('ba12a7d5-9d98-11e5-a73d-c04a00aa5181','2015-12-08 10:44:58','new permission 9f3a6134-9d98-11e5-a73d-c04a00aa5181 : INSERT : 9f39abe5-9d98-11e5-a73d-c04a00aa5181 added in Permissions by root@localhost'),('ba12af15-9d98-11e5-a73d-c04a00aa5181','2015-12-08 10:44:58','new permission 9f3a6134-9d98-11e5-a73d-c04a00aa5181 : UPDATE_SELF : 9f39abe5-9d98-11e5-a73d-c04a00aa5181 added in Permissions by root@localhost'),('ba12b537-9d98-11e5-a73d-c04a00aa5181','2015-12-08 10:44:58','new permission 9f3a6134-9d98-11e5-a73d-c04a00aa5181 : READ : 9f39abe5-9d98-11e5-a73d-c04a00aa5181 added in Permissions by root@localhost'),('ba186369-9d98-11e5-a73d-c04a00aa5181','2015-12-08 10:44:58','new permission 9f3a613d-9d98-11e5-a73d-c04a00aa5181 : INSERT : 9f39ab9c-9d98-11e5-a73d-c04a00aa5181 added in Permissions by root@localhost'),('ba186f1b-9d98-11e5-a73d-c04a00aa5181','2015-12-08 10:44:58','new permission 9f3a613d-9d98-11e5-a73d-c04a00aa5181 : UPDATE_SELF : 9f39ab9c-9d98-11e5-a73d-c04a00aa5181 added in Permissions by root@localhost'),('ba187947-9d98-11e5-a73d-c04a00aa5181','2015-12-08 10:44:58','new permission 9f3a613d-9d98-11e5-a73d-c04a00aa5181 : READ : 9f39ab9c-9d98-11e5-a73d-c04a00aa5181 added in Permissions by root@localhost'),('ba1e59f9-9d98-11e5-a73d-c04a00aa5181','2015-12-08 10:44:58','new permission 9f3a613d-9d98-11e5-a73d-c04a00aa5181 : INSERT : 9f39ac47-9d98-11e5-a73d-c04a00aa5181 added in Permissions by root@localhost'),('ba1e7549-9d98-11e5-a73d-c04a00aa5181','2015-12-08 10:44:58','new permission 9f3a613d-9d98-11e5-a73d-c04a00aa5181 : UPDATE_SELF : 9f39ac47-9d98-11e5-a73d-c04a00aa5181 added in Permissions by root@localhost'),('ba1e7b3b-9d98-11e5-a73d-c04a00aa5181','2015-12-08 10:44:58','new permission 9f3a613d-9d98-11e5-a73d-c04a00aa5181 : READ : 9f39ac47-9d98-11e5-a73d-c04a00aa5181 added in Permissions by root@localhost'),('ba244a45-9d98-11e5-a73d-c04a00aa5181','2015-12-08 10:44:58','new permission 9f3a613d-9d98-11e5-a73d-c04a00aa5181 : INSERT : 9f39ab86-9d98-11e5-a73d-c04a00aa5181 added in Permissions by root@localhost'),('ba2455b7-9d98-11e5-a73d-c04a00aa5181','2015-12-08 10:44:58','new permission 9f3a613d-9d98-11e5-a73d-c04a00aa5181 : UPDATE_SELF : 9f39ab86-9d98-11e5-a73d-c04a00aa5181 added in Permissions by root@localhost'),('ba246038-9d98-11e5-a73d-c04a00aa5181','2015-12-08 10:44:58','new permission 9f3a613d-9d98-11e5-a73d-c04a00aa5181 : READ : 9f39ab86-9d98-11e5-a73d-c04a00aa5181 added in Permissions by root@localhost'),('ba2a34f0-9d98-11e5-a73d-c04a00aa5181','2015-12-08 10:44:58','new permission 9f3a613d-9d98-11e5-a73d-c04a00aa5181 : INSERT : 9f39ac5c-9d98-11e5-a73d-c04a00aa5181 added in Permissions by root@localhost'),('ba2a3c0a-9d98-11e5-a73d-c04a00aa5181','2015-12-08 10:44:58','new permission 9f3a613d-9d98-11e5-a73d-c04a00aa5181 : UPDATE_SELF : 9f39ac5c-9d98-11e5-a73d-c04a00aa5181 added in Permissions by root@localhost'),('ba2a4223-9d98-11e5-a73d-c04a00aa5181','2015-12-08 10:44:58','new permission 9f3a613d-9d98-11e5-a73d-c04a00aa5181 : READ : 9f39ac5c-9d98-11e5-a73d-c04a00aa5181 added in Permissions by root@localhost'),('ba302444-9d98-11e5-a73d-c04a00aa5181','2015-12-08 10:44:58','new permission 9f3a613d-9d98-11e5-a73d-c04a00aa5181 : INSERT : 9f39ab06-9d98-11e5-a73d-c04a00aa5181 added in Permissions by root@localhost'),('ba302b55-9d98-11e5-a73d-c04a00aa5181','2015-12-08 10:44:58','new permission 9f3a613d-9d98-11e5-a73d-c04a00aa5181 : UPDATE_SELF : 9f39ab06-9d98-11e5-a73d-c04a00aa5181 added in Permissions by root@localhost'),('ba303114-9d98-11e5-a73d-c04a00aa5181','2015-12-08 10:44:58','new permission 9f3a613d-9d98-11e5-a73d-c04a00aa5181 : READ : 9f39ab06-9d98-11e5-a73d-c04a00aa5181 added in Permissions by root@localhost'),('ba37cbba-9d98-11e5-a73d-c04a00aa5181','2015-12-08 10:44:58','new permission 9f3a613d-9d98-11e5-a73d-c04a00aa5181 : INSERT : 9f39aacf-9d98-11e5-a73d-c04a00aa5181 added in Permissions by root@localhost'),('ba37d78a-9d98-11e5-a73d-c04a00aa5181','2015-12-08 10:44:58','new permission 9f3a613d-9d98-11e5-a73d-c04a00aa5181 : UPDATE_SELF : 9f39aacf-9d98-11e5-a73d-c04a00aa5181 added in Permissions by root@localhost'),('ba37dd9e-9d98-11e5-a73d-c04a00aa5181','2015-12-08 10:44:58','new permission 9f3a613d-9d98-11e5-a73d-c04a00aa5181 : READ : 9f39aacf-9d98-11e5-a73d-c04a00aa5181 added in Permissions by root@localhost'),('ba3dc6af-9d98-11e5-a73d-c04a00aa5181','2015-12-08 10:44:58','new permission 9f3a613d-9d98-11e5-a73d-c04a00aa5181 : INSERT : 9f39ab46-9d98-11e5-a73d-c04a00aa5181 added in Permissions by root@localhost'),('ba3dcefc-9d98-11e5-a73d-c04a00aa5181','2015-12-08 10:44:58','new permission 9f3a613d-9d98-11e5-a73d-c04a00aa5181 : UPDATE_SELF : 9f39ab46-9d98-11e5-a73d-c04a00aa5181 added in Permissions by root@localhost'),('ba3dd5eb-9d98-11e5-a73d-c04a00aa5181','2015-12-08 10:44:58','new permission 9f3a613d-9d98-11e5-a73d-c04a00aa5181 : READ : 9f39ab46-9d98-11e5-a73d-c04a00aa5181 added in Permissions by root@localhost'),('ba43a694-9d98-11e5-a73d-c04a00aa5181','2015-12-08 10:44:59','new permission 9f3a613d-9d98-11e5-a73d-c04a00aa5181 : INSERT : 9f39abe5-9d98-11e5-a73d-c04a00aa5181 added in Permissions by root@localhost'),('ba43ad6d-9d98-11e5-a73d-c04a00aa5181','2015-12-08 10:44:59','new permission 9f3a613d-9d98-11e5-a73d-c04a00aa5181 : UPDATE_SELF : 9f39abe5-9d98-11e5-a73d-c04a00aa5181 added in Permissions by root@localhost'),('ba43b446-9d98-11e5-a73d-c04a00aa5181','2015-12-08 10:44:59','new permission 9f3a613d-9d98-11e5-a73d-c04a00aa5181 : READ : 9f39abe5-9d98-11e5-a73d-c04a00aa5181 added in Permissions by root@localhost'),('ba499cf9-9d98-11e5-a73d-c04a00aa5181','2015-12-08 10:44:59','new permission 9f3a613d-9d98-11e5-a73d-c04a00aa5181 : INSERT : 9f39ac0b-9d98-11e5-a73d-c04a00aa5181 added in Permissions by root@localhost'),('ba49a82a-9d98-11e5-a73d-c04a00aa5181','2015-12-08 10:44:59','new permission 9f3a613d-9d98-11e5-a73d-c04a00aa5181 : UPDATE_SELF : 9f39ac0b-9d98-11e5-a73d-c04a00aa5181 added in Permissions by root@localhost'),('ba49b230-9d98-11e5-a73d-c04a00aa5181','2015-12-08 10:44:59','new permission 9f3a613d-9d98-11e5-a73d-c04a00aa5181 : READ : 9f39ac0b-9d98-11e5-a73d-c04a00aa5181 added in Permissions by root@localhost'),('ba513aed-9d98-11e5-a73d-c04a00aa5181','2015-12-08 10:44:59','new permission 9f3a613d-9d98-11e5-a73d-c04a00aa5181 : INSERT : 9f39ac1c-9d98-11e5-a73d-c04a00aa5181 added in Permissions by root@localhost'),('ba51424b-9d98-11e5-a73d-c04a00aa5181','2015-12-08 10:44:59','new permission 9f3a613d-9d98-11e5-a73d-c04a00aa5181 : UPDATE_SELF : 9f39ac1c-9d98-11e5-a73d-c04a00aa5181 added in Permissions by root@localhost'),('ba5147d7-9d98-11e5-a73d-c04a00aa5181','2015-12-08 10:44:59','new permission 9f3a613d-9d98-11e5-a73d-c04a00aa5181 : READ : 9f39ac1c-9d98-11e5-a73d-c04a00aa5181 added in Permissions by root@localhost'),('ba572b57-9d98-11e5-a73d-c04a00aa5181','2015-12-08 10:44:59','new permission 9f3a613d-9d98-11e5-a73d-c04a00aa5181 : INSERT : 9f39abd3-9d98-11e5-a73d-c04a00aa5181 added in Permissions by root@localhost'),('ba5732b1-9d98-11e5-a73d-c04a00aa5181','2015-12-08 10:44:59','new permission 9f3a613d-9d98-11e5-a73d-c04a00aa5181 : UPDATE_SELF : 9f39abd3-9d98-11e5-a73d-c04a00aa5181 added in Permissions by root@localhost'),('ba573901-9d98-11e5-a73d-c04a00aa5181','2015-12-08 10:44:59','new permission 9f3a613d-9d98-11e5-a73d-c04a00aa5181 : READ : 9f39abd3-9d98-11e5-a73d-c04a00aa5181 added in Permissions by root@localhost'),('ba5ecc5b-9d98-11e5-a73d-c04a00aa5181','2015-12-08 10:44:59','new permission 9f3a613d-9d98-11e5-a73d-c04a00aa5181 : INSERT : 9f39abfa-9d98-11e5-a73d-c04a00aa5181 added in Permissions by root@localhost'),('ba5ed349-9d98-11e5-a73d-c04a00aa5181','2015-12-08 10:44:59','new permission 9f3a613d-9d98-11e5-a73d-c04a00aa5181 : UPDATE_SELF : 9f39abfa-9d98-11e5-a73d-c04a00aa5181 added in Permissions by root@localhost'),('ba5ed937-9d98-11e5-a73d-c04a00aa5181','2015-12-08 10:44:59','new permission 9f3a613d-9d98-11e5-a73d-c04a00aa5181 : READ : 9f39abfa-9d98-11e5-a73d-c04a00aa5181 added in Permissions by root@localhost'),('ba64bf0a-9d98-11e5-a73d-c04a00aa5181','2015-12-08 10:44:59','new permission 9f3a6145-9d98-11e5-a73d-c04a00aa5181 : INSERT : 9f39ab06-9d98-11e5-a73d-c04a00aa5181 added in Permissions by root@localhost'),('ba64c5d7-9d98-11e5-a73d-c04a00aa5181','2015-12-08 10:44:59','new permission 9f3a6145-9d98-11e5-a73d-c04a00aa5181 : UPDATE_SELF : 9f39ab06-9d98-11e5-a73d-c04a00aa5181 added in Permissions by root@localhost'),('ba64cc52-9d98-11e5-a73d-c04a00aa5181','2015-12-08 10:44:59','new permission 9f3a6145-9d98-11e5-a73d-c04a00aa5181 : READ : 9f39ab06-9d98-11e5-a73d-c04a00aa5181 added in Permissions by root@localhost'),('ba6aa8f9-9d98-11e5-a73d-c04a00aa5181','2015-12-08 10:44:59','new permission 9f3a6145-9d98-11e5-a73d-c04a00aa5181 : INSERT : 9f39ac47-9d98-11e5-a73d-c04a00aa5181 added in Permissions by root@localhost'),('ba6aafce-9d98-11e5-a73d-c04a00aa5181','2015-12-08 10:44:59','new permission 9f3a6145-9d98-11e5-a73d-c04a00aa5181 : UPDATE_SELF : 9f39ac47-9d98-11e5-a73d-c04a00aa5181 added in Permissions by root@localhost'),('ba6ab5da-9d98-11e5-a73d-c04a00aa5181','2015-12-08 10:44:59','new permission 9f3a6145-9d98-11e5-a73d-c04a00aa5181 : READ : 9f39ac47-9d98-11e5-a73d-c04a00aa5181 added in Permissions by root@localhost'),('ba70bfb9-9d98-11e5-a73d-c04a00aa5181','2015-12-08 10:44:59','new permission 9f3a6145-9d98-11e5-a73d-c04a00aa5181 : INSERT : 9f39ac1c-9d98-11e5-a73d-c04a00aa5181 added in Permissions by root@localhost'),('ba70cc6c-9d98-11e5-a73d-c04a00aa5181','2015-12-08 10:44:59','new permission 9f3a6145-9d98-11e5-a73d-c04a00aa5181 : UPDATE_SELF : 9f39ac1c-9d98-11e5-a73d-c04a00aa5181 added in Permissions by root@localhost'),('ba70d72e-9d98-11e5-a73d-c04a00aa5181','2015-12-08 10:44:59','new permission 9f3a6145-9d98-11e5-a73d-c04a00aa5181 : READ : 9f39ac1c-9d98-11e5-a73d-c04a00aa5181 added in Permissions by root@localhost'),('ba7686a5-9d98-11e5-a73d-c04a00aa5181','2015-12-08 10:44:59','new permission 9f3a6145-9d98-11e5-a73d-c04a00aa5181 : INSERT : 9f39ab9c-9d98-11e5-a73d-c04a00aa5181 added in Permissions by root@localhost'),('ba768da9-9d98-11e5-a73d-c04a00aa5181','2015-12-08 10:44:59','new permission 9f3a6145-9d98-11e5-a73d-c04a00aa5181 : UPDATE_SELF : 9f39ab9c-9d98-11e5-a73d-c04a00aa5181 added in Permissions by root@localhost'),('ba769644-9d98-11e5-a73d-c04a00aa5181','2015-12-08 10:44:59','new permission 9f3a6145-9d98-11e5-a73d-c04a00aa5181 : READ : 9f39ab9c-9d98-11e5-a73d-c04a00aa5181 added in Permissions by root@localhost'),('ba7c795d-9d98-11e5-a73d-c04a00aa5181','2015-12-08 10:44:59','new permission 9f3a6145-9d98-11e5-a73d-c04a00aa5181 : INSERT : 9f39abfa-9d98-11e5-a73d-c04a00aa5181 added in Permissions by root@localhost'),('ba7c8073-9d98-11e5-a73d-c04a00aa5181','2015-12-08 10:44:59','new permission 9f3a6145-9d98-11e5-a73d-c04a00aa5181 : UPDATE_SELF : 9f39abfa-9d98-11e5-a73d-c04a00aa5181 added in Permissions by root@localhost'),('ba7c863e-9d98-11e5-a73d-c04a00aa5181','2015-12-08 10:44:59','new permission 9f3a6145-9d98-11e5-a73d-c04a00aa5181 : READ : 9f39abfa-9d98-11e5-a73d-c04a00aa5181 added in Permissions by root@localhost'),('ba825c84-9d98-11e5-a73d-c04a00aa5181','2015-12-08 10:44:59','new permission 9f3a6145-9d98-11e5-a73d-c04a00aa5181 : INSERT : 9f39ab86-9d98-11e5-a73d-c04a00aa5181 added in Permissions by root@localhost'),('ba82647c-9d98-11e5-a73d-c04a00aa5181','2015-12-08 10:44:59','new permission 9f3a6145-9d98-11e5-a73d-c04a00aa5181 : UPDATE_SELF : 9f39ab86-9d98-11e5-a73d-c04a00aa5181 added in Permissions by root@localhost'),('ba827e8b-9d98-11e5-a73d-c04a00aa5181','2015-12-08 10:44:59','new permission 9f3a6145-9d98-11e5-a73d-c04a00aa5181 : READ : 9f39ab86-9d98-11e5-a73d-c04a00aa5181 added in Permissions by root@localhost'),('ba885e27-9d98-11e5-a73d-c04a00aa5181','2015-12-08 10:44:59','new permission 9f3a6145-9d98-11e5-a73d-c04a00aa5181 : INSERT : 9f39ac5c-9d98-11e5-a73d-c04a00aa5181 added in Permissions by root@localhost'),('ba88655a-9d98-11e5-a73d-c04a00aa5181','2015-12-08 10:44:59','new permission 9f3a6145-9d98-11e5-a73d-c04a00aa5181 : UPDATE_SELF : 9f39ac5c-9d98-11e5-a73d-c04a00aa5181 added in Permissions by root@localhost'),('ba886b51-9d98-11e5-a73d-c04a00aa5181','2015-12-08 10:44:59','new permission 9f3a6145-9d98-11e5-a73d-c04a00aa5181 : READ : 9f39ac5c-9d98-11e5-a73d-c04a00aa5181 added in Permissions by root@localhost'),('ba8ff4e9-9d98-11e5-a73d-c04a00aa5181','2015-12-08 10:44:59','new permission 9f3a6145-9d98-11e5-a73d-c04a00aa5181 : INSERT : 9f39ab2d-9d98-11e5-a73d-c04a00aa5181 added in Permissions by root@localhost'),('ba8fff6a-9d98-11e5-a73d-c04a00aa5181','2015-12-08 10:44:59','new permission 9f3a6145-9d98-11e5-a73d-c04a00aa5181 : UPDATE_SELF : 9f39ab2d-9d98-11e5-a73d-c04a00aa5181 added in Permissions by root@localhost'),('ba90095f-9d98-11e5-a73d-c04a00aa5181','2015-12-08 10:44:59','new permission 9f3a6145-9d98-11e5-a73d-c04a00aa5181 : READ : 9f39ab2d-9d98-11e5-a73d-c04a00aa5181 added in Permissions by root@localhost'),('ba95ed9c-9d98-11e5-a73d-c04a00aa5181','2015-12-08 10:44:59','new permission 9f3a6145-9d98-11e5-a73d-c04a00aa5181 : INSERT : 9f39ac0b-9d98-11e5-a73d-c04a00aa5181 added in Permissions by root@localhost'),('ba95f453-9d98-11e5-a73d-c04a00aa5181','2015-12-08 10:44:59','new permission 9f3a6145-9d98-11e5-a73d-c04a00aa5181 : UPDATE_SELF : 9f39ac0b-9d98-11e5-a73d-c04a00aa5181 added in Permissions by root@localhost'),('ba960e55-9d98-11e5-a73d-c04a00aa5181','2015-12-08 10:44:59','new permission 9f3a6145-9d98-11e5-a73d-c04a00aa5181 : READ : 9f39ac0b-9d98-11e5-a73d-c04a00aa5181 added in Permissions by root@localhost'),('ba9be31e-9d98-11e5-a73d-c04a00aa5181','2015-12-08 10:44:59','new permission 9f3a6145-9d98-11e5-a73d-c04a00aa5181 : INSERT : 9f39abe5-9d98-11e5-a73d-c04a00aa5181 added in Permissions by root@localhost'),('ba9bef88-9d98-11e5-a73d-c04a00aa5181','2015-12-08 10:44:59','new permission 9f3a6145-9d98-11e5-a73d-c04a00aa5181 : UPDATE_SELF : 9f39abe5-9d98-11e5-a73d-c04a00aa5181 added in Permissions by root@localhost'),('ba9bf9fd-9d98-11e5-a73d-c04a00aa5181','2015-12-08 10:44:59','new permission 9f3a6145-9d98-11e5-a73d-c04a00aa5181 : READ : 9f39abe5-9d98-11e5-a73d-c04a00aa5181 added in Permissions by root@localhost'),('baa1c42a-9d98-11e5-a73d-c04a00aa5181','2015-12-08 10:44:59','new permission 9f3a6145-9d98-11e5-a73d-c04a00aa5181 : INSERT : 9f39abd3-9d98-11e5-a73d-c04a00aa5181 added in Permissions by root@localhost'),('baa1cd81-9d98-11e5-a73d-c04a00aa5181','2015-12-08 10:44:59','new permission 9f3a6145-9d98-11e5-a73d-c04a00aa5181 : UPDATE_SELF : 9f39abd3-9d98-11e5-a73d-c04a00aa5181 added in Permissions by root@localhost'),('baa1d451-9d98-11e5-a73d-c04a00aa5181','2015-12-08 10:44:59','new permission 9f3a6145-9d98-11e5-a73d-c04a00aa5181 : READ : 9f39abd3-9d98-11e5-a73d-c04a00aa5181 added in Permissions by root@localhost'),('baa96849-9d98-11e5-a73d-c04a00aa5181','2015-12-08 10:44:59','new permission 9f3a614e-9d98-11e5-a73d-c04a00aa5181 : INSERT : 9f39ac0b-9d98-11e5-a73d-c04a00aa5181 added in Permissions by root@localhost'),('baa96f55-9d98-11e5-a73d-c04a00aa5181','2015-12-08 10:44:59','new permission 9f3a614e-9d98-11e5-a73d-c04a00aa5181 : UPDATE_SELF : 9f39ac0b-9d98-11e5-a73d-c04a00aa5181 added in Permissions by root@localhost'),('baa9750c-9d98-11e5-a73d-c04a00aa5181','2015-12-08 10:44:59','new permission 9f3a614e-9d98-11e5-a73d-c04a00aa5181 : READ : 9f39ac0b-9d98-11e5-a73d-c04a00aa5181 added in Permissions by root@localhost'),('baaf5955-9d98-11e5-a73d-c04a00aa5181','2015-12-08 10:44:59','new permission 9f3a614e-9d98-11e5-a73d-c04a00aa5181 : INSERT : 9f39ab9c-9d98-11e5-a73d-c04a00aa5181 added in Permissions by root@localhost'),('baaf6417-9d98-11e5-a73d-c04a00aa5181','2015-12-08 10:44:59','new permission 9f3a614e-9d98-11e5-a73d-c04a00aa5181 : UPDATE_SELF : 9f39ab9c-9d98-11e5-a73d-c04a00aa5181 added in Permissions by root@localhost'),('baaf6d98-9d98-11e5-a73d-c04a00aa5181','2015-12-08 10:44:59','new permission 9f3a614e-9d98-11e5-a73d-c04a00aa5181 : READ : 9f39ab9c-9d98-11e5-a73d-c04a00aa5181 added in Permissions by root@localhost'),('bab70b4d-9d98-11e5-a73d-c04a00aa5181','2015-12-08 10:44:59','new permission 9f3a614e-9d98-11e5-a73d-c04a00aa5181 : INSERT : 9f39ab86-9d98-11e5-a73d-c04a00aa5181 added in Permissions by root@localhost'),('bab71bd7-9d98-11e5-a73d-c04a00aa5181','2015-12-08 10:44:59','new permission 9f3a614e-9d98-11e5-a73d-c04a00aa5181 : UPDATE_SELF : 9f39ab86-9d98-11e5-a73d-c04a00aa5181 added in Permissions by root@localhost'),('bab725ff-9d98-11e5-a73d-c04a00aa5181','2015-12-08 10:44:59','new permission 9f3a614e-9d98-11e5-a73d-c04a00aa5181 : READ : 9f39ab86-9d98-11e5-a73d-c04a00aa5181 added in Permissions by root@localhost'),('bac1884e-9d98-11e5-a73d-c04a00aa5181','2015-12-08 10:44:59','new permission 9f3a614e-9d98-11e5-a73d-c04a00aa5181 : INSERT : 9f39ac47-9d98-11e5-a73d-c04a00aa5181 added in Permissions by root@localhost'),('bac19eed-9d98-11e5-a73d-c04a00aa5181','2015-12-08 10:44:59','new permission 9f3a614e-9d98-11e5-a73d-c04a00aa5181 : UPDATE_SELF : 9f39ac47-9d98-11e5-a73d-c04a00aa5181 added in Permissions by root@localhost'),('bac1a87b-9d98-11e5-a73d-c04a00aa5181','2015-12-08 10:44:59','new permission 9f3a614e-9d98-11e5-a73d-c04a00aa5181 : READ : 9f39ac47-9d98-11e5-a73d-c04a00aa5181 added in Permissions by root@localhost'),('bac9b69f-9d98-11e5-a73d-c04a00aa5181','2015-12-08 10:44:59','new permission 9f3a614e-9d98-11e5-a73d-c04a00aa5181 : INSERT : 9f39ac1c-9d98-11e5-a73d-c04a00aa5181 added in Permissions by root@localhost'),('bac9c22e-9d98-11e5-a73d-c04a00aa5181','2015-12-08 10:44:59','new permission 9f3a614e-9d98-11e5-a73d-c04a00aa5181 : UPDATE_SELF : 9f39ac1c-9d98-11e5-a73d-c04a00aa5181 added in Permissions by root@localhost'),('bac9ccb0-9d98-11e5-a73d-c04a00aa5181','2015-12-08 10:44:59','new permission 9f3a614e-9d98-11e5-a73d-c04a00aa5181 : READ : 9f39ac1c-9d98-11e5-a73d-c04a00aa5181 added in Permissions by root@localhost'),('bacfa34b-9d98-11e5-a73d-c04a00aa5181','2015-12-08 10:44:59','new permission 9f3a614e-9d98-11e5-a73d-c04a00aa5181 : INSERT : 9f39ac5c-9d98-11e5-a73d-c04a00aa5181 added in Permissions by root@localhost'),('bacfaa83-9d98-11e5-a73d-c04a00aa5181','2015-12-08 10:44:59','new permission 9f3a614e-9d98-11e5-a73d-c04a00aa5181 : UPDATE_SELF : 9f39ac5c-9d98-11e5-a73d-c04a00aa5181 added in Permissions by root@localhost'),('bacfb13e-9d98-11e5-a73d-c04a00aa5181','2015-12-08 10:44:59','new permission 9f3a614e-9d98-11e5-a73d-c04a00aa5181 : READ : 9f39ac5c-9d98-11e5-a73d-c04a00aa5181 added in Permissions by root@localhost'),('badb6bb8-9d98-11e5-a73d-c04a00aa5181','2015-12-08 10:45:00','new permission 9f3a614e-9d98-11e5-a73d-c04a00aa5181 : INSERT : 9f39abfa-9d98-11e5-a73d-c04a00aa5181 added in Permissions by root@localhost'),('badb75d3-9d98-11e5-a73d-c04a00aa5181','2015-12-08 10:45:00','new permission 9f3a614e-9d98-11e5-a73d-c04a00aa5181 : UPDATE_SELF : 9f39abfa-9d98-11e5-a73d-c04a00aa5181 added in Permissions by root@localhost'),('badb7f3b-9d98-11e5-a73d-c04a00aa5181','2015-12-08 10:45:00','new permission 9f3a614e-9d98-11e5-a73d-c04a00aa5181 : READ : 9f39abfa-9d98-11e5-a73d-c04a00aa5181 added in Permissions by root@localhost'),('bae24cea-9d98-11e5-a73d-c04a00aa5181','2015-12-08 10:45:00','new permission 9f3a614e-9d98-11e5-a73d-c04a00aa5181 : INSERT : 9f39ab2d-9d98-11e5-a73d-c04a00aa5181 added in Permissions by root@localhost'),('bae25c3b-9d98-11e5-a73d-c04a00aa5181','2015-12-08 10:45:00','new permission 9f3a614e-9d98-11e5-a73d-c04a00aa5181 : UPDATE_SELF : 9f39ab2d-9d98-11e5-a73d-c04a00aa5181 added in Permissions by root@localhost'),('bae265cd-9d98-11e5-a73d-c04a00aa5181','2015-12-08 10:45:00','new permission 9f3a614e-9d98-11e5-a73d-c04a00aa5181 : READ : 9f39ab2d-9d98-11e5-a73d-c04a00aa5181 added in Permissions by root@localhost'),('bae9f6dd-9d98-11e5-a73d-c04a00aa5181','2015-12-08 10:45:00','new permission 9f3a614e-9d98-11e5-a73d-c04a00aa5181 : INSERT : 9f39ab06-9d98-11e5-a73d-c04a00aa5181 added in Permissions by root@localhost'),('baea0b17-9d98-11e5-a73d-c04a00aa5181','2015-12-08 10:45:00','new permission 9f3a614e-9d98-11e5-a73d-c04a00aa5181 : UPDATE_SELF : 9f39ab06-9d98-11e5-a73d-c04a00aa5181 added in Permissions by root@localhost'),('baea8eb0-9d98-11e5-a73d-c04a00aa5181','2015-12-08 10:45:00','new permission 9f3a614e-9d98-11e5-a73d-c04a00aa5181 : READ : 9f39ab06-9d98-11e5-a73d-c04a00aa5181 added in Permissions by root@localhost'),('baefcbd9-9d98-11e5-a73d-c04a00aa5181','2015-12-08 10:45:00','new permission 9f3a614e-9d98-11e5-a73d-c04a00aa5181 : INSERT : 9f39abd3-9d98-11e5-a73d-c04a00aa5181 added in Permissions by root@localhost'),('baefd229-9d98-11e5-a73d-c04a00aa5181','2015-12-08 10:45:00','new permission 9f3a614e-9d98-11e5-a73d-c04a00aa5181 : UPDATE_SELF : 9f39abd3-9d98-11e5-a73d-c04a00aa5181 added in Permissions by root@localhost'),('baefd74e-9d98-11e5-a73d-c04a00aa5181','2015-12-08 10:45:00','new permission 9f3a614e-9d98-11e5-a73d-c04a00aa5181 : READ : 9f39abd3-9d98-11e5-a73d-c04a00aa5181 added in Permissions by root@localhost'),('baf76654-9d98-11e5-a73d-c04a00aa5181','2015-12-08 10:45:00','new permission 9f3a614e-9d98-11e5-a73d-c04a00aa5181 : INSERT : 9f39abe5-9d98-11e5-a73d-c04a00aa5181 added in Permissions by root@localhost'),('baf76c8b-9d98-11e5-a73d-c04a00aa5181','2015-12-08 10:45:00','new permission 9f3a614e-9d98-11e5-a73d-c04a00aa5181 : UPDATE_SELF : 9f39abe5-9d98-11e5-a73d-c04a00aa5181 added in Permissions by root@localhost'),('baf771b8-9d98-11e5-a73d-c04a00aa5181','2015-12-08 10:45:00','new permission 9f3a614e-9d98-11e5-a73d-c04a00aa5181 : READ : 9f39abe5-9d98-11e5-a73d-c04a00aa5181 added in Permissions by root@localhost'),('bafd5de9-9d98-11e5-a73d-c04a00aa5181','2015-12-08 10:45:00','new permission 9f3a610e-9d98-11e5-a73d-c04a00aa5181 : INSERT : 9f39aacf-9d98-11e5-a73d-c04a00aa5181 added in Permissions by root@localhost'),('bafd6457-9d98-11e5-a73d-c04a00aa5181','2015-12-08 10:45:00','new permission 9f3a610e-9d98-11e5-a73d-c04a00aa5181 : UPDATE_SELF : 9f39aacf-9d98-11e5-a73d-c04a00aa5181 added in Permissions by root@localhost'),('bafd69c1-9d98-11e5-a73d-c04a00aa5181','2015-12-08 10:45:00','new permission 9f3a610e-9d98-11e5-a73d-c04a00aa5181 : READ : 9f39aacf-9d98-11e5-a73d-c04a00aa5181 added in Permissions by root@localhost'),('bb04f4a2-9d98-11e5-a73d-c04a00aa5181','2015-12-08 10:45:00','new permission 9f3a610e-9d98-11e5-a73d-c04a00aa5181 : INSERT : 9f39ac0b-9d98-11e5-a73d-c04a00aa5181 added in Permissions by root@localhost'),('bb04fff5-9d98-11e5-a73d-c04a00aa5181','2015-12-08 10:45:00','new permission 9f3a610e-9d98-11e5-a73d-c04a00aa5181 : UPDATE_SELF : 9f39ac0b-9d98-11e5-a73d-c04a00aa5181 added in Permissions by root@localhost'),('bb05093f-9d98-11e5-a73d-c04a00aa5181','2015-12-08 10:45:00','new permission 9f3a610e-9d98-11e5-a73d-c04a00aa5181 : READ : 9f39ac0b-9d98-11e5-a73d-c04a00aa5181 added in Permissions by root@localhost'),('bb0af18f-9d98-11e5-a73d-c04a00aa5181','2015-12-08 10:45:00','new permission 9f3a610e-9d98-11e5-a73d-c04a00aa5181 : INSERT : 9f39abfa-9d98-11e5-a73d-c04a00aa5181 added in Permissions by root@localhost'),('bb0b0e2c-9d98-11e5-a73d-c04a00aa5181','2015-12-08 10:45:00','new permission 9f3a610e-9d98-11e5-a73d-c04a00aa5181 : UPDATE_SELF : 9f39abfa-9d98-11e5-a73d-c04a00aa5181 added in Permissions by root@localhost'),('bb0b17dc-9d98-11e5-a73d-c04a00aa5181','2015-12-08 10:45:00','new permission 9f3a610e-9d98-11e5-a73d-c04a00aa5181 : READ : 9f39abfa-9d98-11e5-a73d-c04a00aa5181 added in Permissions by root@localhost'),('bb1297aa-9d98-11e5-a73d-c04a00aa5181','2015-12-08 10:45:00','new permission 9f3a610e-9d98-11e5-a73d-c04a00aa5181 : INSERT : 9f39abe5-9d98-11e5-a73d-c04a00aa5181 added in Permissions by root@localhost'),('bb12a23d-9d98-11e5-a73d-c04a00aa5181','2015-12-08 10:45:00','new permission 9f3a610e-9d98-11e5-a73d-c04a00aa5181 : UPDATE_SELF : 9f39abe5-9d98-11e5-a73d-c04a00aa5181 added in Permissions by root@localhost'),('bb12ab20-9d98-11e5-a73d-c04a00aa5181','2015-12-08 10:45:00','new permission 9f3a610e-9d98-11e5-a73d-c04a00aa5181 : READ : 9f39abe5-9d98-11e5-a73d-c04a00aa5181 added in Permissions by root@localhost'),('bb188bce-9d98-11e5-a73d-c04a00aa5181','2015-12-08 10:45:00','new permission 9f3a610e-9d98-11e5-a73d-c04a00aa5181 : INSERT : 9f39abd3-9d98-11e5-a73d-c04a00aa5181 added in Permissions by root@localhost'),('bb1896a5-9d98-11e5-a73d-c04a00aa5181','2015-12-08 10:45:00','new permission 9f3a610e-9d98-11e5-a73d-c04a00aa5181 : UPDATE_SELF : 9f39abd3-9d98-11e5-a73d-c04a00aa5181 added in Permissions by root@localhost'),('bb18a038-9d98-11e5-a73d-c04a00aa5181','2015-12-08 10:45:00','new permission 9f3a610e-9d98-11e5-a73d-c04a00aa5181 : READ : 9f39abd3-9d98-11e5-a73d-c04a00aa5181 added in Permissions by root@localhost'),('bb201d19-9d98-11e5-a73d-c04a00aa5181','2015-12-08 10:45:00','new permission 9f3a610e-9d98-11e5-a73d-c04a00aa5181 : INSERT : 9f39abbe-9d98-11e5-a73d-c04a00aa5181 added in Permissions by root@localhost'),('bb202801-9d98-11e5-a73d-c04a00aa5181','2015-12-08 10:45:00','new permission 9f3a610e-9d98-11e5-a73d-c04a00aa5181 : UPDATE_SELF : 9f39abbe-9d98-11e5-a73d-c04a00aa5181 added in Permissions by root@localhost'),('bb20308f-9d98-11e5-a73d-c04a00aa5181','2015-12-08 10:45:00','new permission 9f3a610e-9d98-11e5-a73d-c04a00aa5181 : READ : 9f39abbe-9d98-11e5-a73d-c04a00aa5181 added in Permissions by root@localhost'),('bb26130f-9d98-11e5-a73d-c04a00aa5181','2015-12-08 10:45:00','new permission 9f3a610e-9d98-11e5-a73d-c04a00aa5181 : INSERT : 9f39ab86-9d98-11e5-a73d-c04a00aa5181 added in Permissions by root@localhost'),('bb261952-9d98-11e5-a73d-c04a00aa5181','2015-12-08 10:45:00','new permission 9f3a610e-9d98-11e5-a73d-c04a00aa5181 : UPDATE_SELF : 9f39ab86-9d98-11e5-a73d-c04a00aa5181 added in Permissions by root@localhost'),('bb261e80-9d98-11e5-a73d-c04a00aa5181','2015-12-08 10:45:00','new permission 9f3a610e-9d98-11e5-a73d-c04a00aa5181 : READ : 9f39ab86-9d98-11e5-a73d-c04a00aa5181 added in Permissions by root@localhost'),('bb2daead-9d98-11e5-a73d-c04a00aa5181','2015-12-08 10:45:00','new permission 9f3a610e-9d98-11e5-a73d-c04a00aa5181 : INSERT : 9f39ab2d-9d98-11e5-a73d-c04a00aa5181 added in Permissions by root@localhost'),('bb2db8bb-9d98-11e5-a73d-c04a00aa5181','2015-12-08 10:45:00','new permission 9f3a610e-9d98-11e5-a73d-c04a00aa5181 : UPDATE_SELF : 9f39ab2d-9d98-11e5-a73d-c04a00aa5181 added in Permissions by root@localhost'),('bb2dc191-9d98-11e5-a73d-c04a00aa5181','2015-12-08 10:45:00','new permission 9f3a610e-9d98-11e5-a73d-c04a00aa5181 : READ : 9f39ab2d-9d98-11e5-a73d-c04a00aa5181 added in Permissions by root@localhost'),('bb33a59b-9d98-11e5-a73d-c04a00aa5181','2015-12-08 10:45:00','new permission 9f3a610e-9d98-11e5-a73d-c04a00aa5181 : INSERT : 9f39ab06-9d98-11e5-a73d-c04a00aa5181 added in Permissions by root@localhost'),('bb33b014-9d98-11e5-a73d-c04a00aa5181','2015-12-08 10:45:00','new permission 9f3a610e-9d98-11e5-a73d-c04a00aa5181 : UPDATE_SELF : 9f39ab06-9d98-11e5-a73d-c04a00aa5181 added in Permissions by root@localhost'),('bb33b8ae-9d98-11e5-a73d-c04a00aa5181','2015-12-08 10:45:00','new permission 9f3a610e-9d98-11e5-a73d-c04a00aa5181 : READ : 9f39ab06-9d98-11e5-a73d-c04a00aa5181 added in Permissions by root@localhost'),('bb3b5d1e-9d98-11e5-a73d-c04a00aa5181','2015-12-08 10:45:00','new permission 9f3a610e-9d98-11e5-a73d-c04a00aa5181 : INSERT : 9f39ac1c-9d98-11e5-a73d-c04a00aa5181 added in Permissions by root@localhost'),('bb3b658e-9d98-11e5-a73d-c04a00aa5181','2015-12-08 10:45:00','new permission 9f3a610e-9d98-11e5-a73d-c04a00aa5181 : UPDATE_SELF : 9f39ac1c-9d98-11e5-a73d-c04a00aa5181 added in Permissions by root@localhost'),('bb3b6b11-9d98-11e5-a73d-c04a00aa5181','2015-12-08 10:45:00','new permission 9f3a610e-9d98-11e5-a73d-c04a00aa5181 : READ : 9f39ac1c-9d98-11e5-a73d-c04a00aa5181 added in Permissions by root@localhost'),('bb4138b8-9d98-11e5-a73d-c04a00aa5181','2015-12-08 10:45:00','new permission 9f3a610e-9d98-11e5-a73d-c04a00aa5181 : INSERT : 9f39ac5c-9d98-11e5-a73d-c04a00aa5181 added in Permissions by root@localhost'),('bb413f44-9d98-11e5-a73d-c04a00aa5181','2015-12-08 10:45:00','new permission 9f3a610e-9d98-11e5-a73d-c04a00aa5181 : UPDATE_SELF : 9f39ac5c-9d98-11e5-a73d-c04a00aa5181 added in Permissions by root@localhost'),('bb41448b-9d98-11e5-a73d-c04a00aa5181','2015-12-08 10:45:00','new permission 9f3a610e-9d98-11e5-a73d-c04a00aa5181 : READ : 9f39ac5c-9d98-11e5-a73d-c04a00aa5181 added in Permissions by root@localhost');
/*!40000 ALTER TABLE `log` ENABLE KEYS */;
UNLOCK TABLES;

--
-- Table structure for table `objects`
--

DROP TABLE IF EXISTS `objects`;
/*!40101 SET @saved_cs_client     = @@character_set_client */;
/*!40101 SET character_set_client = utf8 */;
CREATE TABLE `objects` (
  `id` char(36) NOT NULL,
  `entity_id` char(36) NOT NULL,
  `description` text NOT NULL,
  PRIMARY KEY (`id`),
  KEY `objects_entities` (`entity_id`),
  CONSTRAINT `objects_entities` FOREIGN KEY (`entity_id`) REFERENCES `entities` (`id`)
) ENGINE=InnoDB DEFAULT CHARSET=utf8;
/*!40101 SET character_set_client = @saved_cs_client */;

--
-- Dumping data for table `objects`
--

LOCK TABLES `objects` WRITE;
/*!40000 ALTER TABLE `objects` DISABLE KEYS */;
INSERT INTO `objects` VALUES ('9f39aacf-9d98-11e5-a73d-c04a00aa5181','9f39d6fe-9d98-11e5-a73d-c04a00aa5181','Object 1'),('9f39ab06-9d98-11e5-a73d-c04a00aa5181','9f39d686-9d98-11e5-a73d-c04a00aa5181','Object 2'),('9f39ab2d-9d98-11e5-a73d-c04a00aa5181','9f39d71b-9d98-11e5-a73d-c04a00aa5181','Object 3'),('9f39ab46-9d98-11e5-a73d-c04a00aa5181','9f39d6e8-9d98-11e5-a73d-c04a00aa5181','Object 4'),('9f39ab86-9d98-11e5-a73d-c04a00aa5181','9f39d6e8-9d98-11e5-a73d-c04a00aa5181','Object 5'),('9f39ab9c-9d98-11e5-a73d-c04a00aa5181','9f39d6d3-9d98-11e5-a73d-c04a00aa5181','Object 6'),('9f39abad-9d98-11e5-a73d-c04a00aa5181','9f39d6d3-9d98-11e5-a73d-c04a00aa5181','Object 7'),('9f39abbe-9d98-11e5-a73d-c04a00aa5181','9f39d6d3-9d98-11e5-a73d-c04a00aa5181','Object 8'),('9f39abd3-9d98-11e5-a73d-c04a00aa5181','9f39d6fe-9d98-11e5-a73d-c04a00aa5181','Object 9'),('9f39abe5-9d98-11e5-a73d-c04a00aa5181','9f39d6d3-9d98-11e5-a73d-c04a00aa5181','Object 10'),('9f39abfa-9d98-11e5-a73d-c04a00aa5181','9f39d6d3-9d98-11e5-a73d-c04a00aa5181','Object 11'),('9f39ac0b-9d98-11e5-a73d-c04a00aa5181','9f39d686-9d98-11e5-a73d-c04a00aa5181','Object 12'),('9f39ac1c-9d98-11e5-a73d-c04a00aa5181','9f39d686-9d98-11e5-a73d-c04a00aa5181','Object 13'),('9f39ac47-9d98-11e5-a73d-c04a00aa5181','9f39d6e8-9d98-11e5-a73d-c04a00aa5181','Object 14'),('9f39ac5c-9d98-11e5-a73d-c04a00aa5181','9f39d6fe-9d98-11e5-a73d-c04a00aa5181','Object 15');
/*!40000 ALTER TABLE `objects` ENABLE KEYS */;
UNLOCK TABLES;
/*!50003 SET @saved_cs_client      = @@character_set_client */ ;
/*!50003 SET @saved_cs_results     = @@character_set_results */ ;
/*!50003 SET @saved_col_connection = @@collation_connection */ ;
/*!50003 SET character_set_client  = utf8 */ ;
/*!50003 SET character_set_results = utf8 */ ;
/*!50003 SET collation_connection  = utf8_general_ci */ ;
/*!50003 SET @saved_sql_mode       = @@sql_mode */ ;
/*!50003 SET sql_mode              = 'STRICT_TRANS_TABLES,NO_AUTO_CREATE_USER,NO_ENGINE_SUBSTITUTION' */ ;
DELIMITER ;;
/*!50003 CREATE*/ /*!50017 DEFINER=`root`@`localhost`*/ /*!50003 TRIGGER on_insert_into_objects AFTER INSERT ON Objects FOR EACH ROW INSERT INTO Log(id,date,description) values(UUID(),NOW(),CONCAT("new object ",NEW.id," added in Objects by ",USER())) */;;
DELIMITER ;
/*!50003 SET sql_mode              = @saved_sql_mode */ ;
/*!50003 SET character_set_client  = @saved_cs_client */ ;
/*!50003 SET character_set_results = @saved_cs_results */ ;
/*!50003 SET collation_connection  = @saved_col_connection */ ;
/*!50003 SET @saved_cs_client      = @@character_set_client */ ;
/*!50003 SET @saved_cs_results     = @@character_set_results */ ;
/*!50003 SET @saved_col_connection = @@collation_connection */ ;
/*!50003 SET character_set_client  = utf8 */ ;
/*!50003 SET character_set_results = utf8 */ ;
/*!50003 SET collation_connection  = utf8_general_ci */ ;
/*!50003 SET @saved_sql_mode       = @@sql_mode */ ;
/*!50003 SET sql_mode              = 'STRICT_TRANS_TABLES,NO_AUTO_CREATE_USER,NO_ENGINE_SUBSTITUTION' */ ;
DELIMITER ;;
/*!50003 CREATE*/ /*!50017 DEFINER=`root`@`localhost`*/ /*!50003 TRIGGER on_update_objects AFTER UPDATE ON Objects FOR EACH ROW INSERT INTO Log(id,date,description) values(UUID(),NOW(),CONCAT("object ",NEW.id," updated in Objects by ",USER())) */;;
DELIMITER ;
/*!50003 SET sql_mode              = @saved_sql_mode */ ;
/*!50003 SET character_set_client  = @saved_cs_client */ ;
/*!50003 SET character_set_results = @saved_cs_results */ ;
/*!50003 SET collation_connection  = @saved_col_connection */ ;
/*!50003 SET @saved_cs_client      = @@character_set_client */ ;
/*!50003 SET @saved_cs_results     = @@character_set_results */ ;
/*!50003 SET @saved_col_connection = @@collation_connection */ ;
/*!50003 SET character_set_client  = utf8 */ ;
/*!50003 SET character_set_results = utf8 */ ;
/*!50003 SET collation_connection  = utf8_general_ci */ ;
/*!50003 SET @saved_sql_mode       = @@sql_mode */ ;
/*!50003 SET sql_mode              = 'STRICT_TRANS_TABLES,NO_AUTO_CREATE_USER,NO_ENGINE_SUBSTITUTION' */ ;
DELIMITER ;;
/*!50003 CREATE*/ /*!50017 DEFINER=`root`@`localhost`*/ /*!50003 TRIGGER on_delete_from_objects AFTER DELETE ON Objects FOR EACH ROW INSERT INTO Log(id,date,description) values(UUID(),NOW(),CONCAT("object ",OLD.id," deleted from Objectss by ",USER())) */;;
DELIMITER ;
/*!50003 SET sql_mode              = @saved_sql_mode */ ;
/*!50003 SET character_set_client  = @saved_cs_client */ ;
/*!50003 SET character_set_results = @saved_cs_results */ ;
/*!50003 SET collation_connection  = @saved_col_connection */ ;

--
-- Table structure for table `permissions`
--

DROP TABLE IF EXISTS `permissions`;
/*!40101 SET @saved_cs_client     = @@character_set_client */;
/*!40101 SET character_set_client = utf8 */;
CREATE TABLE `permissions` (
  `entity_id` char(36) NOT NULL,
  `permission` enum('DELETE','INSERT','READ','UPDATE','UPDATE_SELF') DEFAULT NULL,
  `object_id` char(36) NOT NULL,
  KEY `permission_entities` (`entity_id`),
  KEY `permission_objects` (`object_id`),
  CONSTRAINT `permission_entities` FOREIGN KEY (`entity_id`) REFERENCES `entities` (`id`),
  CONSTRAINT `permission_objects` FOREIGN KEY (`object_id`) REFERENCES `objects` (`id`)
) ENGINE=InnoDB DEFAULT CHARSET=utf8;
/*!40101 SET character_set_client = @saved_cs_client */;

--
-- Dumping data for table `permissions`
--

LOCK TABLES `permissions` WRITE;
/*!40000 ALTER TABLE `permissions` DISABLE KEYS */;
INSERT INTO `permissions` VALUES ('9f3a60e7-9d98-11e5-a73d-c04a00aa5181','INSERT','9f39ac47-9d98-11e5-a73d-c04a00aa5181'),('9f3a60e7-9d98-11e5-a73d-c04a00aa5181','UPDATE_SELF','9f39ac47-9d98-11e5-a73d-c04a00aa5181'),('9f3a60e7-9d98-11e5-a73d-c04a00aa5181','READ','9f39ac47-9d98-11e5-a73d-c04a00aa5181'),('9f3a60e7-9d98-11e5-a73d-c04a00aa5181','INSERT','9f39abad-9d98-11e5-a73d-c04a00aa5181'),('9f3a60e7-9d98-11e5-a73d-c04a00aa5181','UPDATE_SELF','9f39abad-9d98-11e5-a73d-c04a00aa5181'),('9f3a60e7-9d98-11e5-a73d-c04a00aa5181','READ','9f39abad-9d98-11e5-a73d-c04a00aa5181'),('9f3a60e7-9d98-11e5-a73d-c04a00aa5181','INSERT','9f39ab86-9d98-11e5-a73d-c04a00aa5181'),('9f3a60e7-9d98-11e5-a73d-c04a00aa5181','UPDATE_SELF','9f39ab86-9d98-11e5-a73d-c04a00aa5181'),('9f3a60e7-9d98-11e5-a73d-c04a00aa5181','READ','9f39ab86-9d98-11e5-a73d-c04a00aa5181'),('9f3a60e7-9d98-11e5-a73d-c04a00aa5181','INSERT','9f39ac5c-9d98-11e5-a73d-c04a00aa5181'),('9f3a60e7-9d98-11e5-a73d-c04a00aa5181','UPDATE_SELF','9f39ac5c-9d98-11e5-a73d-c04a00aa5181'),('9f3a60e7-9d98-11e5-a73d-c04a00aa5181','READ','9f39ac5c-9d98-11e5-a73d-c04a00aa5181'),('9f3a60e7-9d98-11e5-a73d-c04a00aa5181','INSERT','9f39abd3-9d98-11e5-a73d-c04a00aa5181'),('9f3a60e7-9d98-11e5-a73d-c04a00aa5181','UPDATE_SELF','9f39abd3-9d98-11e5-a73d-c04a00aa5181'),('9f3a60e7-9d98-11e5-a73d-c04a00aa5181','READ','9f39abd3-9d98-11e5-a73d-c04a00aa5181'),('9f3a60e7-9d98-11e5-a73d-c04a00aa5181','INSERT','9f39abe5-9d98-11e5-a73d-c04a00aa5181'),('9f3a60e7-9d98-11e5-a73d-c04a00aa5181','UPDATE_SELF','9f39abe5-9d98-11e5-a73d-c04a00aa5181'),('9f3a60e7-9d98-11e5-a73d-c04a00aa5181','READ','9f39abe5-9d98-11e5-a73d-c04a00aa5181'),('9f3a60e7-9d98-11e5-a73d-c04a00aa5181','INSERT','9f39ab2d-9d98-11e5-a73d-c04a00aa5181'),('9f3a60e7-9d98-11e5-a73d-c04a00aa5181','UPDATE_SELF','9f39ab2d-9d98-11e5-a73d-c04a00aa5181'),('9f3a60e7-9d98-11e5-a73d-c04a00aa5181','READ','9f39ab2d-9d98-11e5-a73d-c04a00aa5181'),('9f3a60e7-9d98-11e5-a73d-c04a00aa5181','INSERT','9f39abfa-9d98-11e5-a73d-c04a00aa5181'),('9f3a60e7-9d98-11e5-a73d-c04a00aa5181','UPDATE_SELF','9f39abfa-9d98-11e5-a73d-c04a00aa5181'),('9f3a60e7-9d98-11e5-a73d-c04a00aa5181','READ','9f39abfa-9d98-11e5-a73d-c04a00aa5181'),('9f3a60e7-9d98-11e5-a73d-c04a00aa5181','INSERT','9f39ab06-9d98-11e5-a73d-c04a00aa5181'),('9f3a60e7-9d98-11e5-a73d-c04a00aa5181','UPDATE_SELF','9f39ab06-9d98-11e5-a73d-c04a00aa5181'),('9f3a60e7-9d98-11e5-a73d-c04a00aa5181','READ','9f39ab06-9d98-11e5-a73d-c04a00aa5181'),('9f3a60e7-9d98-11e5-a73d-c04a00aa5181','INSERT','9f39ac0b-9d98-11e5-a73d-c04a00aa5181'),('9f3a60e7-9d98-11e5-a73d-c04a00aa5181','UPDATE_SELF','9f39ac0b-9d98-11e5-a73d-c04a00aa5181'),('9f3a60e7-9d98-11e5-a73d-c04a00aa5181','READ','9f39ac0b-9d98-11e5-a73d-c04a00aa5181'),('9f3a60e7-9d98-11e5-a73d-c04a00aa5181','INSERT','9f39ab9c-9d98-11e5-a73d-c04a00aa5181'),('9f3a60e7-9d98-11e5-a73d-c04a00aa5181','UPDATE_SELF','9f39ab9c-9d98-11e5-a73d-c04a00aa5181'),('9f3a60e7-9d98-11e5-a73d-c04a00aa5181','READ','9f39ab9c-9d98-11e5-a73d-c04a00aa5181'),('9f3a60e7-9d98-11e5-a73d-c04a00aa5181','INSERT','9f39aacf-9d98-11e5-a73d-c04a00aa5181'),('9f3a60e7-9d98-11e5-a73d-c04a00aa5181','UPDATE_SELF','9f39aacf-9d98-11e5-a73d-c04a00aa5181'),('9f3a60e7-9d98-11e5-a73d-c04a00aa5181','READ','9f39aacf-9d98-11e5-a73d-c04a00aa5181'),('9f3a60e7-9d98-11e5-a73d-c04a00aa5181','INSERT','9f39ac1c-9d98-11e5-a73d-c04a00aa5181'),('9f3a60e7-9d98-11e5-a73d-c04a00aa5181','UPDATE_SELF','9f39ac1c-9d98-11e5-a73d-c04a00aa5181'),('9f3a60e7-9d98-11e5-a73d-c04a00aa5181','READ','9f39ac1c-9d98-11e5-a73d-c04a00aa5181'),('9f3a611b-9d98-11e5-a73d-c04a00aa5181','INSERT','9f39abd3-9d98-11e5-a73d-c04a00aa5181'),('9f3a611b-9d98-11e5-a73d-c04a00aa5181','UPDATE_SELF','9f39abd3-9d98-11e5-a73d-c04a00aa5181'),('9f3a611b-9d98-11e5-a73d-c04a00aa5181','READ','9f39abd3-9d98-11e5-a73d-c04a00aa5181'),('9f3a611b-9d98-11e5-a73d-c04a00aa5181','INSERT','9f39ab86-9d98-11e5-a73d-c04a00aa5181'),('9f3a611b-9d98-11e5-a73d-c04a00aa5181','UPDATE_SELF','9f39ab86-9d98-11e5-a73d-c04a00aa5181'),('9f3a611b-9d98-11e5-a73d-c04a00aa5181','READ','9f39ab86-9d98-11e5-a73d-c04a00aa5181'),('9f3a611b-9d98-11e5-a73d-c04a00aa5181','INSERT','9f39abad-9d98-11e5-a73d-c04a00aa5181'),('9f3a611b-9d98-11e5-a73d-c04a00aa5181','UPDATE_SELF','9f39abad-9d98-11e5-a73d-c04a00aa5181'),('9f3a611b-9d98-11e5-a73d-c04a00aa5181','READ','9f39abad-9d98-11e5-a73d-c04a00aa5181'),('9f3a611b-9d98-11e5-a73d-c04a00aa5181','INSERT','9f39abbe-9d98-11e5-a73d-c04a00aa5181'),('9f3a611b-9d98-11e5-a73d-c04a00aa5181','UPDATE_SELF','9f39abbe-9d98-11e5-a73d-c04a00aa5181'),('9f3a611b-9d98-11e5-a73d-c04a00aa5181','READ','9f39abbe-9d98-11e5-a73d-c04a00aa5181'),('9f3a611b-9d98-11e5-a73d-c04a00aa5181','INSERT','9f39ab06-9d98-11e5-a73d-c04a00aa5181'),('9f3a611b-9d98-11e5-a73d-c04a00aa5181','UPDATE_SELF','9f39ab06-9d98-11e5-a73d-c04a00aa5181'),('9f3a611b-9d98-11e5-a73d-c04a00aa5181','READ','9f39ab06-9d98-11e5-a73d-c04a00aa5181'),('9f3a611b-9d98-11e5-a73d-c04a00aa5181','INSERT','9f39abfa-9d98-11e5-a73d-c04a00aa5181'),('9f3a611b-9d98-11e5-a73d-c04a00aa5181','UPDATE_SELF','9f39abfa-9d98-11e5-a73d-c04a00aa5181'),('9f3a611b-9d98-11e5-a73d-c04a00aa5181','READ','9f39abfa-9d98-11e5-a73d-c04a00aa5181'),('9f3a611b-9d98-11e5-a73d-c04a00aa5181','INSERT','9f39ac0b-9d98-11e5-a73d-c04a00aa5181'),('9f3a611b-9d98-11e5-a73d-c04a00aa5181','UPDATE_SELF','9f39ac0b-9d98-11e5-a73d-c04a00aa5181'),('9f3a611b-9d98-11e5-a73d-c04a00aa5181','READ','9f39ac0b-9d98-11e5-a73d-c04a00aa5181'),('9f3a611b-9d98-11e5-a73d-c04a00aa5181','INSERT','9f39abe5-9d98-11e5-a73d-c04a00aa5181'),('9f3a611b-9d98-11e5-a73d-c04a00aa5181','UPDATE_SELF','9f39abe5-9d98-11e5-a73d-c04a00aa5181'),('9f3a611b-9d98-11e5-a73d-c04a00aa5181','READ','9f39abe5-9d98-11e5-a73d-c04a00aa5181'),('9f3a611b-9d98-11e5-a73d-c04a00aa5181','INSERT','9f39ac1c-9d98-11e5-a73d-c04a00aa5181'),('9f3a611b-9d98-11e5-a73d-c04a00aa5181','UPDATE_SELF','9f39ac1c-9d98-11e5-a73d-c04a00aa5181'),('9f3a611b-9d98-11e5-a73d-c04a00aa5181','READ','9f39ac1c-9d98-11e5-a73d-c04a00aa5181'),('9f3a611b-9d98-11e5-a73d-c04a00aa5181','INSERT','9f39ab9c-9d98-11e5-a73d-c04a00aa5181'),('9f3a611b-9d98-11e5-a73d-c04a00aa5181','UPDATE_SELF','9f39ab9c-9d98-11e5-a73d-c04a00aa5181'),('9f3a611b-9d98-11e5-a73d-c04a00aa5181','READ','9f39ab9c-9d98-11e5-a73d-c04a00aa5181'),('9f3a611b-9d98-11e5-a73d-c04a00aa5181','INSERT','9f39ab2d-9d98-11e5-a73d-c04a00aa5181'),('9f3a611b-9d98-11e5-a73d-c04a00aa5181','UPDATE_SELF','9f39ab2d-9d98-11e5-a73d-c04a00aa5181'),('9f3a611b-9d98-11e5-a73d-c04a00aa5181','READ','9f39ab2d-9d98-11e5-a73d-c04a00aa5181'),('9f3a6127-9d98-11e5-a73d-c04a00aa5181','INSERT','9f39ac47-9d98-11e5-a73d-c04a00aa5181'),('9f3a6127-9d98-11e5-a73d-c04a00aa5181','UPDATE_SELF','9f39ac47-9d98-11e5-a73d-c04a00aa5181'),('9f3a6127-9d98-11e5-a73d-c04a00aa5181','READ','9f39ac47-9d98-11e5-a73d-c04a00aa5181'),('9f3a6127-9d98-11e5-a73d-c04a00aa5181','INSERT','9f39ac5c-9d98-11e5-a73d-c04a00aa5181'),('9f3a6127-9d98-11e5-a73d-c04a00aa5181','UPDATE_SELF','9f39ac5c-9d98-11e5-a73d-c04a00aa5181'),('9f3a6127-9d98-11e5-a73d-c04a00aa5181','READ','9f39ac5c-9d98-11e5-a73d-c04a00aa5181'),('9f3a6127-9d98-11e5-a73d-c04a00aa5181','INSERT','9f39ac0b-9d98-11e5-a73d-c04a00aa5181'),('9f3a6127-9d98-11e5-a73d-c04a00aa5181','UPDATE_SELF','9f39ac0b-9d98-11e5-a73d-c04a00aa5181'),('9f3a6127-9d98-11e5-a73d-c04a00aa5181','READ','9f39ac0b-9d98-11e5-a73d-c04a00aa5181'),('9f3a6127-9d98-11e5-a73d-c04a00aa5181','INSERT','9f39abfa-9d98-11e5-a73d-c04a00aa5181'),('9f3a6127-9d98-11e5-a73d-c04a00aa5181','UPDATE_SELF','9f39abfa-9d98-11e5-a73d-c04a00aa5181'),('9f3a6127-9d98-11e5-a73d-c04a00aa5181','READ','9f39abfa-9d98-11e5-a73d-c04a00aa5181'),('9f3a6127-9d98-11e5-a73d-c04a00aa5181','INSERT','9f39ac1c-9d98-11e5-a73d-c04a00aa5181'),('9f3a6127-9d98-11e5-a73d-c04a00aa5181','UPDATE_SELF','9f39ac1c-9d98-11e5-a73d-c04a00aa5181'),('9f3a6127-9d98-11e5-a73d-c04a00aa5181','READ','9f39ac1c-9d98-11e5-a73d-c04a00aa5181'),('9f3a6127-9d98-11e5-a73d-c04a00aa5181','INSERT','9f39abad-9d98-11e5-a73d-c04a00aa5181'),('9f3a6127-9d98-11e5-a73d-c04a00aa5181','UPDATE_SELF','9f39abad-9d98-11e5-a73d-c04a00aa5181'),('9f3a6127-9d98-11e5-a73d-c04a00aa5181','READ','9f39abad-9d98-11e5-a73d-c04a00aa5181'),('9f3a6127-9d98-11e5-a73d-c04a00aa5181','INSERT','9f39abe5-9d98-11e5-a73d-c04a00aa5181'),('9f3a6127-9d98-11e5-a73d-c04a00aa5181','UPDATE_SELF','9f39abe5-9d98-11e5-a73d-c04a00aa5181'),('9f3a6127-9d98-11e5-a73d-c04a00aa5181','READ','9f39abe5-9d98-11e5-a73d-c04a00aa5181'),('9f3a6127-9d98-11e5-a73d-c04a00aa5181','INSERT','9f39abbe-9d98-11e5-a73d-c04a00aa5181'),('9f3a6127-9d98-11e5-a73d-c04a00aa5181','UPDATE_SELF','9f39abbe-9d98-11e5-a73d-c04a00aa5181'),('9f3a6127-9d98-11e5-a73d-c04a00aa5181','READ','9f39abbe-9d98-11e5-a73d-c04a00aa5181'),('9f3a6127-9d98-11e5-a73d-c04a00aa5181','INSERT','9f39abd3-9d98-11e5-a73d-c04a00aa5181'),('9f3a6127-9d98-11e5-a73d-c04a00aa5181','UPDATE_SELF','9f39abd3-9d98-11e5-a73d-c04a00aa5181'),('9f3a6127-9d98-11e5-a73d-c04a00aa5181','READ','9f39abd3-9d98-11e5-a73d-c04a00aa5181'),('9f3a6127-9d98-11e5-a73d-c04a00aa5181','INSERT','9f39ab46-9d98-11e5-a73d-c04a00aa5181'),('9f3a6127-9d98-11e5-a73d-c04a00aa5181','UPDATE_SELF','9f39ab46-9d98-11e5-a73d-c04a00aa5181'),('9f3a6127-9d98-11e5-a73d-c04a00aa5181','READ','9f39ab46-9d98-11e5-a73d-c04a00aa5181'),('9f3a6127-9d98-11e5-a73d-c04a00aa5181','INSERT','9f39ab9c-9d98-11e5-a73d-c04a00aa5181'),('9f3a6127-9d98-11e5-a73d-c04a00aa5181','UPDATE_SELF','9f39ab9c-9d98-11e5-a73d-c04a00aa5181'),('9f3a6127-9d98-11e5-a73d-c04a00aa5181','READ','9f39ab9c-9d98-11e5-a73d-c04a00aa5181'),('9f3a6127-9d98-11e5-a73d-c04a00aa5181','INSERT','9f39ab86-9d98-11e5-a73d-c04a00aa5181'),('9f3a6127-9d98-11e5-a73d-c04a00aa5181','UPDATE_SELF','9f39ab86-9d98-11e5-a73d-c04a00aa5181'),('9f3a6127-9d98-11e5-a73d-c04a00aa5181','READ','9f39ab86-9d98-11e5-a73d-c04a00aa5181'),('9f3a6127-9d98-11e5-a73d-c04a00aa5181','INSERT','9f39ab06-9d98-11e5-a73d-c04a00aa5181'),('9f3a6127-9d98-11e5-a73d-c04a00aa5181','UPDATE_SELF','9f39ab06-9d98-11e5-a73d-c04a00aa5181'),('9f3a6127-9d98-11e5-a73d-c04a00aa5181','READ','9f39ab06-9d98-11e5-a73d-c04a00aa5181'),('9f3a6127-9d98-11e5-a73d-c04a00aa5181','INSERT','9f39ab2d-9d98-11e5-a73d-c04a00aa5181'),('9f3a6127-9d98-11e5-a73d-c04a00aa5181','UPDATE_SELF','9f39ab2d-9d98-11e5-a73d-c04a00aa5181'),('9f3a6127-9d98-11e5-a73d-c04a00aa5181','READ','9f39ab2d-9d98-11e5-a73d-c04a00aa5181'),('9f3a6134-9d98-11e5-a73d-c04a00aa5181','INSERT','9f39abad-9d98-11e5-a73d-c04a00aa5181'),('9f3a6134-9d98-11e5-a73d-c04a00aa5181','UPDATE_SELF','9f39abad-9d98-11e5-a73d-c04a00aa5181'),('9f3a6134-9d98-11e5-a73d-c04a00aa5181','READ','9f39abad-9d98-11e5-a73d-c04a00aa5181'),('9f3a6134-9d98-11e5-a73d-c04a00aa5181','INSERT','9f39ab2d-9d98-11e5-a73d-c04a00aa5181'),('9f3a6134-9d98-11e5-a73d-c04a00aa5181','UPDATE_SELF','9f39ab2d-9d98-11e5-a73d-c04a00aa5181'),('9f3a6134-9d98-11e5-a73d-c04a00aa5181','READ','9f39ab2d-9d98-11e5-a73d-c04a00aa5181'),('9f3a6134-9d98-11e5-a73d-c04a00aa5181','INSERT','9f39ab86-9d98-11e5-a73d-c04a00aa5181'),('9f3a6134-9d98-11e5-a73d-c04a00aa5181','UPDATE_SELF','9f39ab86-9d98-11e5-a73d-c04a00aa5181'),('9f3a6134-9d98-11e5-a73d-c04a00aa5181','READ','9f39ab86-9d98-11e5-a73d-c04a00aa5181'),('9f3a6134-9d98-11e5-a73d-c04a00aa5181','INSERT','9f39abfa-9d98-11e5-a73d-c04a00aa5181'),('9f3a6134-9d98-11e5-a73d-c04a00aa5181','UPDATE_SELF','9f39abfa-9d98-11e5-a73d-c04a00aa5181'),('9f3a6134-9d98-11e5-a73d-c04a00aa5181','READ','9f39abfa-9d98-11e5-a73d-c04a00aa5181'),('9f3a6134-9d98-11e5-a73d-c04a00aa5181','INSERT','9f39ac1c-9d98-11e5-a73d-c04a00aa5181'),('9f3a6134-9d98-11e5-a73d-c04a00aa5181','UPDATE_SELF','9f39ac1c-9d98-11e5-a73d-c04a00aa5181'),('9f3a6134-9d98-11e5-a73d-c04a00aa5181','READ','9f39ac1c-9d98-11e5-a73d-c04a00aa5181'),('9f3a6134-9d98-11e5-a73d-c04a00aa5181','INSERT','9f39ac0b-9d98-11e5-a73d-c04a00aa5181'),('9f3a6134-9d98-11e5-a73d-c04a00aa5181','UPDATE_SELF','9f39ac0b-9d98-11e5-a73d-c04a00aa5181'),('9f3a6134-9d98-11e5-a73d-c04a00aa5181','READ','9f39ac0b-9d98-11e5-a73d-c04a00aa5181'),('9f3a6134-9d98-11e5-a73d-c04a00aa5181','INSERT','9f39ab46-9d98-11e5-a73d-c04a00aa5181'),('9f3a6134-9d98-11e5-a73d-c04a00aa5181','UPDATE_SELF','9f39ab46-9d98-11e5-a73d-c04a00aa5181'),('9f3a6134-9d98-11e5-a73d-c04a00aa5181','READ','9f39ab46-9d98-11e5-a73d-c04a00aa5181'),('9f3a6134-9d98-11e5-a73d-c04a00aa5181','INSERT','9f39abd3-9d98-11e5-a73d-c04a00aa5181'),('9f3a6134-9d98-11e5-a73d-c04a00aa5181','UPDATE_SELF','9f39abd3-9d98-11e5-a73d-c04a00aa5181'),('9f3a6134-9d98-11e5-a73d-c04a00aa5181','READ','9f39abd3-9d98-11e5-a73d-c04a00aa5181'),('9f3a6134-9d98-11e5-a73d-c04a00aa5181','INSERT','9f39ac5c-9d98-11e5-a73d-c04a00aa5181'),('9f3a6134-9d98-11e5-a73d-c04a00aa5181','UPDATE_SELF','9f39ac5c-9d98-11e5-a73d-c04a00aa5181'),('9f3a6134-9d98-11e5-a73d-c04a00aa5181','READ','9f39ac5c-9d98-11e5-a73d-c04a00aa5181'),('9f3a6134-9d98-11e5-a73d-c04a00aa5181','INSERT','9f39aacf-9d98-11e5-a73d-c04a00aa5181'),('9f3a6134-9d98-11e5-a73d-c04a00aa5181','UPDATE_SELF','9f39aacf-9d98-11e5-a73d-c04a00aa5181'),('9f3a6134-9d98-11e5-a73d-c04a00aa5181','READ','9f39aacf-9d98-11e5-a73d-c04a00aa5181'),('9f3a6134-9d98-11e5-a73d-c04a00aa5181','INSERT','9f39abe5-9d98-11e5-a73d-c04a00aa5181'),('9f3a6134-9d98-11e5-a73d-c04a00aa5181','UPDATE_SELF','9f39abe5-9d98-11e5-a73d-c04a00aa5181'),('9f3a6134-9d98-11e5-a73d-c04a00aa5181','READ','9f39abe5-9d98-11e5-a73d-c04a00aa5181'),('9f3a613d-9d98-11e5-a73d-c04a00aa5181','INSERT','9f39ab9c-9d98-11e5-a73d-c04a00aa5181'),('9f3a613d-9d98-11e5-a73d-c04a00aa5181','UPDATE_SELF','9f39ab9c-9d98-11e5-a73d-c04a00aa5181'),('9f3a613d-9d98-11e5-a73d-c04a00aa5181','READ','9f39ab9c-9d98-11e5-a73d-c04a00aa5181'),('9f3a613d-9d98-11e5-a73d-c04a00aa5181','INSERT','9f39ac47-9d98-11e5-a73d-c04a00aa5181'),('9f3a613d-9d98-11e5-a73d-c04a00aa5181','UPDATE_SELF','9f39ac47-9d98-11e5-a73d-c04a00aa5181'),('9f3a613d-9d98-11e5-a73d-c04a00aa5181','READ','9f39ac47-9d98-11e5-a73d-c04a00aa5181'),('9f3a613d-9d98-11e5-a73d-c04a00aa5181','INSERT','9f39ab86-9d98-11e5-a73d-c04a00aa5181'),('9f3a613d-9d98-11e5-a73d-c04a00aa5181','UPDATE_SELF','9f39ab86-9d98-11e5-a73d-c04a00aa5181'),('9f3a613d-9d98-11e5-a73d-c04a00aa5181','READ','9f39ab86-9d98-11e5-a73d-c04a00aa5181'),('9f3a613d-9d98-11e5-a73d-c04a00aa5181','INSERT','9f39ac5c-9d98-11e5-a73d-c04a00aa5181'),('9f3a613d-9d98-11e5-a73d-c04a00aa5181','UPDATE_SELF','9f39ac5c-9d98-11e5-a73d-c04a00aa5181'),('9f3a613d-9d98-11e5-a73d-c04a00aa5181','READ','9f39ac5c-9d98-11e5-a73d-c04a00aa5181'),('9f3a613d-9d98-11e5-a73d-c04a00aa5181','INSERT','9f39ab06-9d98-11e5-a73d-c04a00aa5181'),('9f3a613d-9d98-11e5-a73d-c04a00aa5181','UPDATE_SELF','9f39ab06-9d98-11e5-a73d-c04a00aa5181'),('9f3a613d-9d98-11e5-a73d-c04a00aa5181','READ','9f39ab06-9d98-11e5-a73d-c04a00aa5181'),('9f3a613d-9d98-11e5-a73d-c04a00aa5181','INSERT','9f39aacf-9d98-11e5-a73d-c04a00aa5181'),('9f3a613d-9d98-11e5-a73d-c04a00aa5181','UPDATE_SELF','9f39aacf-9d98-11e5-a73d-c04a00aa5181'),('9f3a613d-9d98-11e5-a73d-c04a00aa5181','READ','9f39aacf-9d98-11e5-a73d-c04a00aa5181'),('9f3a613d-9d98-11e5-a73d-c04a00aa5181','INSERT','9f39ab46-9d98-11e5-a73d-c04a00aa5181'),('9f3a613d-9d98-11e5-a73d-c04a00aa5181','UPDATE_SELF','9f39ab46-9d98-11e5-a73d-c04a00aa5181'),('9f3a613d-9d98-11e5-a73d-c04a00aa5181','READ','9f39ab46-9d98-11e5-a73d-c04a00aa5181'),('9f3a613d-9d98-11e5-a73d-c04a00aa5181','INSERT','9f39abe5-9d98-11e5-a73d-c04a00aa5181'),('9f3a613d-9d98-11e5-a73d-c04a00aa5181','UPDATE_SELF','9f39abe5-9d98-11e5-a73d-c04a00aa5181'),('9f3a613d-9d98-11e5-a73d-c04a00aa5181','READ','9f39abe5-9d98-11e5-a73d-c04a00aa5181'),('9f3a613d-9d98-11e5-a73d-c04a00aa5181','INSERT','9f39ac0b-9d98-11e5-a73d-c04a00aa5181'),('9f3a613d-9d98-11e5-a73d-c04a00aa5181','UPDATE_SELF','9f39ac0b-9d98-11e5-a73d-c04a00aa5181'),('9f3a613d-9d98-11e5-a73d-c04a00aa5181','READ','9f39ac0b-9d98-11e5-a73d-c04a00aa5181'),('9f3a613d-9d98-11e5-a73d-c04a00aa5181','INSERT','9f39ac1c-9d98-11e5-a73d-c04a00aa5181'),('9f3a613d-9d98-11e5-a73d-c04a00aa5181','UPDATE_SELF','9f39ac1c-9d98-11e5-a73d-c04a00aa5181'),('9f3a613d-9d98-11e5-a73d-c04a00aa5181','READ','9f39ac1c-9d98-11e5-a73d-c04a00aa5181'),('9f3a613d-9d98-11e5-a73d-c04a00aa5181','INSERT','9f39abd3-9d98-11e5-a73d-c04a00aa5181'),('9f3a613d-9d98-11e5-a73d-c04a00aa5181','UPDATE_SELF','9f39abd3-9d98-11e5-a73d-c04a00aa5181'),('9f3a613d-9d98-11e5-a73d-c04a00aa5181','READ','9f39abd3-9d98-11e5-a73d-c04a00aa5181'),('9f3a613d-9d98-11e5-a73d-c04a00aa5181','INSERT','9f39abfa-9d98-11e5-a73d-c04a00aa5181'),('9f3a613d-9d98-11e5-a73d-c04a00aa5181','UPDATE_SELF','9f39abfa-9d98-11e5-a73d-c04a00aa5181'),('9f3a613d-9d98-11e5-a73d-c04a00aa5181','READ','9f39abfa-9d98-11e5-a73d-c04a00aa5181'),('9f3a6145-9d98-11e5-a73d-c04a00aa5181','INSERT','9f39ab06-9d98-11e5-a73d-c04a00aa5181'),('9f3a6145-9d98-11e5-a73d-c04a00aa5181','UPDATE_SELF','9f39ab06-9d98-11e5-a73d-c04a00aa5181'),('9f3a6145-9d98-11e5-a73d-c04a00aa5181','READ','9f39ab06-9d98-11e5-a73d-c04a00aa5181'),('9f3a6145-9d98-11e5-a73d-c04a00aa5181','INSERT','9f39ac47-9d98-11e5-a73d-c04a00aa5181'),('9f3a6145-9d98-11e5-a73d-c04a00aa5181','UPDATE_SELF','9f39ac47-9d98-11e5-a73d-c04a00aa5181'),('9f3a6145-9d98-11e5-a73d-c04a00aa5181','READ','9f39ac47-9d98-11e5-a73d-c04a00aa5181'),('9f3a6145-9d98-11e5-a73d-c04a00aa5181','INSERT','9f39ac1c-9d98-11e5-a73d-c04a00aa5181'),('9f3a6145-9d98-11e5-a73d-c04a00aa5181','UPDATE_SELF','9f39ac1c-9d98-11e5-a73d-c04a00aa5181'),('9f3a6145-9d98-11e5-a73d-c04a00aa5181','READ','9f39ac1c-9d98-11e5-a73d-c04a00aa5181'),('9f3a6145-9d98-11e5-a73d-c04a00aa5181','INSERT','9f39ab9c-9d98-11e5-a73d-c04a00aa5181'),('9f3a6145-9d98-11e5-a73d-c04a00aa5181','UPDATE_SELF','9f39ab9c-9d98-11e5-a73d-c04a00aa5181'),('9f3a6145-9d98-11e5-a73d-c04a00aa5181','READ','9f39ab9c-9d98-11e5-a73d-c04a00aa5181'),('9f3a6145-9d98-11e5-a73d-c04a00aa5181','INSERT','9f39abfa-9d98-11e5-a73d-c04a00aa5181'),('9f3a6145-9d98-11e5-a73d-c04a00aa5181','UPDATE_SELF','9f39abfa-9d98-11e5-a73d-c04a00aa5181'),('9f3a6145-9d98-11e5-a73d-c04a00aa5181','READ','9f39abfa-9d98-11e5-a73d-c04a00aa5181'),('9f3a6145-9d98-11e5-a73d-c04a00aa5181','INSERT','9f39ab86-9d98-11e5-a73d-c04a00aa5181'),('9f3a6145-9d98-11e5-a73d-c04a00aa5181','UPDATE_SELF','9f39ab86-9d98-11e5-a73d-c04a00aa5181'),('9f3a6145-9d98-11e5-a73d-c04a00aa5181','READ','9f39ab86-9d98-11e5-a73d-c04a00aa5181'),('9f3a6145-9d98-11e5-a73d-c04a00aa5181','INSERT','9f39ac5c-9d98-11e5-a73d-c04a00aa5181'),('9f3a6145-9d98-11e5-a73d-c04a00aa5181','UPDATE_SELF','9f39ac5c-9d98-11e5-a73d-c04a00aa5181'),('9f3a6145-9d98-11e5-a73d-c04a00aa5181','READ','9f39ac5c-9d98-11e5-a73d-c04a00aa5181'),('9f3a6145-9d98-11e5-a73d-c04a00aa5181','INSERT','9f39ab2d-9d98-11e5-a73d-c04a00aa5181'),('9f3a6145-9d98-11e5-a73d-c04a00aa5181','UPDATE_SELF','9f39ab2d-9d98-11e5-a73d-c04a00aa5181'),('9f3a6145-9d98-11e5-a73d-c04a00aa5181','READ','9f39ab2d-9d98-11e5-a73d-c04a00aa5181'),('9f3a6145-9d98-11e5-a73d-c04a00aa5181','INSERT','9f39ac0b-9d98-11e5-a73d-c04a00aa5181'),('9f3a6145-9d98-11e5-a73d-c04a00aa5181','UPDATE_SELF','9f39ac0b-9d98-11e5-a73d-c04a00aa5181'),('9f3a6145-9d98-11e5-a73d-c04a00aa5181','READ','9f39ac0b-9d98-11e5-a73d-c04a00aa5181'),('9f3a6145-9d98-11e5-a73d-c04a00aa5181','INSERT','9f39abe5-9d98-11e5-a73d-c04a00aa5181'),('9f3a6145-9d98-11e5-a73d-c04a00aa5181','UPDATE_SELF','9f39abe5-9d98-11e5-a73d-c04a00aa5181'),('9f3a6145-9d98-11e5-a73d-c04a00aa5181','READ','9f39abe5-9d98-11e5-a73d-c04a00aa5181'),('9f3a6145-9d98-11e5-a73d-c04a00aa5181','INSERT','9f39abd3-9d98-11e5-a73d-c04a00aa5181'),('9f3a6145-9d98-11e5-a73d-c04a00aa5181','UPDATE_SELF','9f39abd3-9d98-11e5-a73d-c04a00aa5181'),('9f3a6145-9d98-11e5-a73d-c04a00aa5181','READ','9f39abd3-9d98-11e5-a73d-c04a00aa5181'),('9f3a614e-9d98-11e5-a73d-c04a00aa5181','INSERT','9f39ac0b-9d98-11e5-a73d-c04a00aa5181'),('9f3a614e-9d98-11e5-a73d-c04a00aa5181','UPDATE_SELF','9f39ac0b-9d98-11e5-a73d-c04a00aa5181'),('9f3a614e-9d98-11e5-a73d-c04a00aa5181','READ','9f39ac0b-9d98-11e5-a73d-c04a00aa5181'),('9f3a614e-9d98-11e5-a73d-c04a00aa5181','INSERT','9f39ab9c-9d98-11e5-a73d-c04a00aa5181'),('9f3a614e-9d98-11e5-a73d-c04a00aa5181','UPDATE_SELF','9f39ab9c-9d98-11e5-a73d-c04a00aa5181'),('9f3a614e-9d98-11e5-a73d-c04a00aa5181','READ','9f39ab9c-9d98-11e5-a73d-c04a00aa5181'),('9f3a614e-9d98-11e5-a73d-c04a00aa5181','INSERT','9f39ab86-9d98-11e5-a73d-c04a00aa5181'),('9f3a614e-9d98-11e5-a73d-c04a00aa5181','UPDATE_SELF','9f39ab86-9d98-11e5-a73d-c04a00aa5181'),('9f3a614e-9d98-11e5-a73d-c04a00aa5181','READ','9f39ab86-9d98-11e5-a73d-c04a00aa5181'),('9f3a614e-9d98-11e5-a73d-c04a00aa5181','INSERT','9f39ac47-9d98-11e5-a73d-c04a00aa5181'),('9f3a614e-9d98-11e5-a73d-c04a00aa5181','UPDATE_SELF','9f39ac47-9d98-11e5-a73d-c04a00aa5181'),('9f3a614e-9d98-11e5-a73d-c04a00aa5181','READ','9f39ac47-9d98-11e5-a73d-c04a00aa5181'),('9f3a614e-9d98-11e5-a73d-c04a00aa5181','INSERT','9f39ac1c-9d98-11e5-a73d-c04a00aa5181'),('9f3a614e-9d98-11e5-a73d-c04a00aa5181','UPDATE_SELF','9f39ac1c-9d98-11e5-a73d-c04a00aa5181'),('9f3a614e-9d98-11e5-a73d-c04a00aa5181','READ','9f39ac1c-9d98-11e5-a73d-c04a00aa5181'),('9f3a614e-9d98-11e5-a73d-c04a00aa5181','INSERT','9f39ac5c-9d98-11e5-a73d-c04a00aa5181'),('9f3a614e-9d98-11e5-a73d-c04a00aa5181','UPDATE_SELF','9f39ac5c-9d98-11e5-a73d-c04a00aa5181'),('9f3a614e-9d98-11e5-a73d-c04a00aa5181','READ','9f39ac5c-9d98-11e5-a73d-c04a00aa5181'),('9f3a614e-9d98-11e5-a73d-c04a00aa5181','INSERT','9f39abfa-9d98-11e5-a73d-c04a00aa5181'),('9f3a614e-9d98-11e5-a73d-c04a00aa5181','UPDATE_SELF','9f39abfa-9d98-11e5-a73d-c04a00aa5181'),('9f3a614e-9d98-11e5-a73d-c04a00aa5181','READ','9f39abfa-9d98-11e5-a73d-c04a00aa5181'),('9f3a614e-9d98-11e5-a73d-c04a00aa5181','INSERT','9f39ab2d-9d98-11e5-a73d-c04a00aa5181'),('9f3a614e-9d98-11e5-a73d-c04a00aa5181','UPDATE_SELF','9f39ab2d-9d98-11e5-a73d-c04a00aa5181'),('9f3a614e-9d98-11e5-a73d-c04a00aa5181','READ','9f39ab2d-9d98-11e5-a73d-c04a00aa5181'),('9f3a614e-9d98-11e5-a73d-c04a00aa5181','INSERT','9f39ab06-9d98-11e5-a73d-c04a00aa5181'),('9f3a614e-9d98-11e5-a73d-c04a00aa5181','UPDATE_SELF','9f39ab06-9d98-11e5-a73d-c04a00aa5181'),('9f3a614e-9d98-11e5-a73d-c04a00aa5181','READ','9f39ab06-9d98-11e5-a73d-c04a00aa5181'),('9f3a614e-9d98-11e5-a73d-c04a00aa5181','INSERT','9f39abd3-9d98-11e5-a73d-c04a00aa5181'),('9f3a614e-9d98-11e5-a73d-c04a00aa5181','UPDATE_SELF','9f39abd3-9d98-11e5-a73d-c04a00aa5181'),('9f3a614e-9d98-11e5-a73d-c04a00aa5181','READ','9f39abd3-9d98-11e5-a73d-c04a00aa5181'),('9f3a614e-9d98-11e5-a73d-c04a00aa5181','INSERT','9f39abe5-9d98-11e5-a73d-c04a00aa5181'),('9f3a614e-9d98-11e5-a73d-c04a00aa5181','UPDATE_SELF','9f39abe5-9d98-11e5-a73d-c04a00aa5181'),('9f3a614e-9d98-11e5-a73d-c04a00aa5181','READ','9f39abe5-9d98-11e5-a73d-c04a00aa5181'),('9f3a610e-9d98-11e5-a73d-c04a00aa5181','INSERT','9f39aacf-9d98-11e5-a73d-c04a00aa5181'),('9f3a610e-9d98-11e5-a73d-c04a00aa5181','UPDATE_SELF','9f39aacf-9d98-11e5-a73d-c04a00aa5181'),('9f3a610e-9d98-11e5-a73d-c04a00aa5181','READ','9f39aacf-9d98-11e5-a73d-c04a00aa5181'),('9f3a610e-9d98-11e5-a73d-c04a00aa5181','INSERT','9f39ac0b-9d98-11e5-a73d-c04a00aa5181'),('9f3a610e-9d98-11e5-a73d-c04a00aa5181','UPDATE_SELF','9f39ac0b-9d98-11e5-a73d-c04a00aa5181'),('9f3a610e-9d98-11e5-a73d-c04a00aa5181','READ','9f39ac0b-9d98-11e5-a73d-c04a00aa5181'),('9f3a610e-9d98-11e5-a73d-c04a00aa5181','INSERT','9f39abfa-9d98-11e5-a73d-c04a00aa5181'),('9f3a610e-9d98-11e5-a73d-c04a00aa5181','UPDATE_SELF','9f39abfa-9d98-11e5-a73d-c04a00aa5181'),('9f3a610e-9d98-11e5-a73d-c04a00aa5181','READ','9f39abfa-9d98-11e5-a73d-c04a00aa5181'),('9f3a610e-9d98-11e5-a73d-c04a00aa5181','INSERT','9f39abe5-9d98-11e5-a73d-c04a00aa5181'),('9f3a610e-9d98-11e5-a73d-c04a00aa5181','UPDATE_SELF','9f39abe5-9d98-11e5-a73d-c04a00aa5181'),('9f3a610e-9d98-11e5-a73d-c04a00aa5181','READ','9f39abe5-9d98-11e5-a73d-c04a00aa5181'),('9f3a610e-9d98-11e5-a73d-c04a00aa5181','INSERT','9f39abd3-9d98-11e5-a73d-c04a00aa5181'),('9f3a610e-9d98-11e5-a73d-c04a00aa5181','UPDATE_SELF','9f39abd3-9d98-11e5-a73d-c04a00aa5181'),('9f3a610e-9d98-11e5-a73d-c04a00aa5181','READ','9f39abd3-9d98-11e5-a73d-c04a00aa5181'),('9f3a610e-9d98-11e5-a73d-c04a00aa5181','INSERT','9f39abbe-9d98-11e5-a73d-c04a00aa5181'),('9f3a610e-9d98-11e5-a73d-c04a00aa5181','UPDATE_SELF','9f39abbe-9d98-11e5-a73d-c04a00aa5181'),('9f3a610e-9d98-11e5-a73d-c04a00aa5181','READ','9f39abbe-9d98-11e5-a73d-c04a00aa5181'),('9f3a610e-9d98-11e5-a73d-c04a00aa5181','INSERT','9f39ab86-9d98-11e5-a73d-c04a00aa5181'),('9f3a610e-9d98-11e5-a73d-c04a00aa5181','UPDATE_SELF','9f39ab86-9d98-11e5-a73d-c04a00aa5181'),('9f3a610e-9d98-11e5-a73d-c04a00aa5181','READ','9f39ab86-9d98-11e5-a73d-c04a00aa5181'),('9f3a610e-9d98-11e5-a73d-c04a00aa5181','INSERT','9f39ab2d-9d98-11e5-a73d-c04a00aa5181'),('9f3a610e-9d98-11e5-a73d-c04a00aa5181','UPDATE_SELF','9f39ab2d-9d98-11e5-a73d-c04a00aa5181'),('9f3a610e-9d98-11e5-a73d-c04a00aa5181','READ','9f39ab2d-9d98-11e5-a73d-c04a00aa5181'),('9f3a610e-9d98-11e5-a73d-c04a00aa5181','INSERT','9f39ab06-9d98-11e5-a73d-c04a00aa5181'),('9f3a610e-9d98-11e5-a73d-c04a00aa5181','UPDATE_SELF','9f39ab06-9d98-11e5-a73d-c04a00aa5181'),('9f3a610e-9d98-11e5-a73d-c04a00aa5181','READ','9f39ab06-9d98-11e5-a73d-c04a00aa5181'),('9f3a610e-9d98-11e5-a73d-c04a00aa5181','INSERT','9f39ac1c-9d98-11e5-a73d-c04a00aa5181'),('9f3a610e-9d98-11e5-a73d-c04a00aa5181','UPDATE_SELF','9f39ac1c-9d98-11e5-a73d-c04a00aa5181'),('9f3a610e-9d98-11e5-a73d-c04a00aa5181','READ','9f39ac1c-9d98-11e5-a73d-c04a00aa5181'),('9f3a610e-9d98-11e5-a73d-c04a00aa5181','INSERT','9f39ac5c-9d98-11e5-a73d-c04a00aa5181'),('9f3a610e-9d98-11e5-a73d-c04a00aa5181','UPDATE_SELF','9f39ac5c-9d98-11e5-a73d-c04a00aa5181'),('9f3a610e-9d98-11e5-a73d-c04a00aa5181','READ','9f39ac5c-9d98-11e5-a73d-c04a00aa5181');
/*!40000 ALTER TABLE `permissions` ENABLE KEYS */;
UNLOCK TABLES;
/*!50003 SET @saved_cs_client      = @@character_set_client */ ;
/*!50003 SET @saved_cs_results     = @@character_set_results */ ;
/*!50003 SET @saved_col_connection = @@collation_connection */ ;
/*!50003 SET character_set_client  = utf8 */ ;
/*!50003 SET character_set_results = utf8 */ ;
/*!50003 SET collation_connection  = utf8_general_ci */ ;
/*!50003 SET @saved_sql_mode       = @@sql_mode */ ;
/*!50003 SET sql_mode              = 'STRICT_TRANS_TABLES,NO_AUTO_CREATE_USER,NO_ENGINE_SUBSTITUTION' */ ;
DELIMITER ;;
/*!50003 CREATE*/ /*!50017 DEFINER=`root`@`localhost`*/ /*!50003 TRIGGER on_insert_into_permissions AFTER INSERT ON Permissions FOR EACH ROW INSERT INTO Log(id,date,description) values(UUID(),NOW(),CONCAT("new permission ",NEW.entity_id," : ",NEW.permission," : ",NEW.object_id," added in Permissions by ",USER())) */;;
DELIMITER ;
/*!50003 SET sql_mode              = @saved_sql_mode */ ;
/*!50003 SET character_set_client  = @saved_cs_client */ ;
/*!50003 SET character_set_results = @saved_cs_results */ ;
/*!50003 SET collation_connection  = @saved_col_connection */ ;
/*!50003 SET @saved_cs_client      = @@character_set_client */ ;
/*!50003 SET @saved_cs_results     = @@character_set_results */ ;
/*!50003 SET @saved_col_connection = @@collation_connection */ ;
/*!50003 SET character_set_client  = utf8 */ ;
/*!50003 SET character_set_results = utf8 */ ;
/*!50003 SET collation_connection  = utf8_general_ci */ ;
/*!50003 SET @saved_sql_mode       = @@sql_mode */ ;
/*!50003 SET sql_mode              = 'STRICT_TRANS_TABLES,NO_AUTO_CREATE_USER,NO_ENGINE_SUBSTITUTION' */ ;
DELIMITER ;;
/*!50003 CREATE*/ /*!50017 DEFINER=`root`@`localhost`*/ /*!50003 TRIGGER on_update_permissions AFTER UPDATE ON Permissions FOR EACH ROW INSERT INTO Log(id,date,description) values(UUID(),NOW(),CONCAT("permission ",OLD.entity_id," : ",OLD.permission," : ",OLD.object_id, " updated to ",NEW.entity_id," : ",NEW.permission," : ",NEW.object_id," in Permissions by ",USER())) */;;
DELIMITER ;
/*!50003 SET sql_mode              = @saved_sql_mode */ ;
/*!50003 SET character_set_client  = @saved_cs_client */ ;
/*!50003 SET character_set_results = @saved_cs_results */ ;
/*!50003 SET collation_connection  = @saved_col_connection */ ;
/*!50003 SET @saved_cs_client      = @@character_set_client */ ;
/*!50003 SET @saved_cs_results     = @@character_set_results */ ;
/*!50003 SET @saved_col_connection = @@collation_connection */ ;
/*!50003 SET character_set_client  = utf8 */ ;
/*!50003 SET character_set_results = utf8 */ ;
/*!50003 SET collation_connection  = utf8_general_ci */ ;
/*!50003 SET @saved_sql_mode       = @@sql_mode */ ;
/*!50003 SET sql_mode              = 'STRICT_TRANS_TABLES,NO_AUTO_CREATE_USER,NO_ENGINE_SUBSTITUTION' */ ;
DELIMITER ;;
/*!50003 CREATE*/ /*!50017 DEFINER=`root`@`localhost`*/ /*!50003 TRIGGER on_delete_from_permissions AFTER DELETE ON Permissions FOR EACH ROW INSERT INTO Log(id,date,description) values(UUID(),NOW(),CONCAT("permission ",OLD.entity_id," : ",OLD.permission," : ",OLD.object_id, " deleted from Permissions by ",USER())) */;;
DELIMITER ;
/*!50003 SET sql_mode              = @saved_sql_mode */ ;
/*!50003 SET character_set_client  = @saved_cs_client */ ;
/*!50003 SET character_set_results = @saved_cs_results */ ;
/*!50003 SET collation_connection  = @saved_col_connection */ ;

--
-- Table structure for table `roles`
--

DROP TABLE IF EXISTS `roles`;
/*!40101 SET @saved_cs_client     = @@character_set_client */;
/*!40101 SET character_set_client = utf8 */;
CREATE TABLE `roles` (
  `id` char(36) NOT NULL,
  `entity_id` char(36) NOT NULL,
  `object_id` char(36) NOT NULL,
  `role` enum('FOREMAN','MANAGER','EMPLOYEE') NOT NULL,
  PRIMARY KEY (`id`),
  KEY `role_entities` (`entity_id`),
  KEY `role_objects` (`object_id`),
  CONSTRAINT `role_entities` FOREIGN KEY (`entity_id`) REFERENCES `entities` (`id`),
  CONSTRAINT `role_objects` FOREIGN KEY (`object_id`) REFERENCES `objects` (`id`)
) ENGINE=InnoDB DEFAULT CHARSET=utf8;
/*!40101 SET character_set_client = @saved_cs_client */;

--
-- Dumping data for table `roles`
--

LOCK TABLES `roles` WRITE;
/*!40000 ALTER TABLE `roles` DISABLE KEYS */;
INSERT INTO `roles` VALUES ('9f3b8537-9d98-11e5-a73d-c04a00aa5181','9f3a610e-9d98-11e5-a73d-c04a00aa5181','9f39aacf-9d98-11e5-a73d-c04a00aa5181','FOREMAN'),('9f3b857c-9d98-11e5-a73d-c04a00aa5181','9f442e0b-9d98-11e5-a73d-c04a00aa5181','9f39aacf-9d98-11e5-a73d-c04a00aa5181','EMPLOYEE'),('9f3b859a-9d98-11e5-a73d-c04a00aa5181','9f3a60e7-9d98-11e5-a73d-c04a00aa5181','9f39aacf-9d98-11e5-a73d-c04a00aa5181','FOREMAN'),('9f3b85af-9d98-11e5-a73d-c04a00aa5181','9f442de9-9d98-11e5-a73d-c04a00aa5181','9f39aacf-9d98-11e5-a73d-c04a00aa5181','EMPLOYEE'),('9f3b85e2-9d98-11e5-a73d-c04a00aa5181','9f3a613d-9d98-11e5-a73d-c04a00aa5181','9f39aacf-9d98-11e5-a73d-c04a00aa5181','FOREMAN'),('9f3b85f3-9d98-11e5-a73d-c04a00aa5181','9f3a6134-9d98-11e5-a73d-c04a00aa5181','9f39aacf-9d98-11e5-a73d-c04a00aa5181','FOREMAN'),('9f3b85fc-9d98-11e5-a73d-c04a00aa5181','9f3a610e-9d98-11e5-a73d-c04a00aa5181','9f39ab06-9d98-11e5-a73d-c04a00aa5181','FOREMAN'),('9f3b8605-9d98-11e5-a73d-c04a00aa5181','9f3a614e-9d98-11e5-a73d-c04a00aa5181','9f39ab06-9d98-11e5-a73d-c04a00aa5181','FOREMAN'),('9f3b860d-9d98-11e5-a73d-c04a00aa5181','9f3a611b-9d98-11e5-a73d-c04a00aa5181','9f39ab06-9d98-11e5-a73d-c04a00aa5181','FOREMAN'),('9f3b861a-9d98-11e5-a73d-c04a00aa5181','9f442e0b-9d98-11e5-a73d-c04a00aa5181','9f39ab06-9d98-11e5-a73d-c04a00aa5181','EMPLOYEE'),('9f3b8623-9d98-11e5-a73d-c04a00aa5181','9f3a60e7-9d98-11e5-a73d-c04a00aa5181','9f39ab06-9d98-11e5-a73d-c04a00aa5181','FOREMAN'),('9f3b862b-9d98-11e5-a73d-c04a00aa5181','9f3a6145-9d98-11e5-a73d-c04a00aa5181','9f39ab06-9d98-11e5-a73d-c04a00aa5181','FOREMAN'),('9f3b8634-9d98-11e5-a73d-c04a00aa5181','9f3a613d-9d98-11e5-a73d-c04a00aa5181','9f39ab06-9d98-11e5-a73d-c04a00aa5181','FOREMAN'),('9f3b865e-9d98-11e5-a73d-c04a00aa5181','9f442de9-9d98-11e5-a73d-c04a00aa5181','9f39ab06-9d98-11e5-a73d-c04a00aa5181','EMPLOYEE'),('9f3b8667-9d98-11e5-a73d-c04a00aa5181','9f3a6127-9d98-11e5-a73d-c04a00aa5181','9f39ab06-9d98-11e5-a73d-c04a00aa5181','FOREMAN'),('9f3b8674-9d98-11e5-a73d-c04a00aa5181','9f442de9-9d98-11e5-a73d-c04a00aa5181','9f39ab2d-9d98-11e5-a73d-c04a00aa5181','EMPLOYEE'),('9f3b867c-9d98-11e5-a73d-c04a00aa5181','9f3a610e-9d98-11e5-a73d-c04a00aa5181','9f39ab2d-9d98-11e5-a73d-c04a00aa5181','FOREMAN'),('9f3b8685-9d98-11e5-a73d-c04a00aa5181','9f3a60e7-9d98-11e5-a73d-c04a00aa5181','9f39ab2d-9d98-11e5-a73d-c04a00aa5181','FOREMAN'),('9f3b868d-9d98-11e5-a73d-c04a00aa5181','9f3a6145-9d98-11e5-a73d-c04a00aa5181','9f39ab2d-9d98-11e5-a73d-c04a00aa5181','FOREMAN'),('9f3b8696-9d98-11e5-a73d-c04a00aa5181','9f3a6134-9d98-11e5-a73d-c04a00aa5181','9f39ab2d-9d98-11e5-a73d-c04a00aa5181','FOREMAN'),('9f3b86a3-9d98-11e5-a73d-c04a00aa5181','9f3a614e-9d98-11e5-a73d-c04a00aa5181','9f39ab2d-9d98-11e5-a73d-c04a00aa5181','FOREMAN'),('9f3b86ab-9d98-11e5-a73d-c04a00aa5181','9f3a6127-9d98-11e5-a73d-c04a00aa5181','9f39ab2d-9d98-11e5-a73d-c04a00aa5181','FOREMAN'),('9f3b86d6-9d98-11e5-a73d-c04a00aa5181','9f442e0b-9d98-11e5-a73d-c04a00aa5181','9f39ab2d-9d98-11e5-a73d-c04a00aa5181','EMPLOYEE'),('9f3b86df-9d98-11e5-a73d-c04a00aa5181','9f3a611b-9d98-11e5-a73d-c04a00aa5181','9f39ab2d-9d98-11e5-a73d-c04a00aa5181','FOREMAN'),('9f3b86e7-9d98-11e5-a73d-c04a00aa5181','9f3a6127-9d98-11e5-a73d-c04a00aa5181','9f39ab46-9d98-11e5-a73d-c04a00aa5181','FOREMAN'),('9f3b86f0-9d98-11e5-a73d-c04a00aa5181','9f442e0b-9d98-11e5-a73d-c04a00aa5181','9f39ab46-9d98-11e5-a73d-c04a00aa5181','EMPLOYEE'),('9f3b86f8-9d98-11e5-a73d-c04a00aa5181','9f3a6134-9d98-11e5-a73d-c04a00aa5181','9f39ab46-9d98-11e5-a73d-c04a00aa5181','FOREMAN'),('9f3b8701-9d98-11e5-a73d-c04a00aa5181','9f3a613d-9d98-11e5-a73d-c04a00aa5181','9f39ab46-9d98-11e5-a73d-c04a00aa5181','FOREMAN'),('9f3b8709-9d98-11e5-a73d-c04a00aa5181','9f442de9-9d98-11e5-a73d-c04a00aa5181','9f39ab46-9d98-11e5-a73d-c04a00aa5181','EMPLOYEE'),('9f3b8712-9d98-11e5-a73d-c04a00aa5181','9f3a6127-9d98-11e5-a73d-c04a00aa5181','9f39ab86-9d98-11e5-a73d-c04a00aa5181','FOREMAN'),('9f3b871b-9d98-11e5-a73d-c04a00aa5181','9f3a60e7-9d98-11e5-a73d-c04a00aa5181','9f39ab86-9d98-11e5-a73d-c04a00aa5181','FOREMAN'),('9f3b8741-9d98-11e5-a73d-c04a00aa5181','9f3a614e-9d98-11e5-a73d-c04a00aa5181','9f39ab86-9d98-11e5-a73d-c04a00aa5181','FOREMAN'),('9f3b874e-9d98-11e5-a73d-c04a00aa5181','9f3a610e-9d98-11e5-a73d-c04a00aa5181','9f39ab86-9d98-11e5-a73d-c04a00aa5181','FOREMAN'),('9f3b8756-9d98-11e5-a73d-c04a00aa5181','9f3a6145-9d98-11e5-a73d-c04a00aa5181','9f39ab86-9d98-11e5-a73d-c04a00aa5181','FOREMAN'),('9f3b875f-9d98-11e5-a73d-c04a00aa5181','9f3a6134-9d98-11e5-a73d-c04a00aa5181','9f39ab86-9d98-11e5-a73d-c04a00aa5181','FOREMAN'),('9f3b8768-9d98-11e5-a73d-c04a00aa5181','9f3a613d-9d98-11e5-a73d-c04a00aa5181','9f39ab86-9d98-11e5-a73d-c04a00aa5181','FOREMAN'),('9f3b8770-9d98-11e5-a73d-c04a00aa5181','9f3a611b-9d98-11e5-a73d-c04a00aa5181','9f39ab86-9d98-11e5-a73d-c04a00aa5181','FOREMAN'),('9f3b8779-9d98-11e5-a73d-c04a00aa5181','9f442de9-9d98-11e5-a73d-c04a00aa5181','9f39ab86-9d98-11e5-a73d-c04a00aa5181','EMPLOYEE'),('9f3b8781-9d98-11e5-a73d-c04a00aa5181','9f442e0b-9d98-11e5-a73d-c04a00aa5181','9f39ab86-9d98-11e5-a73d-c04a00aa5181','EMPLOYEE'),('9f3b878a-9d98-11e5-a73d-c04a00aa5181','9f3a60e7-9d98-11e5-a73d-c04a00aa5181','9f39ab9c-9d98-11e5-a73d-c04a00aa5181','FOREMAN'),('9f3b87b4-9d98-11e5-a73d-c04a00aa5181','9f3a6145-9d98-11e5-a73d-c04a00aa5181','9f39ab9c-9d98-11e5-a73d-c04a00aa5181','FOREMAN'),('9f3b87c1-9d98-11e5-a73d-c04a00aa5181','9f3a6127-9d98-11e5-a73d-c04a00aa5181','9f39ab9c-9d98-11e5-a73d-c04a00aa5181','FOREMAN'),('9f3b87ca-9d98-11e5-a73d-c04a00aa5181','9f3a611b-9d98-11e5-a73d-c04a00aa5181','9f39ab9c-9d98-11e5-a73d-c04a00aa5181','FOREMAN'),('9f3b87d2-9d98-11e5-a73d-c04a00aa5181','9f3a613d-9d98-11e5-a73d-c04a00aa5181','9f39ab9c-9d98-11e5-a73d-c04a00aa5181','FOREMAN'),('9f3b87df-9d98-11e5-a73d-c04a00aa5181','9f3a614e-9d98-11e5-a73d-c04a00aa5181','9f39ab9c-9d98-11e5-a73d-c04a00aa5181','FOREMAN'),('9f3b87e8-9d98-11e5-a73d-c04a00aa5181','9f442e0b-9d98-11e5-a73d-c04a00aa5181','9f39ab9c-9d98-11e5-a73d-c04a00aa5181','EMPLOYEE'),('9f3b87f5-9d98-11e5-a73d-c04a00aa5181','9f3a6127-9d98-11e5-a73d-c04a00aa5181','9f39abad-9d98-11e5-a73d-c04a00aa5181','FOREMAN'),('9f3b87fd-9d98-11e5-a73d-c04a00aa5181','9f3a60e7-9d98-11e5-a73d-c04a00aa5181','9f39abad-9d98-11e5-a73d-c04a00aa5181','FOREMAN'),('9f3b8806-9d98-11e5-a73d-c04a00aa5181','9f442e0b-9d98-11e5-a73d-c04a00aa5181','9f39abad-9d98-11e5-a73d-c04a00aa5181','EMPLOYEE'),('9f3b882c-9d98-11e5-a73d-c04a00aa5181','9f442de9-9d98-11e5-a73d-c04a00aa5181','9f39abad-9d98-11e5-a73d-c04a00aa5181','EMPLOYEE'),('9f3b8839-9d98-11e5-a73d-c04a00aa5181','9f3a6134-9d98-11e5-a73d-c04a00aa5181','9f39abad-9d98-11e5-a73d-c04a00aa5181','FOREMAN'),('9f3b8842-9d98-11e5-a73d-c04a00aa5181','9f3a611b-9d98-11e5-a73d-c04a00aa5181','9f39abad-9d98-11e5-a73d-c04a00aa5181','FOREMAN'),('9f3b884a-9d98-11e5-a73d-c04a00aa5181','9f3a611b-9d98-11e5-a73d-c04a00aa5181','9f39abbe-9d98-11e5-a73d-c04a00aa5181','FOREMAN'),('9f3b8853-9d98-11e5-a73d-c04a00aa5181','9f3a610e-9d98-11e5-a73d-c04a00aa5181','9f39abbe-9d98-11e5-a73d-c04a00aa5181','FOREMAN'),('9f3b885b-9d98-11e5-a73d-c04a00aa5181','9f3a6127-9d98-11e5-a73d-c04a00aa5181','9f39abbe-9d98-11e5-a73d-c04a00aa5181','FOREMAN'),('9f3b8864-9d98-11e5-a73d-c04a00aa5181','9f442e0b-9d98-11e5-a73d-c04a00aa5181','9f39abbe-9d98-11e5-a73d-c04a00aa5181','EMPLOYEE'),('9f3b886c-9d98-11e5-a73d-c04a00aa5181','9f3a6134-9d98-11e5-a73d-c04a00aa5181','9f39abd3-9d98-11e5-a73d-c04a00aa5181','FOREMAN'),('9f3b8875-9d98-11e5-a73d-c04a00aa5181','9f3a614e-9d98-11e5-a73d-c04a00aa5181','9f39abd3-9d98-11e5-a73d-c04a00aa5181','FOREMAN'),('9f3b88a0-9d98-11e5-a73d-c04a00aa5181','9f442de9-9d98-11e5-a73d-c04a00aa5181','9f39abd3-9d98-11e5-a73d-c04a00aa5181','EMPLOYEE'),('9f3b88a8-9d98-11e5-a73d-c04a00aa5181','9f3a611b-9d98-11e5-a73d-c04a00aa5181','9f39abd3-9d98-11e5-a73d-c04a00aa5181','FOREMAN'),('9f3b88b5-9d98-11e5-a73d-c04a00aa5181','9f3a610e-9d98-11e5-a73d-c04a00aa5181','9f39abd3-9d98-11e5-a73d-c04a00aa5181','FOREMAN'),('9f3b88be-9d98-11e5-a73d-c04a00aa5181','9f442e0b-9d98-11e5-a73d-c04a00aa5181','9f39abd3-9d98-11e5-a73d-c04a00aa5181','EMPLOYEE'),('9f3b88c6-9d98-11e5-a73d-c04a00aa5181','9f3a6145-9d98-11e5-a73d-c04a00aa5181','9f39abd3-9d98-11e5-a73d-c04a00aa5181','FOREMAN'),('9f3b88cf-9d98-11e5-a73d-c04a00aa5181','9f3a6127-9d98-11e5-a73d-c04a00aa5181','9f39abd3-9d98-11e5-a73d-c04a00aa5181','FOREMAN'),('9f3b88dc-9d98-11e5-a73d-c04a00aa5181','9f3a60e7-9d98-11e5-a73d-c04a00aa5181','9f39abd3-9d98-11e5-a73d-c04a00aa5181','FOREMAN'),('9f3b88e4-9d98-11e5-a73d-c04a00aa5181','9f3a613d-9d98-11e5-a73d-c04a00aa5181','9f39abd3-9d98-11e5-a73d-c04a00aa5181','FOREMAN'),('9f3b88ed-9d98-11e5-a73d-c04a00aa5181','9f3a6127-9d98-11e5-a73d-c04a00aa5181','9f39abe5-9d98-11e5-a73d-c04a00aa5181','FOREMAN'),('9f3b8917-9d98-11e5-a73d-c04a00aa5181','9f3a60e7-9d98-11e5-a73d-c04a00aa5181','9f39abe5-9d98-11e5-a73d-c04a00aa5181','FOREMAN'),('9f3b8924-9d98-11e5-a73d-c04a00aa5181','9f3a610e-9d98-11e5-a73d-c04a00aa5181','9f39abe5-9d98-11e5-a73d-c04a00aa5181','FOREMAN'),('9f3b892d-9d98-11e5-a73d-c04a00aa5181','9f442e0b-9d98-11e5-a73d-c04a00aa5181','9f39abe5-9d98-11e5-a73d-c04a00aa5181','EMPLOYEE'),('9f3b8935-9d98-11e5-a73d-c04a00aa5181','9f3a614e-9d98-11e5-a73d-c04a00aa5181','9f39abe5-9d98-11e5-a73d-c04a00aa5181','FOREMAN'),('9f3b893e-9d98-11e5-a73d-c04a00aa5181','9f3a611b-9d98-11e5-a73d-c04a00aa5181','9f39abe5-9d98-11e5-a73d-c04a00aa5181','FOREMAN'),('9f3b894b-9d98-11e5-a73d-c04a00aa5181','9f3a6134-9d98-11e5-a73d-c04a00aa5181','9f39abe5-9d98-11e5-a73d-c04a00aa5181','FOREMAN'),('9f3b8953-9d98-11e5-a73d-c04a00aa5181','9f3a613d-9d98-11e5-a73d-c04a00aa5181','9f39abe5-9d98-11e5-a73d-c04a00aa5181','FOREMAN'),('9f3b895c-9d98-11e5-a73d-c04a00aa5181','9f442de9-9d98-11e5-a73d-c04a00aa5181','9f39abe5-9d98-11e5-a73d-c04a00aa5181','EMPLOYEE'),('9f3b8964-9d98-11e5-a73d-c04a00aa5181','9f3a6145-9d98-11e5-a73d-c04a00aa5181','9f39abe5-9d98-11e5-a73d-c04a00aa5181','FOREMAN'),('9f3b898b-9d98-11e5-a73d-c04a00aa5181','9f3a6145-9d98-11e5-a73d-c04a00aa5181','9f39abfa-9d98-11e5-a73d-c04a00aa5181','FOREMAN'),('9f3b8998-9d98-11e5-a73d-c04a00aa5181','9f442de9-9d98-11e5-a73d-c04a00aa5181','9f39abfa-9d98-11e5-a73d-c04a00aa5181','EMPLOYEE'),('9f3b89a0-9d98-11e5-a73d-c04a00aa5181','9f442e0b-9d98-11e5-a73d-c04a00aa5181','9f39abfa-9d98-11e5-a73d-c04a00aa5181','EMPLOYEE'),('9f3b89a9-9d98-11e5-a73d-c04a00aa5181','9f3a60e7-9d98-11e5-a73d-c04a00aa5181','9f39abfa-9d98-11e5-a73d-c04a00aa5181','FOREMAN'),('9f3b89b1-9d98-11e5-a73d-c04a00aa5181','9f3a610e-9d98-11e5-a73d-c04a00aa5181','9f39abfa-9d98-11e5-a73d-c04a00aa5181','FOREMAN'),('9f3b89ba-9d98-11e5-a73d-c04a00aa5181','9f3a6134-9d98-11e5-a73d-c04a00aa5181','9f39abfa-9d98-11e5-a73d-c04a00aa5181','FOREMAN'),('9f3b89c2-9d98-11e5-a73d-c04a00aa5181','9f3a614e-9d98-11e5-a73d-c04a00aa5181','9f39abfa-9d98-11e5-a73d-c04a00aa5181','FOREMAN'),('9f3b8a0b-9d98-11e5-a73d-c04a00aa5181','9f3a611b-9d98-11e5-a73d-c04a00aa5181','9f39abfa-9d98-11e5-a73d-c04a00aa5181','FOREMAN'),('9f3b8a18-9d98-11e5-a73d-c04a00aa5181','9f3a613d-9d98-11e5-a73d-c04a00aa5181','9f39abfa-9d98-11e5-a73d-c04a00aa5181','FOREMAN'),('9f3b8a43-9d98-11e5-a73d-c04a00aa5181','9f3a6127-9d98-11e5-a73d-c04a00aa5181','9f39abfa-9d98-11e5-a73d-c04a00aa5181','FOREMAN'),('9f3b8a50-9d98-11e5-a73d-c04a00aa5181','9f3a6134-9d98-11e5-a73d-c04a00aa5181','9f39ac0b-9d98-11e5-a73d-c04a00aa5181','FOREMAN'),('9f3b8a58-9d98-11e5-a73d-c04a00aa5181','9f3a6127-9d98-11e5-a73d-c04a00aa5181','9f39ac0b-9d98-11e5-a73d-c04a00aa5181','FOREMAN'),('9f3b8a65-9d98-11e5-a73d-c04a00aa5181','9f3a610e-9d98-11e5-a73d-c04a00aa5181','9f39ac0b-9d98-11e5-a73d-c04a00aa5181','FOREMAN'),('9f3b8a6e-9d98-11e5-a73d-c04a00aa5181','9f442e0b-9d98-11e5-a73d-c04a00aa5181','9f39ac0b-9d98-11e5-a73d-c04a00aa5181','EMPLOYEE'),('9f3b8a76-9d98-11e5-a73d-c04a00aa5181','9f3a613d-9d98-11e5-a73d-c04a00aa5181','9f39ac0b-9d98-11e5-a73d-c04a00aa5181','FOREMAN'),('9f3b8a7f-9d98-11e5-a73d-c04a00aa5181','9f442de9-9d98-11e5-a73d-c04a00aa5181','9f39ac0b-9d98-11e5-a73d-c04a00aa5181','EMPLOYEE'),('9f3b8a87-9d98-11e5-a73d-c04a00aa5181','9f3a611b-9d98-11e5-a73d-c04a00aa5181','9f39ac0b-9d98-11e5-a73d-c04a00aa5181','FOREMAN'),('9f3b8a94-9d98-11e5-a73d-c04a00aa5181','9f3a60e7-9d98-11e5-a73d-c04a00aa5181','9f39ac0b-9d98-11e5-a73d-c04a00aa5181','FOREMAN'),('9f3b8abf-9d98-11e5-a73d-c04a00aa5181','9f3a6145-9d98-11e5-a73d-c04a00aa5181','9f39ac0b-9d98-11e5-a73d-c04a00aa5181','FOREMAN'),('9f3b8acc-9d98-11e5-a73d-c04a00aa5181','9f3a614e-9d98-11e5-a73d-c04a00aa5181','9f39ac0b-9d98-11e5-a73d-c04a00aa5181','FOREMAN'),('9f3b8ad4-9d98-11e5-a73d-c04a00aa5181','9f3a60e7-9d98-11e5-a73d-c04a00aa5181','9f39ac1c-9d98-11e5-a73d-c04a00aa5181','FOREMAN'),('9f3b8add-9d98-11e5-a73d-c04a00aa5181','9f3a6127-9d98-11e5-a73d-c04a00aa5181','9f39ac1c-9d98-11e5-a73d-c04a00aa5181','FOREMAN'),('9f3b8ae5-9d98-11e5-a73d-c04a00aa5181','9f442de9-9d98-11e5-a73d-c04a00aa5181','9f39ac1c-9d98-11e5-a73d-c04a00aa5181','EMPLOYEE'),('9f3b8af2-9d98-11e5-a73d-c04a00aa5181','9f3a613d-9d98-11e5-a73d-c04a00aa5181','9f39ac1c-9d98-11e5-a73d-c04a00aa5181','FOREMAN'),('9f3b8afb-9d98-11e5-a73d-c04a00aa5181','9f3a6134-9d98-11e5-a73d-c04a00aa5181','9f39ac1c-9d98-11e5-a73d-c04a00aa5181','FOREMAN'),('9f3b8b03-9d98-11e5-a73d-c04a00aa5181','9f3a614e-9d98-11e5-a73d-c04a00aa5181','9f39ac1c-9d98-11e5-a73d-c04a00aa5181','FOREMAN'),('9f3b8b0c-9d98-11e5-a73d-c04a00aa5181','9f442e0b-9d98-11e5-a73d-c04a00aa5181','9f39ac1c-9d98-11e5-a73d-c04a00aa5181','EMPLOYEE'),('9f3b8b37-9d98-11e5-a73d-c04a00aa5181','9f3a6145-9d98-11e5-a73d-c04a00aa5181','9f39ac1c-9d98-11e5-a73d-c04a00aa5181','FOREMAN'),('9f3b8b3f-9d98-11e5-a73d-c04a00aa5181','9f3a610e-9d98-11e5-a73d-c04a00aa5181','9f39ac1c-9d98-11e5-a73d-c04a00aa5181','FOREMAN'),('9f3b8b4c-9d98-11e5-a73d-c04a00aa5181','9f3a611b-9d98-11e5-a73d-c04a00aa5181','9f39ac1c-9d98-11e5-a73d-c04a00aa5181','FOREMAN'),('9f3b8b54-9d98-11e5-a73d-c04a00aa5181','9f3a613d-9d98-11e5-a73d-c04a00aa5181','9f39ac47-9d98-11e5-a73d-c04a00aa5181','FOREMAN'),('9f3b8b5d-9d98-11e5-a73d-c04a00aa5181','9f442e0b-9d98-11e5-a73d-c04a00aa5181','9f39ac47-9d98-11e5-a73d-c04a00aa5181','EMPLOYEE'),('9f3b8b66-9d98-11e5-a73d-c04a00aa5181','9f3a6127-9d98-11e5-a73d-c04a00aa5181','9f39ac47-9d98-11e5-a73d-c04a00aa5181','FOREMAN'),('9f3b8b6e-9d98-11e5-a73d-c04a00aa5181','9f3a60e7-9d98-11e5-a73d-c04a00aa5181','9f39ac47-9d98-11e5-a73d-c04a00aa5181','FOREMAN'),('9f3b8b77-9d98-11e5-a73d-c04a00aa5181','9f3a614e-9d98-11e5-a73d-c04a00aa5181','9f39ac47-9d98-11e5-a73d-c04a00aa5181','FOREMAN'),('9f3b8b7b-9d98-11e5-a73d-c04a00aa5181','9f3a6145-9d98-11e5-a73d-c04a00aa5181','9f39ac47-9d98-11e5-a73d-c04a00aa5181','FOREMAN'),('9f3b8bae-9d98-11e5-a73d-c04a00aa5181','9f442e0b-9d98-11e5-a73d-c04a00aa5181','9f39ac5c-9d98-11e5-a73d-c04a00aa5181','EMPLOYEE'),('9f3b8bb7-9d98-11e5-a73d-c04a00aa5181','9f3a6145-9d98-11e5-a73d-c04a00aa5181','9f39ac5c-9d98-11e5-a73d-c04a00aa5181','FOREMAN'),('9f3b8bbf-9d98-11e5-a73d-c04a00aa5181','9f3a6127-9d98-11e5-a73d-c04a00aa5181','9f39ac5c-9d98-11e5-a73d-c04a00aa5181','FOREMAN'),('9f3b8bc8-9d98-11e5-a73d-c04a00aa5181','9f3a60e7-9d98-11e5-a73d-c04a00aa5181','9f39ac5c-9d98-11e5-a73d-c04a00aa5181','FOREMAN'),('9f3b8bd0-9d98-11e5-a73d-c04a00aa5181','9f3a614e-9d98-11e5-a73d-c04a00aa5181','9f39ac5c-9d98-11e5-a73d-c04a00aa5181','FOREMAN'),('9f3b8bd9-9d98-11e5-a73d-c04a00aa5181','9f3a6134-9d98-11e5-a73d-c04a00aa5181','9f39ac5c-9d98-11e5-a73d-c04a00aa5181','FOREMAN'),('9f3b8be2-9d98-11e5-a73d-c04a00aa5181','9f3a613d-9d98-11e5-a73d-c04a00aa5181','9f39ac5c-9d98-11e5-a73d-c04a00aa5181','FOREMAN'),('9f3b8bea-9d98-11e5-a73d-c04a00aa5181','9f3a610e-9d98-11e5-a73d-c04a00aa5181','9f39ac5c-9d98-11e5-a73d-c04a00aa5181','FOREMAN');
/*!40000 ALTER TABLE `roles` ENABLE KEYS */;
UNLOCK TABLES;
/*!50003 SET @saved_cs_client      = @@character_set_client */ ;
/*!50003 SET @saved_cs_results     = @@character_set_results */ ;
/*!50003 SET @saved_col_connection = @@collation_connection */ ;
/*!50003 SET character_set_client  = utf8 */ ;
/*!50003 SET character_set_results = utf8 */ ;
/*!50003 SET collation_connection  = utf8_general_ci */ ;
/*!50003 SET @saved_sql_mode       = @@sql_mode */ ;
/*!50003 SET sql_mode              = 'STRICT_TRANS_TABLES,NO_AUTO_CREATE_USER,NO_ENGINE_SUBSTITUTION' */ ;
DELIMITER ;;
/*!50003 CREATE*/ /*!50017 DEFINER=`root`@`localhost`*/ /*!50003 TRIGGER ins AFTER INSERT ON roles
FOR EACH ROW
BEGIN
	IF NEW.role = 'MANAGER' THEN
		INSERT INTO permissions VALUES (NEW.entity_id,'DELETE',NEW.object_id), (NEW.entity_id,'UPDATE',NEW.object_id), (NEW.entity_id,'READ',NEW.object_id);
	END IF;
	IF NEW.role = 'FOREMAN' THEN
		INSERT INTO permissions VALUES (NEW.entity_id,'INSERT',NEW.object_id), (NEW.entity_id,'UPDATE_SELF',NEW.object_id), (NEW.entity_id,'READ',NEW.object_id);
	END IF;
END */;;
DELIMITER ;
/*!50003 SET sql_mode              = @saved_sql_mode */ ;
/*!50003 SET character_set_client  = @saved_cs_client */ ;
/*!50003 SET character_set_results = @saved_cs_results */ ;
/*!50003 SET collation_connection  = @saved_col_connection */ ;

--
-- Table structure for table `stages`
--

DROP TABLE IF EXISTS `stages`;
/*!40101 SET @saved_cs_client     = @@character_set_client */;
/*!40101 SET character_set_client = utf8 */;
CREATE TABLE `stages` (
  `id` char(36) NOT NULL,
  `entity_id` char(36) NOT NULL,
  `object_id` char(36) NOT NULL,
  `description` text NOT NULL,
  PRIMARY KEY (`id`),
  KEY `stages_entities` (`entity_id`),
  KEY `stages_objects` (`object_id`),
  CONSTRAINT `stages_entities` FOREIGN KEY (`entity_id`) REFERENCES `entities` (`id`),
  CONSTRAINT `stages_objects` FOREIGN KEY (`object_id`) REFERENCES `objects` (`id`)
) ENGINE=InnoDB DEFAULT CHARSET=utf8;
/*!40101 SET character_set_client = @saved_cs_client */;

--
-- Dumping data for table `stages`
--

LOCK TABLES `stages` WRITE;
/*!40000 ALTER TABLE `stages` DISABLE KEYS */;
/*!40000 ALTER TABLE `stages` ENABLE KEYS */;
UNLOCK TABLES;
/*!50003 SET @saved_cs_client      = @@character_set_client */ ;
/*!50003 SET @saved_cs_results     = @@character_set_results */ ;
/*!50003 SET @saved_col_connection = @@collation_connection */ ;
/*!50003 SET character_set_client  = cp866 */ ;
/*!50003 SET character_set_results = cp866 */ ;
/*!50003 SET collation_connection  = cp866_general_ci */ ;
/*!50003 SET @saved_sql_mode       = @@sql_mode */ ;
/*!50003 SET sql_mode              = 'STRICT_TRANS_TABLES,NO_AUTO_CREATE_USER,NO_ENGINE_SUBSTITUTION' */ ;
DELIMITER ;;
/*!50003 CREATE*/ /*!50017 DEFINER=`root`@`localhost`*/ /*!50003 TRIGGER on_insert_into_stages AFTER INSERT ON Stages FOR EACH ROW INSERT INTO Log(id,date,description) values(UUID(),NOW(),CONCAT("new stage ",NEW.id," added in Stages by ",USER())) */;;
DELIMITER ;
/*!50003 SET sql_mode              = @saved_sql_mode */ ;
/*!50003 SET character_set_client  = @saved_cs_client */ ;
/*!50003 SET character_set_results = @saved_cs_results */ ;
/*!50003 SET collation_connection  = @saved_col_connection */ ;
/*!50003 SET @saved_cs_client      = @@character_set_client */ ;
/*!50003 SET @saved_cs_results     = @@character_set_results */ ;
/*!50003 SET @saved_col_connection = @@collation_connection */ ;
/*!50003 SET character_set_client  = cp866 */ ;
/*!50003 SET character_set_results = cp866 */ ;
/*!50003 SET collation_connection  = cp866_general_ci */ ;
/*!50003 SET @saved_sql_mode       = @@sql_mode */ ;
/*!50003 SET sql_mode              = 'STRICT_TRANS_TABLES,NO_AUTO_CREATE_USER,NO_ENGINE_SUBSTITUTION' */ ;
DELIMITER ;;
/*!50003 CREATE*/ /*!50017 DEFINER=`root`@`localhost`*/ /*!50003 TRIGGER on_delete_from_stages AFTER DELETE ON Stages FOR EACH ROW INSERT INTO Log(id,date,description) values(UUID(),NOW(),CONCAT("stage ",OLD.id, " deleted from Stages by ",USER())) */;;
DELIMITER ;
/*!50003 SET sql_mode              = @saved_sql_mode */ ;
/*!50003 SET character_set_client  = @saved_cs_client */ ;
/*!50003 SET character_set_results = @saved_cs_results */ ;
/*!50003 SET collation_connection  = @saved_col_connection */ ;

--
-- Table structure for table `tickets`
--

DROP TABLE IF EXISTS `tickets`;
/*!40101 SET @saved_cs_client     = @@character_set_client */;
/*!40101 SET character_set_client = utf8 */;
CREATE TABLE `tickets` (
  `id` char(36) NOT NULL,
  `entity_id` char(36) NOT NULL,
  `description` text NOT NULL,
  `value` decimal(10,2) NOT NULL,
  `status` enum('PENDING','ACCEPTED','REJECTED') NOT NULL,
  `reason` text,
  PRIMARY KEY (`id`),
  KEY `tickets_entities` (`entity_id`),
  CONSTRAINT `tickets_entities` FOREIGN KEY (`entity_id`) REFERENCES `entities` (`id`)
) ENGINE=InnoDB DEFAULT CHARSET=utf8;
/*!40101 SET character_set_client = @saved_cs_client */;

--
-- Dumping data for table `tickets`
--

LOCK TABLES `tickets` WRITE;
/*!40000 ALTER TABLE `tickets` DISABLE KEYS */;
/*!40000 ALTER TABLE `tickets` ENABLE KEYS */;
UNLOCK TABLES;

--
-- Table structure for table `transactions`
--

DROP TABLE IF EXISTS `transactions`;
/*!40101 SET @saved_cs_client     = @@character_set_client */;
/*!40101 SET character_set_client = utf8 */;
CREATE TABLE `transactions` (
  `id` char(36) NOT NULL,
  `from` char(36) NOT NULL,
  `to` char(36) NOT NULL,
  `type` enum('SALLARY','MATERIAL','CLIENT') NOT NULL,
  `value` decimal(10,2) NOT NULL,
  `description` text NOT NULL,
  `object_id` char(36) NOT NULL,
  `date` timestamp NOT NULL DEFAULT CURRENT_TIMESTAMP ON UPDATE CURRENT_TIMESTAMP,
  PRIMARY KEY (`id`),
  KEY `transactions_entities1` (`from`),
  KEY `transactions_entities2` (`to`),
  KEY `transactions_objects` (`object_id`),
  CONSTRAINT `transactions_entities1` FOREIGN KEY (`from`) REFERENCES `entities` (`id`),
  CONSTRAINT `transactions_entities2` FOREIGN KEY (`to`) REFERENCES `entities` (`id`),
  CONSTRAINT `transactions_objects` FOREIGN KEY (`object_id`) REFERENCES `objects` (`id`)
) ENGINE=InnoDB DEFAULT CHARSET=utf8;
/*!40101 SET character_set_client = @saved_cs_client */;

--
-- Dumping data for table `transactions`
--

LOCK TABLES `transactions` WRITE;
/*!40000 ALTER TABLE `transactions` DISABLE KEYS */;
/*!40000 ALTER TABLE `transactions` ENABLE KEYS */;
UNLOCK TABLES;
/*!40103 SET TIME_ZONE=@OLD_TIME_ZONE */;

/*!40101 SET SQL_MODE=@OLD_SQL_MODE */;
/*!40014 SET FOREIGN_KEY_CHECKS=@OLD_FOREIGN_KEY_CHECKS */;
/*!40014 SET UNIQUE_CHECKS=@OLD_UNIQUE_CHECKS */;
/*!40101 SET CHARACTER_SET_CLIENT=@OLD_CHARACTER_SET_CLIENT */;
/*!40101 SET CHARACTER_SET_RESULTS=@OLD_CHARACTER_SET_RESULTS */;
/*!40101 SET COLLATION_CONNECTION=@OLD_COLLATION_CONNECTION */;
/*!40111 SET SQL_NOTES=@OLD_SQL_NOTES */;

-- Dump completed on 2015-12-08 13:45:47
