/*не добавляем других Entity c type='COMPANY'*/
INSERT INTO `entities` VALUES ('b39f4fae-9dee-11e5-a242-c04a00aa5181','COMPANY','OurCompany','');

/*Влад, Андрей, Юля, Алексей*/
INSERT INTO `elements` VALUES ('c2a0f30e-9fde-11e5-9177-c04a00aa5181','c29f75e8-9fde-11e5-9177-c04a00aa5181','Product 2',154,308.00,462.00,'',0),('c2a0f381-9fde-11e5-9177-c04a00aa5181','c29f75e8-9fde-11e5-9177-c04a00aa5181','Product 19',208,416.00,624.00,'',0),('c2a0f3bd-9fde-11e5-9177-c04a00aa5181','c29f75e8-9fde-11e5-9177-c04a00aa5181','Product 16',268,536.00,804.00,'',0),('c2a0f3f1-9fde-11e5-9177-c04a00aa5181','c29f75e8-9fde-11e5-9177-c04a00aa5181','Product 7',82,164.00,246.00,'',0),('c2a0f43e-9fde-11e5-9177-c04a00aa5181','c29f75e8-9fde-11e5-9177-c04a00aa5181','Product 5',205,410.00,615.00,'',0),('c2a0f468-9fde-11e5-9177-c04a00aa5181','c29f75e8-9fde-11e5-9177-c04a00aa5181','Product 30',80,160.00,240.00,'',0),('c2a0f493-9fde-11e5-9177-c04a00aa5181','c29f75e8-9fde-11e5-9177-c04a00aa5181','Product 20',48,96.00,144.00,'',0),('c2a0f4ba-9fde-11e5-9177-c04a00aa5181','c29f75e8-9fde-11e5-9177-c04a00aa5181','Product 14',25,50.00,75.00,'',0),('c2a0f4e0-9fde-11e5-9177-c04a00aa5181','c29f75e8-9fde-11e5-9177-c04a00aa5181','Product 29',35,70.00,105.00,'',0),('c2a0f50b-9fde-11e5-9177-c04a00aa5181','c29f75e8-9fde-11e5-9177-c04a00aa5181','Product 3',41,82.00,123.00,'',0),('c2a0f531-9fde-11e5-9177-c04a00aa5181','c29f75e8-9fde-11e5-9177-c04a00aa5181','Product 13',268,536.00,804.00,'',0),('c2a0f558-9fde-11e5-9177-c04a00aa5181','c29f75e8-9fde-11e5-9177-c04a00aa5181','Product 24',62,124.00,186.00,'',0),('c2a0f57e-9fde-11e5-9177-c04a00aa5181','c29f7613-9fde-11e5-9177-c04a00aa5181','Product 29',284,568.00,852.00,'',0),('c2a0f5ff-9fde-11e5-9177-c04a00aa5181','c29f7613-9fde-11e5-9177-c04a00aa5181','Product 19',157,314.00,471.00,'',0),('c2a0f62e-9fde-11e5-9177-c04a00aa5181','c29f7613-9fde-11e5-9177-c04a00aa5181','Product 1',207,414.00,621.00,'',0),('c2a0f658-9fde-11e5-9177-c04a00aa5181','c29f7613-9fde-11e5-9177-c04a00aa5181','Product 15',153,306.00,459.00,'',0),('c2a0f67f-9fde-11e5-9177-c04a00aa5181','c29f7613-9fde-11e5-9177-c04a00aa5181','Product 12',145,290.00,435.00,'',0),('c2a0f6aa-9fde-11e5-9177-c04a00aa5181','c29f761c-9fde-11e5-9177-c04a00aa5181','Product 29',135,270.00,405.00,'',0),('c2a0f6cc-9fde-11e5-9177-c04a00aa5181','c29f761c-9fde-11e5-9177-c04a00aa5181','Product 10',225,450.00,675.00,'',0),('c2a0f6ee-9fde-11e5-9177-c04a00aa5181','c29f761c-9fde-11e5-9177-c04a00aa5181','Product 26',108,216.00,324.00,'',0),('c2a0f70c-9fde-11e5-9177-c04a00aa5181','c29f761c-9fde-11e5-9177-c04a00aa5181','Product 20',271,542.00,813.00,'',0),('c2a0f72e-9fde-11e5-9177-c04a00aa5181','c29f761c-9fde-11e5-9177-c04a00aa5181','Product 22',187,374.00,561.00,'',0),('c2a0f76a-9fde-11e5-9177-c04a00aa5181','c29f761c-9fde-11e5-9177-c04a00aa5181','Product 2',203,406.00,609.00,'',0),('c2a0f78c-9fde-11e5-9177-c04a00aa5181','c29f7624-9fde-11e5-9177-c04a00aa5181','Product 8',175,350.00,525.00,'',0),('c2a0f7ae-9fde-11e5-9177-c04a00aa5181','c29f7624-9fde-11e5-9177-c04a00aa5181','Product 9',25,50.00,75.00,'',0),('c2a0f7cc-9fde-11e5-9177-c04a00aa5181','c29f7624-9fde-11e5-9177-c04a00aa5181','Product 19',123,246.00,369.00,'',0),('c2a0f7ef-9fde-11e5-9177-c04a00aa5181','c29f7624-9fde-11e5-9177-c04a00aa5181','Product 26',283,566.00,849.00,'',0),('c2a0f815-9fde-11e5-9177-c04a00aa5181','c29f7624-9fde-11e5-9177-c04a00aa5181','Product 18',119,238.00,357.00,'',0),('c2a0f837-9fde-11e5-9177-c04a00aa5181','c29f7624-9fde-11e5-9177-c04a00aa5181','Product 6',102,204.00,306.00,'',0),('c2a0f85e-9fde-11e5-9177-c04a00aa5181','c29f7624-9fde-11e5-9177-c04a00aa5181','Product 23',186,372.00,558.00,'',0),('c2a0f884-9fde-11e5-9177-c04a00aa5181','c29f762d-9fde-11e5-9177-c04a00aa5181','Product 11',30,60.00,90.00,'',0),('c2a0f8d1-9fde-11e5-9177-c04a00aa5181','c29f762d-9fde-11e5-9177-c04a00aa5181','Product 1',146,292.00,438.00,'',0),('c2a0f8fc-9fde-11e5-9177-c04a00aa5181','c29f762d-9fde-11e5-9177-c04a00aa5181','Product 26',217,434.00,651.00,'',0),('c2a0f927-9fde-11e5-9177-c04a00aa5181','c29f762d-9fde-11e5-9177-c04a00aa5181','Product 28',121,242.00,363.00,'',0),('c2a0f949-9fde-11e5-9177-c04a00aa5181','c29f762d-9fde-11e5-9177-c04a00aa5181','Product 30',139,278.00,417.00,'',0),('c2a0f96f-9fde-11e5-9177-c04a00aa5181','c29f762d-9fde-11e5-9177-c04a00aa5181','Product 24',210,420.00,630.00,'',0),('c2a0f99f-9fde-11e5-9177-c04a00aa5181','c29f762d-9fde-11e5-9177-c04a00aa5181','Product 9',189,378.00,567.00,'',0),('c2a0f9c1-9fde-11e5-9177-c04a00aa5181','c29f762d-9fde-11e5-9177-c04a00aa5181','Product 2',29,58.00,87.00,'',0),('c2a0f9e3-9fde-11e5-9177-c04a00aa5181','c29f762d-9fde-11e5-9177-c04a00aa5181','Product 25',142,284.00,426.00,'',0),('c2a0fa09-9fde-11e5-9177-c04a00aa5181','c29f7635-9fde-11e5-9177-c04a00aa5181','Product 8',82,164.00,246.00,'',0),('c2a0fa56-9fde-11e5-9177-c04a00aa5181','c29f7635-9fde-11e5-9177-c04a00aa5181','Product 23',224,448.00,672.00,'',0),('c2a0fa81-9fde-11e5-9177-c04a00aa5181','c29f7635-9fde-11e5-9177-c04a00aa5181','Product 6',182,364.00,546.00,'',0),('c2a0faac-9fde-11e5-9177-c04a00aa5181','c29f7635-9fde-11e5-9177-c04a00aa5181','Product 5',50,100.00,150.00,'',0),('c2a0fad2-9fde-11e5-9177-c04a00aa5181','c29f7635-9fde-11e5-9177-c04a00aa5181','Product 9',149,298.00,447.00,'',0),('c2a0faf9-9fde-11e5-9177-c04a00aa5181','c29f7635-9fde-11e5-9177-c04a00aa5181','Product 30',239,478.00,717.00,'',0),('c2a0fb1f-9fde-11e5-9177-c04a00aa5181','c29f7635-9fde-11e5-9177-c04a00aa5181','Product 27',50,100.00,150.00,'',0),('c2a0fb4a-9fde-11e5-9177-c04a00aa5181','c29f763e-9fde-11e5-9177-c04a00aa5181','Product 21',38,76.00,114.00,'',0),('c2a0fb71-9fde-11e5-9177-c04a00aa5181','c29f763e-9fde-11e5-9177-c04a00aa5181','Product 3',135,270.00,405.00,'',0),('c2a0fb97-9fde-11e5-9177-c04a00aa5181','c29f763e-9fde-11e5-9177-c04a00aa5181','Product 16',88,176.00,264.00,'',0),('c2a0fbe8-9fde-11e5-9177-c04a00aa5181','c29f763e-9fde-11e5-9177-c04a00aa5181','Product 17',53,106.00,159.00,'',0),('c2a0fc13-9fde-11e5-9177-c04a00aa5181','c29f763e-9fde-11e5-9177-c04a00aa5181','Product 1',293,586.00,879.00,'',0),('c2a0fc3a-9fde-11e5-9177-c04a00aa5181','c29f763e-9fde-11e5-9177-c04a00aa5181','Product 14',258,516.00,774.00,'',0),('c2a0fc60-9fde-11e5-9177-c04a00aa5181','c29f763e-9fde-11e5-9177-c04a00aa5181','Product 6',161,322.00,483.00,'',0),('c2a0fc87-9fde-11e5-9177-c04a00aa5181','c29f763e-9fde-11e5-9177-c04a00aa5181','Product 29',60,120.00,180.00,'',0),('c2a0fc9c-9fde-11e5-9177-c04a00aa5181','c29f7642-9fde-11e5-9177-c04a00aa5181','Product 29',89,178.00,267.00,'',0),('c2a0fcbe-9fde-11e5-9177-c04a00aa5181','c29f7642-9fde-11e5-9177-c04a00aa5181','Product 11',55,110.00,165.00,'',0),('c2a0fce5-9fde-11e5-9177-c04a00aa5181','c29f7642-9fde-11e5-9177-c04a00aa5181','Product 9',84,168.00,252.00,'',0),('c2a0fd0b-9fde-11e5-9177-c04a00aa5181','c29f7642-9fde-11e5-9177-c04a00aa5181','Product 16',174,348.00,522.00,'',0),('c2a0fd65-9fde-11e5-9177-c04a00aa5181','c29f7642-9fde-11e5-9177-c04a00aa5181','Product 4',113,226.00,339.00,'',0),('c2a0fd90-9fde-11e5-9177-c04a00aa5181','c29f7642-9fde-11e5-9177-c04a00aa5181','Product 1',216,432.00,648.00,'',0),('c2a0fdb6-9fde-11e5-9177-c04a00aa5181','c29f7642-9fde-11e5-9177-c04a00aa5181','Product 13',29,58.00,87.00,'',0),('c2a0fddd-9fde-11e5-9177-c04a00aa5181','c29f764b-9fde-11e5-9177-c04a00aa5181','Product 11',280,560.00,840.00,'',0),('c2a0fe0c-9fde-11e5-9177-c04a00aa5181','c29f764b-9fde-11e5-9177-c04a00aa5181','Product 22',256,512.00,768.00,'',0),('c2a0fe32-9fde-11e5-9177-c04a00aa5181','c29f764b-9fde-11e5-9177-c04a00aa5181','Product 14',159,318.00,477.00,'',0),('c2a0fe5d-9fde-11e5-9177-c04a00aa5181','c29f764b-9fde-11e5-9177-c04a00aa5181','Product 18',240,480.00,720.00,'',0),('c2a0fe84-9fde-11e5-9177-c04a00aa5181','c29f764b-9fde-11e5-9177-c04a00aa5181','Product 17',91,182.00,273.00,'',0),('c2a0feaa-9fde-11e5-9177-c04a00aa5181','c29f764b-9fde-11e5-9177-c04a00aa5181','Product 25',232,464.00,696.00,'',0),('c2a0fef7-9fde-11e5-9177-c04a00aa5181','c29f7653-9fde-11e5-9177-c04a00aa5181','Product 16',234,468.00,702.00,'',0),('c2a0ff19-9fde-11e5-9177-c04a00aa5181','c29f7653-9fde-11e5-9177-c04a00aa5181','Product 15',99,198.00,297.00,'',0),('c2a0ff3b-9fde-11e5-9177-c04a00aa5181','c29f7653-9fde-11e5-9177-c04a00aa5181','Product 22',171,342.00,513.00,'',0),('c2a0ff66-9fde-11e5-9177-c04a00aa5181','c29f7653-9fde-11e5-9177-c04a00aa5181','Product 3',180,360.00,540.00,'',0),('c2a0ff91-9fde-11e5-9177-c04a00aa5181','c29f7653-9fde-11e5-9177-c04a00aa5181','Product 6',236,472.00,708.00,'',0),('c2a0ffd5-9fde-11e5-9177-c04a00aa5181','c29f7653-9fde-11e5-9177-c04a00aa5181','Product 7',84,168.00,252.00,'',0),('c2a10000-9fde-11e5-9177-c04a00aa5181','c29f7653-9fde-11e5-9177-c04a00aa5181','Product 1',68,136.00,204.00,'',0),('c2a10027-9fde-11e5-9177-c04a00aa5181','c29f7653-9fde-11e5-9177-c04a00aa5181','Product 27',92,184.00,276.00,'',0),('c2a10051-9fde-11e5-9177-c04a00aa5181','c29f7653-9fde-11e5-9177-c04a00aa5181','Product 8',207,414.00,621.00,'',0),('c2a1009a-9fde-11e5-9177-c04a00aa5181','c29f7653-9fde-11e5-9177-c04a00aa5181','Product 29',199,398.00,597.00,'',0),('c2a100c1-9fde-11e5-9177-c04a00aa5181','c29f765c-9fde-11e5-9177-c04a00aa5181','Product 3',210,420.00,630.00,'',0),('c2a100e7-9fde-11e5-9177-c04a00aa5181','c29f765c-9fde-11e5-9177-c04a00aa5181','Product 19',158,316.00,474.00,'',0),('c2a10109-9fde-11e5-9177-c04a00aa5181','c29f765c-9fde-11e5-9177-c04a00aa5181','Product 7',235,470.00,705.00,'',0),('c2a1012b-9fde-11e5-9177-c04a00aa5181','c29f765c-9fde-11e5-9177-c04a00aa5181','Product 4',245,490.00,735.00,'',0),('c2a10152-9fde-11e5-9177-c04a00aa5181','c29f765c-9fde-11e5-9177-c04a00aa5181','Product 25',53,106.00,159.00,'',0),('c2a10170-9fde-11e5-9177-c04a00aa5181','c29f765c-9fde-11e5-9177-c04a00aa5181','Product 20',183,366.00,549.00,'',0),('c2a10192-9fde-11e5-9177-c04a00aa5181','c29f765c-9fde-11e5-9177-c04a00aa5181','Product 24',110,220.00,330.00,'',0),('c2a101b4-9fde-11e5-9177-c04a00aa5181','c29f765c-9fde-11e5-9177-c04a00aa5181','Product 15',187,374.00,561.00,'',0),('c2a10201-9fde-11e5-9177-c04a00aa5181','c29f765c-9fde-11e5-9177-c04a00aa5181','Product 12',261,522.00,783.00,'',0),('c2a10228-9fde-11e5-9177-c04a00aa5181','c29f765c-9fde-11e5-9177-c04a00aa5181','Product 27',277,554.00,831.00,'',0),('c2a1024e-9fde-11e5-9177-c04a00aa5181','c29f765c-9fde-11e5-9177-c04a00aa5181','Product 17',280,560.00,840.00,'',0),('c2a10275-9fde-11e5-9177-c04a00aa5181','c29f765c-9fde-11e5-9177-c04a00aa5181','Product 21',270,540.00,810.00,'',0),('c2a1029b-9fde-11e5-9177-c04a00aa5181','c29f765c-9fde-11e5-9177-c04a00aa5181','Product 23',117,234.00,351.00,'',0),('c2a102c2-9fde-11e5-9177-c04a00aa5181','c29f7664-9fde-11e5-9177-c04a00aa5181','Product 16',136,272.00,408.00,'',0),('c2a102e8-9fde-11e5-9177-c04a00aa5181','c29f7664-9fde-11e5-9177-c04a00aa5181','Product 11',213,426.00,639.00,'',0),('c2a1030a-9fde-11e5-9177-c04a00aa5181','c29f7664-9fde-11e5-9177-c04a00aa5181','Product 30',59,118.00,177.00,'',0),('c2a10331-9fde-11e5-9177-c04a00aa5181','c29f7664-9fde-11e5-9177-c04a00aa5181','Product 5',76,152.00,228.00,'',0),('c2a1037e-9fde-11e5-9177-c04a00aa5181','c29f7664-9fde-11e5-9177-c04a00aa5181','Product 27',19,38.00,57.00,'',0),('c2a103a4-9fde-11e5-9177-c04a00aa5181','c29f7664-9fde-11e5-9177-c04a00aa5181','Product 18',210,420.00,630.00,'',0),('c2a103cb-9fde-11e5-9177-c04a00aa5181','c29f7664-9fde-11e5-9177-c04a00aa5181','Product 26',148,296.00,444.00,'',0),('c2a103ed-9fde-11e5-9177-c04a00aa5181','c29f7664-9fde-11e5-9177-c04a00aa5181','Product 19',217,434.00,651.00,'',0),('c2a10414-9fde-11e5-9177-c04a00aa5181','c29f766d-9fde-11e5-9177-c04a00aa5181','Product 27',299,598.00,897.00,'',0),('c2a1043a-9fde-11e5-9177-c04a00aa5181','c29f766d-9fde-11e5-9177-c04a00aa5181','Product 23',96,192.00,288.00,'',0),('c2a1045c-9fde-11e5-9177-c04a00aa5181','c29f766d-9fde-11e5-9177-c04a00aa5181','Product 21',117,234.00,351.00,'',0),('c2a1047e-9fde-11e5-9177-c04a00aa5181','c29f766d-9fde-11e5-9177-c04a00aa5181','Product 18',258,516.00,774.00,'',0),('c2a104a5-9fde-11e5-9177-c04a00aa5181','c29f766d-9fde-11e5-9177-c04a00aa5181','Product 17',231,462.00,693.00,'',0),('c2a104f2-9fde-11e5-9177-c04a00aa5181','c29f766d-9fde-11e5-9177-c04a00aa5181','Product 11',176,352.00,528.00,'',0),('c2a10518-9fde-11e5-9177-c04a00aa5181','c29f766d-9fde-11e5-9177-c04a00aa5181','Product 29',189,378.00,567.00,'',0),('c2a10543-9fde-11e5-9177-c04a00aa5181','c29f766d-9fde-11e5-9177-c04a00aa5181','Product 30',78,156.00,234.00,'',0),('c2a1056a-9fde-11e5-9177-c04a00aa5181','c29f766d-9fde-11e5-9177-c04a00aa5181','Product 3',94,188.00,282.00,'',0),('c2a10590-9fde-11e5-9177-c04a00aa5181','c29f766d-9fde-11e5-9177-c04a00aa5181','Product 22',32,64.00,96.00,'',0),('c2a105bb-9fde-11e5-9177-c04a00aa5181','c29f766d-9fde-11e5-9177-c04a00aa5181','Product 2',48,96.00,144.00,'',0),('c2a105e6-9fde-11e5-9177-c04a00aa5181','c29f766d-9fde-11e5-9177-c04a00aa5181','Product 19',6,12.00,18.00,'',0),('c2a10610-9fde-11e5-9177-c04a00aa5181','c29f766d-9fde-11e5-9177-c04a00aa5181','Product 20',132,264.00,396.00,'',0),('c2a1063b-9fde-11e5-9177-c04a00aa5181','c29f766d-9fde-11e5-9177-c04a00aa5181','Product 25',99,198.00,297.00,'',0),('c2a10684-9fde-11e5-9177-c04a00aa5181','c29f7671-9fde-11e5-9177-c04a00aa5181','Product 27',103,206.00,309.00,'',0),('c2a106aa-9fde-11e5-9177-c04a00aa5181','c29f7671-9fde-11e5-9177-c04a00aa5181','Product 21',136,272.00,408.00,'',0),('c2a106d1-9fde-11e5-9177-c04a00aa5181','c29f7671-9fde-11e5-9177-c04a00aa5181','Product 8',75,150.00,225.00,'',0),('c2a106f7-9fde-11e5-9177-c04a00aa5181','c29f7671-9fde-11e5-9177-c04a00aa5181','Product 1',145,290.00,435.00,'',0),('c2a1071a-9fde-11e5-9177-c04a00aa5181','c29f7671-9fde-11e5-9177-c04a00aa5181','Product 26',235,470.00,705.00,'',0),('c2a10740-9fde-11e5-9177-c04a00aa5181','c29f767a-9fde-11e5-9177-c04a00aa5181','Product 16',127,254.00,381.00,'',0),('c2a10762-9fde-11e5-9177-c04a00aa5181','c29f767a-9fde-11e5-9177-c04a00aa5181','Product 18',254,508.00,762.00,'',0),('c2a10789-9fde-11e5-9177-c04a00aa5181','c29f767a-9fde-11e5-9177-c04a00aa5181','Product 7',58,116.00,174.00,'',0),('c2a107ab-9fde-11e5-9177-c04a00aa5181','c29f767a-9fde-11e5-9177-c04a00aa5181','Product 15',174,348.00,522.00,'',0),('c2a107fc-9fde-11e5-9177-c04a00aa5181','c29f767a-9fde-11e5-9177-c04a00aa5181','Product 5',251,502.00,753.00,'',0),('c2a10830-9fde-11e5-9177-c04a00aa5181','c29f767a-9fde-11e5-9177-c04a00aa5181','Product 29',226,452.00,678.00,'',0),('c2a108f4-9fde-11e5-9177-c04a00aa5181','c29f767a-9fde-11e5-9177-c04a00aa5181','Product 28',249,498.00,747.00,'',0),('c2a10939-9fde-11e5-9177-c04a00aa5181','c29f767a-9fde-11e5-9177-c04a00aa5181','Product 3',209,418.00,627.00,'',0);
INSERT INTO `entities` VALUES ('c29af398-9fde-11e5-9177-c04a00aa5181','CLIENT','Client 1',NULL),('c29af3ed-9fde-11e5-9177-c04a00aa5181','CLIENT','Client 2',NULL),('c29af407-9fde-11e5-9177-c04a00aa5181','CLIENT','Client 3',NULL),('c29af443-9fde-11e5-9177-c04a00aa5181','CLIENT','Client 4',NULL),('c29af469-9fde-11e5-9177-c04a00aa5181','CLIENT','Client 5',NULL),('c29d695a-9fde-11e5-9177-c04a00aa5181','EMPLOYEE','Worker 2',NULL),('c29d6985-9fde-11e5-9177-c04a00aa5181','EMPLOYEE','Worker 5',NULL),('c29e4bc8-9fde-11e5-9177-c04a00aa5181','EMPLOYEE','Worker 1',NULL),('c29e4bf7-9fde-11e5-9177-c04a00aa5181','EMPLOYEE','Worker 10',NULL),('c29e4c04-9fde-11e5-9177-c04a00aa5181','EMPLOYEE','Worker 3',NULL),('c29e4c11-9fde-11e5-9177-c04a00aa5181','EMPLOYEE','Worker 4',NULL),('c29e4c19-9fde-11e5-9177-c04a00aa5181','EMPLOYEE','Worker 6',NULL),('c29e4c26-9fde-11e5-9177-c04a00aa5181','EMPLOYEE','Worker 7',NULL),('c29e4c2f-9fde-11e5-9177-c04a00aa5181','EMPLOYEE','Worker 8',NULL),('c29e4c3c-9fde-11e5-9177-c04a00aa5181','EMPLOYEE','Worker 9',NULL);
INSERT INTO `objects` VALUES ('c29cfee5-9fde-11e5-9177-c04a00aa5181','c29af443-9fde-11e5-9177-c04a00aa5181','Object 1'),('c29cff14-9fde-11e5-9177-c04a00aa5181','c29af398-9fde-11e5-9177-c04a00aa5181','Object 2'),('c29cff3b-9fde-11e5-9177-c04a00aa5181','c29af469-9fde-11e5-9177-c04a00aa5181','Object 3'),('c29cff58-9fde-11e5-9177-c04a00aa5181','c29af407-9fde-11e5-9177-c04a00aa5181','Object 4'),('c29cffa5-9fde-11e5-9177-c04a00aa5181','c29af407-9fde-11e5-9177-c04a00aa5181','Object 5'),('c29cffbf-9fde-11e5-9177-c04a00aa5181','c29af3ed-9fde-11e5-9177-c04a00aa5181','Object 6'),('c29cffd0-9fde-11e5-9177-c04a00aa5181','c29af3ed-9fde-11e5-9177-c04a00aa5181','Object 7'),('c29cffe6-9fde-11e5-9177-c04a00aa5181','c29af3ed-9fde-11e5-9177-c04a00aa5181','Object 8'),('c29cfffb-9fde-11e5-9177-c04a00aa5181','c29af443-9fde-11e5-9177-c04a00aa5181','Object 9'),('c29d0008-9fde-11e5-9177-c04a00aa5181','c29af3ed-9fde-11e5-9177-c04a00aa5181','Object 10'),('c29d0019-9fde-11e5-9177-c04a00aa5181','c29af3ed-9fde-11e5-9177-c04a00aa5181','Object 11'),('c29d002a-9fde-11e5-9177-c04a00aa5181','c29af398-9fde-11e5-9177-c04a00aa5181','Object 12'),('c29d003f-9fde-11e5-9177-c04a00aa5181','c29af398-9fde-11e5-9177-c04a00aa5181','Object 13'),('c29d006a-9fde-11e5-9177-c04a00aa5181','c29af407-9fde-11e5-9177-c04a00aa5181','Object 14'),('c29d0080-9fde-11e5-9177-c04a00aa5181','c29af443-9fde-11e5-9177-c04a00aa5181','Object 15');
INSERT INTO `roles` VALUES ('c29abe8a-9fde-11e5-9177-c04a00aa5181','c29e4bf7-9fde-11e5-9177-c04a00aa5181','c29cfee5-9fde-11e5-9177-c04a00aa5181','FOREMAN'),('c29abec6-9fde-11e5-9177-c04a00aa5181','c29d6985-9fde-11e5-9177-c04a00aa5181','c29cfee5-9fde-11e5-9177-c04a00aa5181','EMPLOYEE'),('c29abedf-9fde-11e5-9177-c04a00aa5181','c29e4bc8-9fde-11e5-9177-c04a00aa5181','c29cfee5-9fde-11e5-9177-c04a00aa5181','EMPLOYEE'),('c29abef9-9fde-11e5-9177-c04a00aa5181','c29d695a-9fde-11e5-9177-c04a00aa5181','c29cfee5-9fde-11e5-9177-c04a00aa5181','EMPLOYEE'),('c29abf2c-9fde-11e5-9177-c04a00aa5181','c29e4c26-9fde-11e5-9177-c04a00aa5181','c29cfee5-9fde-11e5-9177-c04a00aa5181','EMPLOYEE'),('c29abf39-9fde-11e5-9177-c04a00aa5181','c29e4c19-9fde-11e5-9177-c04a00aa5181','c29cfee5-9fde-11e5-9177-c04a00aa5181','EMPLOYEE'),('c29abf42-9fde-11e5-9177-c04a00aa5181','c29e4bf7-9fde-11e5-9177-c04a00aa5181','c29cff14-9fde-11e5-9177-c04a00aa5181','EMPLOYEE'),('c29abf4a-9fde-11e5-9177-c04a00aa5181','c29e4c3c-9fde-11e5-9177-c04a00aa5181','c29cff14-9fde-11e5-9177-c04a00aa5181','EMPLOYEE'),('c29abf53-9fde-11e5-9177-c04a00aa5181','c29e4c04-9fde-11e5-9177-c04a00aa5181','c29cff14-9fde-11e5-9177-c04a00aa5181','EMPLOYEE'),('c29abf5b-9fde-11e5-9177-c04a00aa5181','c29d6985-9fde-11e5-9177-c04a00aa5181','c29cff14-9fde-11e5-9177-c04a00aa5181','EMPLOYEE'),('c29abf68-9fde-11e5-9177-c04a00aa5181','c29e4bc8-9fde-11e5-9177-c04a00aa5181','c29cff14-9fde-11e5-9177-c04a00aa5181','FOREMAN'),('c29abf71-9fde-11e5-9177-c04a00aa5181','c29e4c2f-9fde-11e5-9177-c04a00aa5181','c29cff14-9fde-11e5-9177-c04a00aa5181','EMPLOYEE'),('c29abf79-9fde-11e5-9177-c04a00aa5181','c29e4c26-9fde-11e5-9177-c04a00aa5181','c29cff14-9fde-11e5-9177-c04a00aa5181','EMPLOYEE'),('c29abfa8-9fde-11e5-9177-c04a00aa5181','c29d695a-9fde-11e5-9177-c04a00aa5181','c29cff14-9fde-11e5-9177-c04a00aa5181','EMPLOYEE'),('c29abfb1-9fde-11e5-9177-c04a00aa5181','c29e4c11-9fde-11e5-9177-c04a00aa5181','c29cff14-9fde-11e5-9177-c04a00aa5181','EMPLOYEE'),('c29abfba-9fde-11e5-9177-c04a00aa5181','c29d695a-9fde-11e5-9177-c04a00aa5181','c29cff3b-9fde-11e5-9177-c04a00aa5181','EMPLOYEE'),('c29abfc2-9fde-11e5-9177-c04a00aa5181','c29e4bf7-9fde-11e5-9177-c04a00aa5181','c29cff3b-9fde-11e5-9177-c04a00aa5181','EMPLOYEE'),('c29abfed-9fde-11e5-9177-c04a00aa5181','c29e4bc8-9fde-11e5-9177-c04a00aa5181','c29cff3b-9fde-11e5-9177-c04a00aa5181','EMPLOYEE'),('c29abffa-9fde-11e5-9177-c04a00aa5181','c29e4c2f-9fde-11e5-9177-c04a00aa5181','c29cff3b-9fde-11e5-9177-c04a00aa5181','EMPLOYEE'),('c29ac002-9fde-11e5-9177-c04a00aa5181','c29e4c19-9fde-11e5-9177-c04a00aa5181','c29cff3b-9fde-11e5-9177-c04a00aa5181','EMPLOYEE'),('c29ac00b-9fde-11e5-9177-c04a00aa5181','c29e4c3c-9fde-11e5-9177-c04a00aa5181','c29cff3b-9fde-11e5-9177-c04a00aa5181','FOREMAN'),('c29ac013-9fde-11e5-9177-c04a00aa5181','c29e4c11-9fde-11e5-9177-c04a00aa5181','c29cff3b-9fde-11e5-9177-c04a00aa5181','EMPLOYEE'),('c29ac042-9fde-11e5-9177-c04a00aa5181','c29d6985-9fde-11e5-9177-c04a00aa5181','c29cff3b-9fde-11e5-9177-c04a00aa5181','EMPLOYEE'),('c29ac04b-9fde-11e5-9177-c04a00aa5181','c29e4c04-9fde-11e5-9177-c04a00aa5181','c29cff3b-9fde-11e5-9177-c04a00aa5181','EMPLOYEE'),('c29ac058-9fde-11e5-9177-c04a00aa5181','c29e4c11-9fde-11e5-9177-c04a00aa5181','c29cff58-9fde-11e5-9177-c04a00aa5181','EMPLOYEE'),('c29ac060-9fde-11e5-9177-c04a00aa5181','c29d6985-9fde-11e5-9177-c04a00aa5181','c29cff58-9fde-11e5-9177-c04a00aa5181','EMPLOYEE'),('c29ac069-9fde-11e5-9177-c04a00aa5181','c29e4c19-9fde-11e5-9177-c04a00aa5181','c29cff58-9fde-11e5-9177-c04a00aa5181','EMPLOYEE'),('c29ac071-9fde-11e5-9177-c04a00aa5181','c29e4c26-9fde-11e5-9177-c04a00aa5181','c29cff58-9fde-11e5-9177-c04a00aa5181','EMPLOYEE'),('c29ac07e-9fde-11e5-9177-c04a00aa5181','c29d695a-9fde-11e5-9177-c04a00aa5181','c29cff58-9fde-11e5-9177-c04a00aa5181','EMPLOYEE'),('c29ac087-9fde-11e5-9177-c04a00aa5181','c29e4c11-9fde-11e5-9177-c04a00aa5181','c29cffa5-9fde-11e5-9177-c04a00aa5181','EMPLOYEE'),('c29ac08f-9fde-11e5-9177-c04a00aa5181','c29e4bc8-9fde-11e5-9177-c04a00aa5181','c29cffa5-9fde-11e5-9177-c04a00aa5181','EMPLOYEE'),('c29ac0be-9fde-11e5-9177-c04a00aa5181','c29e4c3c-9fde-11e5-9177-c04a00aa5181','c29cffa5-9fde-11e5-9177-c04a00aa5181','EMPLOYEE'),('c29ac0c7-9fde-11e5-9177-c04a00aa5181','c29e4bf7-9fde-11e5-9177-c04a00aa5181','c29cffa5-9fde-11e5-9177-c04a00aa5181','EMPLOYEE'),('c29ac0d4-9fde-11e5-9177-c04a00aa5181','c29e4c2f-9fde-11e5-9177-c04a00aa5181','c29cffa5-9fde-11e5-9177-c04a00aa5181','FOREMAN'),('c29ac0dc-9fde-11e5-9177-c04a00aa5181','c29e4c19-9fde-11e5-9177-c04a00aa5181','c29cffa5-9fde-11e5-9177-c04a00aa5181','EMPLOYEE'),('c29ac0e5-9fde-11e5-9177-c04a00aa5181','c29e4c26-9fde-11e5-9177-c04a00aa5181','c29cffa5-9fde-11e5-9177-c04a00aa5181','EMPLOYEE'),('c29ac0ed-9fde-11e5-9177-c04a00aa5181','c29e4c04-9fde-11e5-9177-c04a00aa5181','c29cffa5-9fde-11e5-9177-c04a00aa5181','EMPLOYEE'),('c29ac0f6-9fde-11e5-9177-c04a00aa5181','c29d695a-9fde-11e5-9177-c04a00aa5181','c29cffa5-9fde-11e5-9177-c04a00aa5181','EMPLOYEE'),('c29ac0ff-9fde-11e5-9177-c04a00aa5181','c29d6985-9fde-11e5-9177-c04a00aa5181','c29cffa5-9fde-11e5-9177-c04a00aa5181','EMPLOYEE'),('c29ac10b-9fde-11e5-9177-c04a00aa5181','c29e4bc8-9fde-11e5-9177-c04a00aa5181','c29cffbf-9fde-11e5-9177-c04a00aa5181','EMPLOYEE'),('c29ac132-9fde-11e5-9177-c04a00aa5181','c29e4c2f-9fde-11e5-9177-c04a00aa5181','c29cffbf-9fde-11e5-9177-c04a00aa5181','EMPLOYEE'),('c29ac13f-9fde-11e5-9177-c04a00aa5181','c29e4c11-9fde-11e5-9177-c04a00aa5181','c29cffbf-9fde-11e5-9177-c04a00aa5181','FOREMAN'),('c29ac147-9fde-11e5-9177-c04a00aa5181','c29e4c04-9fde-11e5-9177-c04a00aa5181','c29cffbf-9fde-11e5-9177-c04a00aa5181','EMPLOYEE'),('c29ac150-9fde-11e5-9177-c04a00aa5181','c29e4c26-9fde-11e5-9177-c04a00aa5181','c29cffbf-9fde-11e5-9177-c04a00aa5181','EMPLOYEE'),('c29ac158-9fde-11e5-9177-c04a00aa5181','c29e4c3c-9fde-11e5-9177-c04a00aa5181','c29cffbf-9fde-11e5-9177-c04a00aa5181','EMPLOYEE'),('c29ac165-9fde-11e5-9177-c04a00aa5181','c29d6985-9fde-11e5-9177-c04a00aa5181','c29cffbf-9fde-11e5-9177-c04a00aa5181','EMPLOYEE'),('c29ac16e-9fde-11e5-9177-c04a00aa5181','c29e4c11-9fde-11e5-9177-c04a00aa5181','c29cffd0-9fde-11e5-9177-c04a00aa5181','EMPLOYEE'),('c29ac17b-9fde-11e5-9177-c04a00aa5181','c29e4bc8-9fde-11e5-9177-c04a00aa5181','c29cffd0-9fde-11e5-9177-c04a00aa5181','EMPLOYEE'),('c29ac183-9fde-11e5-9177-c04a00aa5181','c29d6985-9fde-11e5-9177-c04a00aa5181','c29cffd0-9fde-11e5-9177-c04a00aa5181','EMPLOYEE'),('c29ac1aa-9fde-11e5-9177-c04a00aa5181','c29d695a-9fde-11e5-9177-c04a00aa5181','c29cffd0-9fde-11e5-9177-c04a00aa5181','EMPLOYEE'),('c29ac1b6-9fde-11e5-9177-c04a00aa5181','c29e4c19-9fde-11e5-9177-c04a00aa5181','c29cffd0-9fde-11e5-9177-c04a00aa5181','EMPLOYEE'),('c29ac1bf-9fde-11e5-9177-c04a00aa5181','c29e4c04-9fde-11e5-9177-c04a00aa5181','c29cffd0-9fde-11e5-9177-c04a00aa5181','EMPLOYEE'),('c29ac1c8-9fde-11e5-9177-c04a00aa5181','c29e4c04-9fde-11e5-9177-c04a00aa5181','c29cffe6-9fde-11e5-9177-c04a00aa5181','EMPLOYEE'),('c29ac1d4-9fde-11e5-9177-c04a00aa5181','c29e4bf7-9fde-11e5-9177-c04a00aa5181','c29cffe6-9fde-11e5-9177-c04a00aa5181','FOREMAN'),('c29ac1dd-9fde-11e5-9177-c04a00aa5181','c29e4c11-9fde-11e5-9177-c04a00aa5181','c29cffe6-9fde-11e5-9177-c04a00aa5181','EMPLOYEE'),('c29ac1ea-9fde-11e5-9177-c04a00aa5181','c29d6985-9fde-11e5-9177-c04a00aa5181','c29cffe6-9fde-11e5-9177-c04a00aa5181','EMPLOYEE'),('c29ac1f2-9fde-11e5-9177-c04a00aa5181','c29e4c19-9fde-11e5-9177-c04a00aa5181','c29cfffb-9fde-11e5-9177-c04a00aa5181','EMPLOYEE'),('c29ac1fb-9fde-11e5-9177-c04a00aa5181','c29e4c3c-9fde-11e5-9177-c04a00aa5181','c29cfffb-9fde-11e5-9177-c04a00aa5181','EMPLOYEE'),('c29ac226-9fde-11e5-9177-c04a00aa5181','c29d695a-9fde-11e5-9177-c04a00aa5181','c29cfffb-9fde-11e5-9177-c04a00aa5181','EMPLOYEE'),('c29ac232-9fde-11e5-9177-c04a00aa5181','c29e4c04-9fde-11e5-9177-c04a00aa5181','c29cfffb-9fde-11e5-9177-c04a00aa5181','EMPLOYEE'),('c29ac23b-9fde-11e5-9177-c04a00aa5181','c29e4bf7-9fde-11e5-9177-c04a00aa5181','c29cfffb-9fde-11e5-9177-c04a00aa5181','EMPLOYEE'),('c29ac244-9fde-11e5-9177-c04a00aa5181','c29d6985-9fde-11e5-9177-c04a00aa5181','c29cfffb-9fde-11e5-9177-c04a00aa5181','EMPLOYEE'),('c29ac24c-9fde-11e5-9177-c04a00aa5181','c29e4c2f-9fde-11e5-9177-c04a00aa5181','c29cfffb-9fde-11e5-9177-c04a00aa5181','EMPLOYEE'),('c29ac259-9fde-11e5-9177-c04a00aa5181','c29e4c11-9fde-11e5-9177-c04a00aa5181','c29cfffb-9fde-11e5-9177-c04a00aa5181','FOREMAN'),('c29ac261-9fde-11e5-9177-c04a00aa5181','c29e4bc8-9fde-11e5-9177-c04a00aa5181','c29cfffb-9fde-11e5-9177-c04a00aa5181','EMPLOYEE'),('c29ac26a-9fde-11e5-9177-c04a00aa5181','c29e4c26-9fde-11e5-9177-c04a00aa5181','c29cfffb-9fde-11e5-9177-c04a00aa5181','EMPLOYEE'),('c29ac273-9fde-11e5-9177-c04a00aa5181','c29e4c11-9fde-11e5-9177-c04a00aa5181','c29d0008-9fde-11e5-9177-c04a00aa5181','EMPLOYEE'),('c29ac2a2-9fde-11e5-9177-c04a00aa5181','c29e4bc8-9fde-11e5-9177-c04a00aa5181','c29d0008-9fde-11e5-9177-c04a00aa5181','EMPLOYEE'),('c29ac2aa-9fde-11e5-9177-c04a00aa5181','c29e4bf7-9fde-11e5-9177-c04a00aa5181','c29d0008-9fde-11e5-9177-c04a00aa5181','EMPLOYEE'),('c29ac2b3-9fde-11e5-9177-c04a00aa5181','c29d6985-9fde-11e5-9177-c04a00aa5181','c29d0008-9fde-11e5-9177-c04a00aa5181','EMPLOYEE'),('c29ac2bb-9fde-11e5-9177-c04a00aa5181','c29e4c3c-9fde-11e5-9177-c04a00aa5181','c29d0008-9fde-11e5-9177-c04a00aa5181','EMPLOYEE'),('c29ac2c4-9fde-11e5-9177-c04a00aa5181','c29e4c04-9fde-11e5-9177-c04a00aa5181','c29d0008-9fde-11e5-9177-c04a00aa5181','EMPLOYEE'),('c29ac2d1-9fde-11e5-9177-c04a00aa5181','c29e4c19-9fde-11e5-9177-c04a00aa5181','c29d0008-9fde-11e5-9177-c04a00aa5181','EMPLOYEE'),('c29ac2d9-9fde-11e5-9177-c04a00aa5181','c29e4c26-9fde-11e5-9177-c04a00aa5181','c29d0008-9fde-11e5-9177-c04a00aa5181','EMPLOYEE'),('c29ac2e2-9fde-11e5-9177-c04a00aa5181','c29d695a-9fde-11e5-9177-c04a00aa5181','c29d0008-9fde-11e5-9177-c04a00aa5181','EMPLOYEE'),('c29ac2ea-9fde-11e5-9177-c04a00aa5181','c29e4c2f-9fde-11e5-9177-c04a00aa5181','c29d0008-9fde-11e5-9177-c04a00aa5181','EMPLOYEE'),('c29ac315-9fde-11e5-9177-c04a00aa5181','c29e4c2f-9fde-11e5-9177-c04a00aa5181','c29d0019-9fde-11e5-9177-c04a00aa5181','EMPLOYEE'),('c29ac322-9fde-11e5-9177-c04a00aa5181','c29d695a-9fde-11e5-9177-c04a00aa5181','c29d0019-9fde-11e5-9177-c04a00aa5181','EMPLOYEE'),('c29ac32a-9fde-11e5-9177-c04a00aa5181','c29d6985-9fde-11e5-9177-c04a00aa5181','c29d0019-9fde-11e5-9177-c04a00aa5181','EMPLOYEE'),('c29ac337-9fde-11e5-9177-c04a00aa5181','c29e4bc8-9fde-11e5-9177-c04a00aa5181','c29d0019-9fde-11e5-9177-c04a00aa5181','EMPLOYEE'),('c29ac340-9fde-11e5-9177-c04a00aa5181','c29e4bf7-9fde-11e5-9177-c04a00aa5181','c29d0019-9fde-11e5-9177-c04a00aa5181','EMPLOYEE'),('c29ac348-9fde-11e5-9177-c04a00aa5181','c29e4c19-9fde-11e5-9177-c04a00aa5181','c29d0019-9fde-11e5-9177-c04a00aa5181','EMPLOYEE'),('c29ac351-9fde-11e5-9177-c04a00aa5181','c29e4c3c-9fde-11e5-9177-c04a00aa5181','c29d0019-9fde-11e5-9177-c04a00aa5181','EMPLOYEE'),('c29ac35a-9fde-11e5-9177-c04a00aa5181','c29e4c04-9fde-11e5-9177-c04a00aa5181','c29d0019-9fde-11e5-9177-c04a00aa5181','EMPLOYEE'),('c29ac366-9fde-11e5-9177-c04a00aa5181','c29e4c26-9fde-11e5-9177-c04a00aa5181','c29d0019-9fde-11e5-9177-c04a00aa5181','FOREMAN'),('c29ac391-9fde-11e5-9177-c04a00aa5181','c29e4c11-9fde-11e5-9177-c04a00aa5181','c29d0019-9fde-11e5-9177-c04a00aa5181','EMPLOYEE'),('c29ac39e-9fde-11e5-9177-c04a00aa5181','c29e4c19-9fde-11e5-9177-c04a00aa5181','c29d002a-9fde-11e5-9177-c04a00aa5181','EMPLOYEE'),('c29ac3a6-9fde-11e5-9177-c04a00aa5181','c29e4c11-9fde-11e5-9177-c04a00aa5181','c29d002a-9fde-11e5-9177-c04a00aa5181','EMPLOYEE'),('c29ac3af-9fde-11e5-9177-c04a00aa5181','c29e4bf7-9fde-11e5-9177-c04a00aa5181','c29d002a-9fde-11e5-9177-c04a00aa5181','EMPLOYEE'),('c29ac3bc-9fde-11e5-9177-c04a00aa5181','c29d6985-9fde-11e5-9177-c04a00aa5181','c29d002a-9fde-11e5-9177-c04a00aa5181','EMPLOYEE'),('c29ac3c4-9fde-11e5-9177-c04a00aa5181','c29e4c26-9fde-11e5-9177-c04a00aa5181','c29d002a-9fde-11e5-9177-c04a00aa5181','EMPLOYEE'),('c29ac3cd-9fde-11e5-9177-c04a00aa5181','c29d695a-9fde-11e5-9177-c04a00aa5181','c29d002a-9fde-11e5-9177-c04a00aa5181','EMPLOYEE'),('c29ac3d6-9fde-11e5-9177-c04a00aa5181','c29e4c04-9fde-11e5-9177-c04a00aa5181','c29d002a-9fde-11e5-9177-c04a00aa5181','EMPLOYEE'),('c29ac3de-9fde-11e5-9177-c04a00aa5181','c29e4bc8-9fde-11e5-9177-c04a00aa5181','c29d002a-9fde-11e5-9177-c04a00aa5181','EMPLOYEE'),('c29ac409-9fde-11e5-9177-c04a00aa5181','c29e4c2f-9fde-11e5-9177-c04a00aa5181','c29d002a-9fde-11e5-9177-c04a00aa5181','EMPLOYEE'),('c29ac416-9fde-11e5-9177-c04a00aa5181','c29e4c3c-9fde-11e5-9177-c04a00aa5181','c29d002a-9fde-11e5-9177-c04a00aa5181','EMPLOYEE'),('c29ac41e-9fde-11e5-9177-c04a00aa5181','c29e4bc8-9fde-11e5-9177-c04a00aa5181','c29d003f-9fde-11e5-9177-c04a00aa5181','EMPLOYEE'),('c29ac427-9fde-11e5-9177-c04a00aa5181','c29e4c11-9fde-11e5-9177-c04a00aa5181','c29d003f-9fde-11e5-9177-c04a00aa5181','EMPLOYEE'),('c29ac42f-9fde-11e5-9177-c04a00aa5181','c29d695a-9fde-11e5-9177-c04a00aa5181','c29d003f-9fde-11e5-9177-c04a00aa5181','EMPLOYEE'),('c29ac438-9fde-11e5-9177-c04a00aa5181','c29e4c26-9fde-11e5-9177-c04a00aa5181','c29d003f-9fde-11e5-9177-c04a00aa5181','EMPLOYEE'),('c29ac440-9fde-11e5-9177-c04a00aa5181','c29e4c19-9fde-11e5-9177-c04a00aa5181','c29d003f-9fde-11e5-9177-c04a00aa5181','EMPLOYEE'),('c29ac449-9fde-11e5-9177-c04a00aa5181','c29e4c3c-9fde-11e5-9177-c04a00aa5181','c29d003f-9fde-11e5-9177-c04a00aa5181','EMPLOYEE'),('c29ac452-9fde-11e5-9177-c04a00aa5181','c29d6985-9fde-11e5-9177-c04a00aa5181','c29d003f-9fde-11e5-9177-c04a00aa5181','EMPLOYEE'),('c29ac478-9fde-11e5-9177-c04a00aa5181','c29e4c2f-9fde-11e5-9177-c04a00aa5181','c29d003f-9fde-11e5-9177-c04a00aa5181','FOREMAN'),('c29ac481-9fde-11e5-9177-c04a00aa5181','c29e4bf7-9fde-11e5-9177-c04a00aa5181','c29d003f-9fde-11e5-9177-c04a00aa5181','EMPLOYEE'),('c29ac49f-9fde-11e5-9177-c04a00aa5181','c29e4c04-9fde-11e5-9177-c04a00aa5181','c29d003f-9fde-11e5-9177-c04a00aa5181','EMPLOYEE'),('c29ac4ab-9fde-11e5-9177-c04a00aa5181','c29e4c26-9fde-11e5-9177-c04a00aa5181','c29d006a-9fde-11e5-9177-c04a00aa5181','EMPLOYEE'),('c29ac4b4-9fde-11e5-9177-c04a00aa5181','c29d6985-9fde-11e5-9177-c04a00aa5181','c29d006a-9fde-11e5-9177-c04a00aa5181','EMPLOYEE'),('c29ac4bc-9fde-11e5-9177-c04a00aa5181','c29e4c11-9fde-11e5-9177-c04a00aa5181','c29d006a-9fde-11e5-9177-c04a00aa5181','EMPLOYEE'),('c29ac4c5-9fde-11e5-9177-c04a00aa5181','c29e4bc8-9fde-11e5-9177-c04a00aa5181','c29d006a-9fde-11e5-9177-c04a00aa5181','EMPLOYEE'),('c29ac4ce-9fde-11e5-9177-c04a00aa5181','c29e4c3c-9fde-11e5-9177-c04a00aa5181','c29d006a-9fde-11e5-9177-c04a00aa5181','EMPLOYEE'),('c29ac4d6-9fde-11e5-9177-c04a00aa5181','c29e4c2f-9fde-11e5-9177-c04a00aa5181','c29d006a-9fde-11e5-9177-c04a00aa5181','EMPLOYEE'),('c29ac509-9fde-11e5-9177-c04a00aa5181','c29d6985-9fde-11e5-9177-c04a00aa5181','c29d0080-9fde-11e5-9177-c04a00aa5181','EMPLOYEE'),('c29ac516-9fde-11e5-9177-c04a00aa5181','c29e4c2f-9fde-11e5-9177-c04a00aa5181','c29d0080-9fde-11e5-9177-c04a00aa5181','EMPLOYEE'),('c29ac51f-9fde-11e5-9177-c04a00aa5181','c29e4c11-9fde-11e5-9177-c04a00aa5181','c29d0080-9fde-11e5-9177-c04a00aa5181','EMPLOYEE'),('c29ac527-9fde-11e5-9177-c04a00aa5181','c29e4bc8-9fde-11e5-9177-c04a00aa5181','c29d0080-9fde-11e5-9177-c04a00aa5181','EMPLOYEE'),('c29ac530-9fde-11e5-9177-c04a00aa5181','c29e4c3c-9fde-11e5-9177-c04a00aa5181','c29d0080-9fde-11e5-9177-c04a00aa5181','EMPLOYEE'),('c29ac538-9fde-11e5-9177-c04a00aa5181','c29e4c19-9fde-11e5-9177-c04a00aa5181','c29d0080-9fde-11e5-9177-c04a00aa5181','EMPLOYEE'),('c29ac541-9fde-11e5-9177-c04a00aa5181','c29e4c26-9fde-11e5-9177-c04a00aa5181','c29d0080-9fde-11e5-9177-c04a00aa5181','EMPLOYEE'),('c29ac54a-9fde-11e5-9177-c04a00aa5181','c29e4bf7-9fde-11e5-9177-c04a00aa5181','c29d0080-9fde-11e5-9177-c04a00aa5181','FOREMAN');
INSERT INTO `stages` VALUES ('c29f75e8-9fde-11e5-9177-c04a00aa5181','c29d695a-9fde-11e5-9177-c04a00aa5181','c29cfee5-9fde-11e5-9177-c04a00aa5181',''),('c29f7613-9fde-11e5-9177-c04a00aa5181','c29d695a-9fde-11e5-9177-c04a00aa5181','c29cff14-9fde-11e5-9177-c04a00aa5181',''),('c29f761c-9fde-11e5-9177-c04a00aa5181','c29d695a-9fde-11e5-9177-c04a00aa5181','c29cff3b-9fde-11e5-9177-c04a00aa5181',''),('c29f7624-9fde-11e5-9177-c04a00aa5181','c29d695a-9fde-11e5-9177-c04a00aa5181','c29cff58-9fde-11e5-9177-c04a00aa5181',''),('c29f762d-9fde-11e5-9177-c04a00aa5181','c29d695a-9fde-11e5-9177-c04a00aa5181','c29cffa5-9fde-11e5-9177-c04a00aa5181',''),('c29f7635-9fde-11e5-9177-c04a00aa5181','c29d695a-9fde-11e5-9177-c04a00aa5181','c29cffbf-9fde-11e5-9177-c04a00aa5181',''),('c29f763e-9fde-11e5-9177-c04a00aa5181','c29d695a-9fde-11e5-9177-c04a00aa5181','c29cffd0-9fde-11e5-9177-c04a00aa5181',''),('c29f7642-9fde-11e5-9177-c04a00aa5181','c29d695a-9fde-11e5-9177-c04a00aa5181','c29cffe6-9fde-11e5-9177-c04a00aa5181',''),('c29f764b-9fde-11e5-9177-c04a00aa5181','c29d695a-9fde-11e5-9177-c04a00aa5181','c29cfffb-9fde-11e5-9177-c04a00aa5181',''),('c29f7653-9fde-11e5-9177-c04a00aa5181','c29d695a-9fde-11e5-9177-c04a00aa5181','c29d0008-9fde-11e5-9177-c04a00aa5181',''),('c29f765c-9fde-11e5-9177-c04a00aa5181','c29d695a-9fde-11e5-9177-c04a00aa5181','c29d0019-9fde-11e5-9177-c04a00aa5181',''),('c29f7664-9fde-11e5-9177-c04a00aa5181','c29d695a-9fde-11e5-9177-c04a00aa5181','c29d002a-9fde-11e5-9177-c04a00aa5181',''),('c29f766d-9fde-11e5-9177-c04a00aa5181','c29d695a-9fde-11e5-9177-c04a00aa5181','c29d003f-9fde-11e5-9177-c04a00aa5181',''),('c29f7671-9fde-11e5-9177-c04a00aa5181','c29d695a-9fde-11e5-9177-c04a00aa5181','c29d006a-9fde-11e5-9177-c04a00aa5181',''),('c29f767a-9fde-11e5-9177-c04a00aa5181','c29d695a-9fde-11e5-9177-c04a00aa5181','c29d0080-9fde-11e5-9177-c04a00aa5181','');
/**/

--
-- Данные из проекта KIDY
--

INSERT INTO `entities` (`id`, `type`, `name`, `username`) VALUES
('074A2294-F3EE-4E54-A6C6-958155A3919F', 'EMPLOYEE', 'Meghan Grant', NULL),
('1E691669-F77A-4C2D-BE6C-3D71F2A475B8', 'EMPLOYEE', 'Susie Padberg', NULL),
('2D7CC3CC-8183-48AA-994A-16AD41DAD692', 'EMPLOYEE', 'Minnie Johnston', NULL),
('2F793C72-D753-4592-B0D9-10C51F532250', 'EMPLOYEE', 'Aidan Beier PhD', NULL),
('3C0A8BF3-D4DE-4A84-A281-9A6C61A44A18', 'EMPLOYEE', 'Jeffrey Jenkins', NULL),
('4E03D5FB-016E-4419-85ED-2A160D8471E1', 'EMPLOYEE', 'Prof. Kiley Feil', NULL),
('502CA6D4-2F90-41B1-A679-46AA9BAD95AE', 'EMPLOYEE', 'Angelica Howell', NULL),
('543C9A66-8189-4EF3-AC45-8821CB33CBFC', 'EMPLOYEE', 'Cole Schimmel', NULL),
('58EA8337-8D93-40CC-B282-F5B53AFCBA54', 'CLIENT', 'Owner of Emard Inc', NULL),
('5FC727C1-BAA7-42EC-A2EE-7A88161431F6', 'EMPLOYEE', 'Clovis Kozey Jr.', NULL),
('610421A8-93B7-42C2-8E4F-24F0A0A1B139', 'EMPLOYEE', 'Chris Dickens', NULL),
('63476EED-9C45-409A-B4A1-AD41B4327F00', 'EMPLOYEE', 'Anderson Blanda', NULL),
('6502DB8B-212B-4CBB-A311-38F17678954D', 'CLIENT', 'Owner of Hauck-Stehr', NULL),
('6845E569-F515-4B1B-974A-2C6ABDA2987B', 'CLIENT', 'Owner of Heathcote, Brekke and Welch', NULL),
('792F340A-F437-4F29-9D4A-B97FA77A5A38', 'EMPLOYEE', 'Brisa Feeney MD', NULL),
('7B5D3364-07FE-4CC7-8AA5-756E9BBDED6F', 'EMPLOYEE', 'Florine Kirlin', NULL),
('98EA2437-F59F-4361-9991-B4841133EAE9', 'EMPLOYEE', 'Sandrine Jaskolski PhD', NULL),
('AE2D93C3-2725-4AF1-9BBD-73AA139EB3F6', 'CLIENT', 'Owner of Abernathy-Jacobs', NULL),
('BC10A975-A3ED-40E5-A39F-842A9BA3E516', 'CLIENT', 'Owner of Predovic-Harvey', NULL),
('C64E109F-7183-4DEE-98D5-13C1B2350221', 'EMPLOYEE', 'Miss Oleta Jerde', NULL),
('C87508B9-1340-4F86-BBD8-574EB5EE4F1B', 'CLIENT', 'Owner of Witting Ltd', NULL),
('D45BFAED-1B24-41C9-8E32-354324B947B9', 'EMPLOYEE', 'Arielle Ankunding', NULL),
('E3E9D0FB-4B94-4AA0-9701-FE9EB7EB1DE8', 'CLIENT', 'Owner of Kuhlman, Quigley and West', NULL),
('E5174011-A47A-4ED1-8729-0A4C9CBBFE41', 'EMPLOYEE', 'Ilene Ortiz', NULL),
('EB31304D-2DE1-454F-B859-652603BD308C', 'CLIENT', 'Owner of Prohaska-Schultz', NULL),
('EC288920-FE4A-4095-955D-132B9E89C9A0', 'EMPLOYEE', 'Prof. Jace Durgan V', NULL),
('EC8A3AD4-16D0-4499-AE85-5EEA12172433', 'CLIENT', 'Owner of Deckow, Bailey and Ebert', NULL),
('F1F48337-4FE3-4217-B43D-3EDB54F132EB', 'CLIENT', 'Owner of Tromp-Kreiger', NULL),
('FDE81C44-2034-4B43-9118-80A3E40C7FE5', 'EMPLOYEE', 'Will Hamill', NULL);

INSERT INTO `objects` (`id`, `entity_id`, `description`) VALUES
('125C94FB-0CC5-4A97-8BA9-57FE948D578D', 'EC8A3AD4-16D0-4499-AE85-5EEA12172433', 'Deckow, Bailey and Ebert'),
('19D3AA96-E701-4BE4-88EA-BBE54B03589C', 'C87508B9-1340-4F86-BBD8-574EB5EE4F1B', 'Witting Ltd'),
('20C1BCC8-8A52-47E8-876D-A77138DAEDDB', 'E3E9D0FB-4B94-4AA0-9701-FE9EB7EB1DE8', 'Kuhlman, Quigley and West'),
('319FCFF8-EF94-4465-8FE2-B73246185284', '6502DB8B-212B-4CBB-A311-38F17678954D', 'Hauck-Stehr'),
('58D7A95B-2BB2-42F2-ACFF-716AC714B26F', 'EB31304D-2DE1-454F-B859-652603BD308C', 'Prohaska-Schultz'),
('5C41CA6E-720C-42DF-8A0F-4DE861C5B607', 'AE2D93C3-2725-4AF1-9BBD-73AA139EB3F6', 'Abernathy-Jacobs'),
('6D53F804-7BBD-4E50-B0C8-6EFAD695C451', 'F1F48337-4FE3-4217-B43D-3EDB54F132EB', 'Tromp-Kreiger'),
('D6E00AF6-0704-4491-8880-ED2724E35D38', 'BC10A975-A3ED-40E5-A39F-842A9BA3E516', 'Predovic-Harvey'),
('EA51AFCA-164E-4CFC-9277-70EBC2492D37', '6845E569-F515-4B1B-974A-2C6ABDA2987B', 'Heathcote, Brekke and Welch'),
('F9D6615C-2707-4033-80F9-22F7997B1987', '58EA8337-8D93-40CC-B282-F5B53AFCBA54', 'Emard Inc');

INSERT INTO `roles` (`id`, `entity_id`, `object_id`, `role`) VALUES
('0E565096-8B49-4834-A4A3-C229D7EE7263', '502CA6D4-2F90-41B1-A679-46AA9BAD95AE', '125C94FB-0CC5-4A97-8BA9-57FE948D578D', 'EMPLOYEE'),
('199DADCD-AD54-4239-BAEC-4F4DB14154FC', '2F793C72-D753-4592-B0D9-10C51F532250', 'F9D6615C-2707-4033-80F9-22F7997B1987', 'EMPLOYEE'),
('2548E7A8-62C1-4F06-92A2-7F4E2EFD252C', '98EA2437-F59F-4361-9991-B4841133EAE9', 'F9D6615C-2707-4033-80F9-22F7997B1987', 'EMPLOYEE'),
('2B0E415F-08E7-407A-A00F-16B24A0A6DC0', 'E5174011-A47A-4ED1-8729-0A4C9CBBFE41', '19D3AA96-E701-4BE4-88EA-BBE54B03589C', 'EMPLOYEE'),
('2C5B43C5-FBAF-4763-AA14-DC0221DE9E71', '7B5D3364-07FE-4CC7-8AA5-756E9BBDED6F', '5C41CA6E-720C-42DF-8A0F-4DE861C5B607', 'EMPLOYEE'),
('2FB0D86D-4423-42D0-816D-1C2A9F9BDDD2', '792F340A-F437-4F29-9D4A-B97FA77A5A38', '20C1BCC8-8A52-47E8-876D-A77138DAEDDB', 'EMPLOYEE'),
('3BAEDA6B-C279-4647-B8DA-C59A6FF081D4', '4E03D5FB-016E-4419-85ED-2A160D8471E1', 'F9D6615C-2707-4033-80F9-22F7997B1987', 'EMPLOYEE'),
('4A962A51-58E2-498F-8849-51A1DCB86ADC', '5FC727C1-BAA7-42EC-A2EE-7A88161431F6', '5C41CA6E-720C-42DF-8A0F-4DE861C5B607', 'EMPLOYEE'),
('5219AA7C-F88F-4612-A056-706A6B6DF374', 'D45BFAED-1B24-41C9-8E32-354324B947B9', 'EA51AFCA-164E-4CFC-9277-70EBC2492D37', 'EMPLOYEE'),
('53DFECD8-EE15-44EE-8A07-5C3D6122076F', 'FDE81C44-2034-4B43-9118-80A3E40C7FE5', '19D3AA96-E701-4BE4-88EA-BBE54B03589C', 'EMPLOYEE'),
('573E410A-0B1A-40F6-B670-D13C7D13AF32', 'D45BFAED-1B24-41C9-8E32-354324B947B9', 'F9D6615C-2707-4033-80F9-22F7997B1987', 'EMPLOYEE'),
('5C434B13-350B-431F-8D5B-EA652D0D6584', 'EC288920-FE4A-4095-955D-132B9E89C9A0', '319FCFF8-EF94-4465-8FE2-B73246185284', 'EMPLOYEE'),
('6662729A-799B-4B04-9421-B98D1D8C457A', '7B5D3364-07FE-4CC7-8AA5-756E9BBDED6F', 'D6E00AF6-0704-4491-8880-ED2724E35D38', 'EMPLOYEE'),
('7F576E76-F3D1-40E3-A62F-2B7FA3D25FD5', 'C64E109F-7183-4DEE-98D5-13C1B2350221', '6D53F804-7BBD-4E50-B0C8-6EFAD695C451', 'EMPLOYEE'),
('7FE494DF-CB53-43D7-9EC0-BF0EE7E5B051', '98EA2437-F59F-4361-9991-B4841133EAE9', '20C1BCC8-8A52-47E8-876D-A77138DAEDDB', 'EMPLOYEE'),
('835BEA32-521E-491D-AC1C-A8553E48A0FF', '792F340A-F437-4F29-9D4A-B97FA77A5A38', '19D3AA96-E701-4BE4-88EA-BBE54B03589C', 'EMPLOYEE'),
('91EFC026-B943-46CE-89EE-8532F137C2F0', 'FDE81C44-2034-4B43-9118-80A3E40C7FE5', 'D6E00AF6-0704-4491-8880-ED2724E35D38', 'EMPLOYEE'),
('A270D86A-82BE-496F-9C8F-54004EFF8181', '98EA2437-F59F-4361-9991-B4841133EAE9', 'EA51AFCA-164E-4CFC-9277-70EBC2492D37', 'EMPLOYEE'),
('B7DC23DA-163F-47F8-8B97-899F193D8822', '3C0A8BF3-D4DE-4A84-A281-9A6C61A44A18', '5C41CA6E-720C-42DF-8A0F-4DE861C5B607', 'EMPLOYEE'),
('B97D6B46-0A3B-4996-9398-B1BB42EDB0F3', 'D45BFAED-1B24-41C9-8E32-354324B947B9', '6D53F804-7BBD-4E50-B0C8-6EFAD695C451', 'EMPLOYEE'),
('BA8AB035-8300-4243-9F33-2B3524236A73', '98EA2437-F59F-4361-9991-B4841133EAE9', '319FCFF8-EF94-4465-8FE2-B73246185284', 'EMPLOYEE'),
('BDFE600E-E473-4C16-8391-F62E376E3F64', '63476EED-9C45-409A-B4A1-AD41B4327F00', 'F9D6615C-2707-4033-80F9-22F7997B1987', 'EMPLOYEE'),
('BE507DCE-AF7D-4AFE-9CA7-1043F96C6235', '610421A8-93B7-42C2-8E4F-24F0A0A1B139', '319FCFF8-EF94-4465-8FE2-B73246185284', 'EMPLOYEE'),
('C8F257C4-C993-4BA2-B22C-291D5B603BEE', '792F340A-F437-4F29-9D4A-B97FA77A5A38', '125C94FB-0CC5-4A97-8BA9-57FE948D578D', 'EMPLOYEE'),
('DD0CA6F9-41E3-49BB-ACFD-BBB041F853DA', '543C9A66-8189-4EF3-AC45-8821CB33CBFC', '125C94FB-0CC5-4A97-8BA9-57FE948D578D', 'EMPLOYEE'),
('E36E7589-4A67-4C7A-B5FA-A2AF22E34772', '1E691669-F77A-4C2D-BE6C-3D71F2A475B8', '19D3AA96-E701-4BE4-88EA-BBE54B03589C', 'EMPLOYEE'),
('E5D439CF-57E7-4DDB-A7B8-57628B3AAD90', '792F340A-F437-4F29-9D4A-B97FA77A5A38', '58D7A95B-2BB2-42F2-ACFF-716AC714B26F', 'EMPLOYEE'),
('E995EEC9-0492-4E07-AAB3-1AD7DB823865', '2D7CC3CC-8183-48AA-994A-16AD41DAD692', '5C41CA6E-720C-42DF-8A0F-4DE861C5B607', 'EMPLOYEE'),
('ED6F4316-5240-4EA3-93C6-1FC79A3FEA6D', '074A2294-F3EE-4E54-A6C6-958155A3919F', '319FCFF8-EF94-4465-8FE2-B73246185284', 'EMPLOYEE'),
('FC7FB90B-D06E-4113-9ACF-6F7C5587A43D', '5FC727C1-BAA7-42EC-A2EE-7A88161431F6', '58D7A95B-2BB2-42F2-ACFF-716AC714B26F', 'EMPLOYEE');
