INSERT INTO `entities` VALUES ('03299043-4af5-4c25-937f-6ece2cad8ade','CLIENT','Deetta Mcrae','Client31'),('032f72ee-edd4-4bc3-9fca-7c950d784f35','CLIENT','Kasey Pak','Client7'),('052b0a9f-2575-4738-aa27-e4147d72e2c4','EMPLOYEE','Dwayne','Employee61'),('0591ba12-073f-489f-ae4a-3802b6b8d3cb','EMPLOYEE','Houston','Employee52'),('05aa7535-f588-43e7-a422-5c2ebe52d79c','EMPLOYEE','Jude','Employee44'),('06090b30-352c-4a52-9a05-811ea3a291df','CLIENT','Tula Goff','Client46'),('07bae655-4726-4b04-ac5b-12e5b46589c5','CLIENT','Len Caldwell','Client85'),('09c2d872-2980-4f9c-8a41-46a5c441d7d5','EMPLOYEE','Teodoro','Employee29'),('0b78dc91-d27c-418d-bdf3-e986af170cc1','EMPLOYEE','Howard','Employee55'),('0bfdad3e-9996-4ee6-bad5-69c87b67999a','EMPLOYEE','Nicky','Employee86'),('0daa345f-418c-4db7-bfa1-91da84e43dd2','EMPLOYEE','Nigel','Employee95'),('10962f98-d4dd-4ddb-af0c-e5da9509c97a','CLIENT','Donny Aguilera','Client71'),('12489d71-ecdb-42b2-b580-24263fd02160','CLIENT','Lamar Flanagan','Client32'),('126e1c94-7a09-43d6-9a21-db55d4e59fd4','CLIENT','Humberto Archie','Client91'),('1382e865-4010-420e-b8b9-37c97b0b5303','CLIENT','Hershel Gardner','Client39'),('13eb8d10-a344-4d78-ba4d-4af87c612575','CLIENT','Normand Boatwright','Client77'),('16a10e63-1f4c-4553-a53c-f85e874049ed','EMPLOYEE','Carrol','Employee81'),('16bea9ee-ba16-4024-8f07-830a6f27310d','CLIENT','Major Burroughs','Client57'),('18a39cdb-649a-41f6-bed6-e9d80633ced6','EMPLOYEE','Louis','Employee72'),('19973762-a5cd-4c56-8eed-269861975776','CLIENT','Rafael Oconnell','Client61'),('19f6a10e-b142-45e7-917f-fe666b8dc790','CLIENT','Ladonna Vanmeter','Client84'),('1a10e74a-6b6b-42da-adfe-3bd184fecea0','EMPLOYEE','Dustin','Employee32'),('1aa0e6df-74ba-42d3-bcdc-ecee358dcdd3','EMPLOYEE','Hollis','Employee8'),('1b5cd208-7e84-47a4-bf3a-a8676713a84a','CLIENT','Clarisa Byers','Client23'),('1e7080e4-4929-4397-ad3a-36a7e7bae0ac','EMPLOYEE','Julian','Employee65'),('1fc0e5af-2572-4633-a82b-e29948e03888','CLIENT','Gabriel Moser','Client49'),('20b3ff8f-6483-4648-b16b-b366f3334b9b','CLIENT','Tajuana Barclay','Client37'),('2130ced2-eecb-4d85-a6ef-c26461a4e96b','EMPLOYEE','Nickolas','Employee71'),('21ea79ee-f9db-420e-8451-01f006ffaa30','CLIENT','Min Leeper','Client79'),('21eee1c7-968c-4c6e-9157-070b369474f2','CLIENT','Keira Heckman','Client54'),('2384c3a9-61a9-48cc-9603-fbea079069a4','EMPLOYEE','Carol','Employee62'),('289c15b7-758f-45aa-b35a-1c4841198e5d','CLIENT','Brittni Olds','Client47'),('28f2ba31-37cc-46f4-beef-2f703220be7a','CLIENT','Merle Dawson','Client30'),('2a01a8f4-d57f-4be0-8535-c078e3e6bc0e','EMPLOYEE','Anibal','Employee92'),('2bd159bc-b046-41ba-a564-cfce636cbaff','CLIENT','Hildegarde Akers','Client18'),('2c649ee3-e8e5-4a91-9d7f-6d590f378486','EMPLOYEE','Joshua','Employee9'),('2d6efade-58bf-4648-86a9-bd634634b30b','CLIENT','Emanuel Putnam','Client29'),('2dcb09a5-0901-4a6d-b517-f91d3ebc9b13','EMPLOYEE','Garfield','Employee46'),('2f47f4f9-56a7-4cfc-ad88-9eb99e1e87bc','EMPLOYEE','Rico','Employee69'),('2fbb0f14-7308-4cd7-b15c-f4bf332e94de','EMPLOYEE','Dylan','Employee80'),('3157fa74-89c2-4dcd-a6b3-2e85385bb6c5','CLIENT','Christy Garvey','Client11'),('326be609-65cf-4cb5-b6e6-1f6f935ed651','EMPLOYEE','Rick','Employee27'),('3290a10f-a23d-4efd-ac71-1edc4bab3bfa','CLIENT','Isaias Blanchard','Client75'),('33733e29-2f40-4388-b1b2-8b1dd54f1e2c','EMPLOYEE','Horacio','Employee35'),('3432bbf8-011a-4366-8d74-101e11f264aa','EMPLOYEE','Rich','Employee3'),('346e24b7-4b71-436a-8ba8-64505a833b65','CLIENT','Renaldo Bowens','Client15'),('378449fd-b1fc-4c51-813d-7bca1267119f','CLIENT','Dominique Fugate','Client50'),('3a323a03-b541-4d07-bb98-b0d93ceca744','EMPLOYEE','Terence','Employee43'),('3a9afca5-1888-41d9-ab29-499672e099f6','CLIENT','Lyndon Brumfield','Client13'),('3b82f8fc-bf64-4f95-837b-3efd0722a586','CLIENT','George Marcus','Client64'),('3c4b377f-5ea9-47c3-8da6-fcd49e19a06c','EMPLOYEE','Carter','Employee98'),('40514478-2139-4659-81ac-5dd2e8c2d0ea','CLIENT','Wiley Guinn','Client41'),('40c49235-c4c3-4e03-b8a6-9219b5fe9a19','EMPLOYEE','Nicholas','Employee24'),('4337b205-0bf0-4312-acf9-a016ecbd62fb','EMPLOYEE','Hoyt','Employee58'),('438f867b-d7e3-495c-adec-296c40ff59be','EMPLOYEE','Angelo','Employee89'),('44811049-7a12-4293-9e0a-e53ae67efd24','CLIENT','Glenn Chatman','Client59'),('44c13915-426e-4f94-b88e-3007e47b8505','CLIENT','Elroy Jeffries','Client81'),('455666a8-8463-40ee-9e38-2a1a75af40dd','EMPLOYEE','Dwain','Employee47'),('49d60b18-735e-4f5c-abef-6d1f1b9213a5','EMPLOYEE','Juan','Employee36'),('4a078cac-3a51-4328-bf3c-2fd06f09c567','EMPLOYEE','Jospeh','Employee31'),('4b1b1ec6-5ff3-4733-8026-13fe3a27214c','EMPLOYEE','Andres','Employee48'),('4c35d7bb-5d9c-485c-9001-1e60390b8e7f','CLIENT','Dustin Carlisle','Client44'),('4ce91831-9742-4466-9f97-30440a7b8a52','CLIENT','Broderick Dooley','Client97'),('4d534428-3edd-4237-bc56-26c5eb736319','CLIENT','Valentine Caswell','Client5'),('4ed176ea-093d-45f7-b241-2fad6bed4514','CLIENT','Nicola Counts','Client99'),('4fde0485-3249-48c4-b52d-d246c98c543c','EMPLOYEE','Garrett','Employee68'),('50f31224-a5d9-4cf9-beb0-1c3b7620a434','EMPLOYEE','Gabriel','Employee15'),('52e63d6a-cc58-4575-b23c-77317a8bd326','CLIENT','Jon Rapp','Client89'),('537bc93d-2cf0-482b-a920-8b59d4312469','SHOP','SHOP1','Shop1'),('53f7e2cd-b281-46d7-afad-016e9c5335ca','EMPLOYEE','Josiah','Employee25'),('5460ad7f-65ff-4482-a1e7-a8f69cc08f80','EMPLOYEE','Garret','Employee63'),('5558a9ce-23dd-47df-a42e-b90ad44d4a2c','EMPLOYEE','Thad','Employee96'),('555b5b3a-744c-453d-a33b-07e053351760','EMPLOYEE','Hosea','Employee37'),('56a1873a-5e4c-4cb0-813c-419d053d3d42','CLIENT','Marylin Levesque','Client90'),('5a661e0e-dd69-4e52-8b8d-ab0c46b64c0d','EMPLOYEE','Nicolas','Employee91'),('5d1df86e-6299-4f1e-bef7-6040c57a94b7','CLIENT','Era Priest','Client35'),('6068259c-6291-41b3-8da3-b0c9cbbabbb5','CLIENT','Sherlyn Beavers','Client8'),('610aaaca-c5df-4c85-aad6-bb79cfdab612','EMPLOYEE','Duane','Employee14'),('63803c20-d0ad-4294-8625-46352f1ca669','EMPLOYEE','Newton','Employee13'),('65736542-25c7-4c23-b35d-e20d063b9f20','EMPLOYEE','Richard','Employee11'),('65a9bad3-fbca-4ad1-9644-6c1ca7b194c6','EMPLOYEE','Cary','Employee100'),('66beec11-b082-4956-97d4-49078d7f077f','CLIENT','Korey Canady','Client69'),('68bf046a-d123-4b4e-bf62-3d808d5ed257','EMPLOYEE','Lonny','Employee7'),('6a3f7daa-edb1-429a-87d9-845e4d70840f','CLIENT','Davis Giordano','Client58'),('6a94ec61-36d7-4415-8cd6-258f7eb6fca9','EMPLOYEE','Carmelo','Employee30'),('6aa0c77d-b547-4d69-9242-ff7b2d856b2e','EMPLOYEE','Andrew','Employee60'),('6c4221b6-4bdb-4f25-a42f-08153cd058cd','EMPLOYEE','Homer','Employee16'),('6d77f05f-d62b-4a06-8ba2-7a3dd03355d3','CLIENT','Preston Larue','Client55'),('6e7afe6e-18e9-454f-9b47-7dde3c972038','EMPLOYEE','Hugh','Employee83'),('6f2d4a79-196e-4ff0-933f-c668571781dc','EMPLOYEE','Carroll','Employee85'),('748e9675-c0ca-4b8f-8c5c-fd7c10a8333b','EMPLOYEE','Angel','Employee84'),('76124155-7566-4309-ae89-59bbf30469e0','CLIENT','Elvina Mclain','Client4'),('76e4a016-e658-420b-b7c1-ca858f034cc0','CLIENT','Kacy Mcwhorter','Client70'),('76f67710-1e65-42ed-8473-d10f61b46b1b','CLIENT','Malvina Atwood','Client83'),('77500481-bb7c-445b-b107-5a6eb4035cce','EMPLOYEE','Julius','Employee79'),('775f8ed3-52a1-4b2a-9549-075bcedd49da','EMPLOYEE','Louie','Employee67'),('7a2236a4-46ce-449e-ba70-1c547401b0a6','CLIENT','Britteny Jacoby','Client1'),('7a7c3ee0-6544-4c74-bfba-d912aea63622','CLIENT','Rosario Shumaker','Client100'),('7bcca5d8-8617-4f1e-87f4-1921d5c2313d','CLIENT','Hugh Toliver','Client78'),('7f31e5a9-292a-4f4a-8d5f-8c688a3b3a67','EMPLOYEE','Loyd','Employee93'),('8141a838-708f-4a54-882d-d15362e02dda','EMPLOYEE','Duncan','Employee22'),('81ab6879-10e0-46e4-9365-5be88e3f1aad','EMPLOYEE','Terry','Employee78'),('83038188-00ed-4f78-84f0-6bfe7328158a','EMPLOYEE','Andreas','Employee40'),('830e4fd3-44f5-4e43-a180-7c327503750c','EMPLOYEE','Julio','Employee76'),('833cbd11-68c0-4af7-adac-058974bd3924','EMPLOYEE','Gail','Employee19'),('83ae4616-4d00-4d19-96f6-fc5108197733','EMPLOYEE','Fritz','Employee10'),('83b23b7d-04b9-4307-8641-bebe55210855','EMPLOYEE','Lowell','Employee88'),('83ddc28c-08e1-49f3-8f75-32b1f5af0cbb','CLIENT','Vaughn Sears','Client42'),('8517a8da-1a18-4d2c-9731-1bd246d27611','CLIENT','Werner Rousseau','Client80'),('856a4e15-4a56-47e1-bc64-c6873fbef856','EMPLOYEE','Anthony','Employee99'),('8665c314-8507-419f-9bdb-9523d3c0f1ce','EMPLOYEE','Nick','Employee51'),('8a41e185-bbda-46e9-a444-0ac7f27c2bdb','EMPLOYEE','Lonnie','Employee2'),('8db3ec36-199e-4331-b310-215324704c28','CLIENT','Claudette Iverson','Client56'),('8e25bb2d-723f-4c90-bb92-fbe5bcbefded','CLIENT','Sharla Rizzo','Client94'),('9087c282-20d4-4896-a83c-eaca473d4f4b','EMPLOYEE','Riley','Employee82'),('91ca852d-aee5-424e-99f8-5c30ba4b86ee','EMPLOYEE','Dusty','Employee45'),('924119cd-43b2-4d1c-8822-586e4ec7b29a','CLIENT','Frederick Matheson','Client51'),('9292be1d-a9a8-4308-9985-6b3395f51dd8','CLIENT','Sammy Blythe','Client19'),('92b13b48-e8c9-49f1-9eff-e819bf5d0988','CLIENT','Jeromy Stidham','Client88'),('943b9744-a3f8-439f-af0d-e586648132f7','EMPLOYEE','Terrell','Employee64'),('945098b3-1864-49d9-929e-f2af5211b5b9','CLIENT','Dylan Damron','Client74'),('96ede614-4e11-4f4c-935b-2df188c3ec6c','CLIENT','Moriah Fitts','Client34'),('987db485-f8f0-441b-a72d-b5da42c9e625','EMPLOYEE','Terrence','Employee73'),('98bcb6f9-5b60-45f7-baa4-6b967028accc','CLIENT','Ronna Fielder','Client6'),('997e0aba-0ca8-4e5a-9828-cc23b88880d8','CLIENT','Dorian Orourke','Client9'),('9e8578ca-d89d-40c0-9cf2-079349c4c105','COMPANY','COMPANY1','Company1'),('9eab1a30-6b41-4ae0-b396-0d94a10e60ef','EMPLOYEE','Junior','Employee87'),('9f148b30-5fcc-489d-a744-603d0b3db9b9','EMPLOYEE','Dudley','Employee17'),('9f4a3240-386d-418e-af52-66697c7ea9ee','EMPLOYEE','Huey','Employee77'),('a09f4197-bddc-412e-9baa-0471d044ac9b','CLIENT','Max Jensen','Client10'),('a224b546-d37e-48ee-9fca-18f63554f9a8','CLIENT','Corrinne Brink','Client63'),('ae492c69-03ca-48e1-8e84-3299c347fd37','EMPLOYEE','Loren','Employee21'),('b3290596-dc6c-44ca-b4aa-a3e85c4b1bab','CLIENT','Dino Kelleher','Client60'),('b3be5685-d5e1-446d-a430-b104c5473519','EMPLOYEE','Rickey','Employee41'),('b4349c71-f2af-46c0-9fc5-09a7de7b5970','EMPLOYEE','Judson','Employee54'),('b43f6718-aab8-41a6-a22e-617e6cf10334','EMPLOYEE','Jules','Employee57'),('b590c04d-edb7-4936-ba1b-de4d073ec1cf','EMPLOYEE','Dwight','Employee66'),('b705af68-f1bf-4fc2-b81d-5d48aaa4cb60','CLIENT','Maryjane Vega','Client52'),('b73ff1fb-9d6f-4d9c-be04-e5df56b6b470','EMPLOYEE','Josue','Employee34'),('b9a041f6-9dbb-4f1e-b754-e325afa7dc5f','EMPLOYEE','Carmen','Employee42'),('bad48192-ccac-44ec-858c-97cff1ee18ee','EMPLOYEE','Carmine','Employee49'),('bb68d2b1-b0d0-4ce2-a382-144827f661f7','CLIENT','Jody Nelson','Client45'),('bc4d4154-408a-4a3a-b373-af87296c5979','CLIENT','Jana Rinaldi','Client16'),('c14e8a38-deee-40db-8bdd-7dc49f3df20b','CLIENT','Shaunta Ostrander','Client28'),('c15bd9af-d25c-4087-a09a-59f384a1f6ea','CLIENT','Darren Johnston','Client20'),('c1713de4-add5-473c-b30c-d98fe73efb47','CLIENT','Adan Teeter','Client53'),('c1cf7503-9a4f-4c07-b8a0-a0f6bec847c0','CLIENT','Doug Sumner','Client82'),('c2e961d2-a099-46d3-b3ca-fae9a7ad72f1','EMPLOYEE','Hong','Employee28'),('c3fc36ae-d2f2-4916-a0cf-422cdb9ea27a','EMPLOYEE','Neville','Employee6'),('c953e73e-7ac7-4e22-a35c-e702fdbaba5d','EMPLOYEE','Lucas','Employee97'),('c971d015-5509-47f1-8eff-b3bdce9e39ed','CLIENT','Henry Vincent','Client2'),('cbfe1b0b-09e6-49f3-84d8-aa6155499236','EMPLOYEE','Hugo','Employee94'),('cc1fead8-81db-4401-93e6-eda0a8fc3240','CLIENT','Courtney Barrett','Client66'),('ccadec6c-1743-4263-ac07-2506c4f0a0c4','EMPLOYEE','Andrea','Employee20'),('ccd42862-db4b-40e0-9713-311a5aaeb098','EMPLOYEE','Hubert','Employee70'),('cebe395c-94cf-4cf0-8f87-734403941cb2','CLIENT','Belva Bertram','Client92'),('cf971a84-f989-4de1-89d2-e7fce87c0d4c','EMPLOYEE','Rickie','Employee53'),('d20860f2-804d-45a9-ac45-477044686e22','CLIENT','Harland Hayward','Client73'),('d2eb20f3-0e72-4364-9cb2-cf3e57cbb572','CLIENT','Dora Forrest','Client3'),('d33423aa-dcd9-4aa3-8571-248272a73df0','EMPLOYEE','Teddy','Employee26'),('d49701cd-c334-4a1c-b060-e600e81953ac','CLIENT','Tiffaney Jett','Client27'),('d659d7bd-b1cd-4cfb-a5b9-578402591509','EMPLOYEE','Andy','Employee74'),('d760af3e-ebe4-4886-be3d-c8d996b11885','CLIENT','Quinton Crowell','Client86'),('d86057fc-e9fe-4292-9c5c-69c014861f54','CLIENT','Charles Frazer','Client65'),('d90ceee9-c411-43a2-b9be-2a4848c80e08','CLIENT','Buford Joe','Client21'),('daa7fa10-8dc0-4c9e-9be4-289fe70d2d89','EMPLOYEE','Ricky','Employee59'),('daab6274-fa21-4522-878b-1cc2bd55273b','CLIENT','Rico Peck','Client96'),('dafed85d-f8ff-4a33-9948-0e6696cfa713','EMPLOYEE','Garland','Employee50'),('db55e51a-89b1-4ef6-8dbd-484ba2b0533b','CLIENT','Misty Petty','Client93'),('dc8868be-ce62-4b9b-ace4-fac112e27fec','CLIENT','Jerrold Robbins','Client87'),('dd9bb582-2e7b-4ded-a07a-8a9e1b3ed4e2','CLIENT','Krysta Stull','Client48'),('df3987f4-dd6d-493d-92a9-4dd044706464','EMPLOYEE','Nestor','Employee1'),('dffa5a0d-0bb3-400a-939e-9e84cd81bef9','CLIENT','Buford Vanhoose','Client76'),('e15df7a4-fdd4-475f-adb5-08fa9b4d14b4','CLIENT','Odell Kruger','Client36'),('e1c26fb6-452e-4f91-a8d7-c3a0b6a65fb3','EMPLOYEE','Richie','Employee18'),('e2e8c250-5e12-430e-a33c-f668021ec1f5','CLIENT','Cindy Hart','Client98'),('e2f1c584-e335-44db-bdab-dcb46296c9da','EMPLOYEE','Rigoberto','Employee75'),('e58cb74e-81a7-471b-9958-088849100d9d','CLIENT','Cleo Stearns','Client33'),('e64e95d5-800e-4f4b-ad0c-96411ecc9b5b','CLIENT','Elroy King','Client62'),('e6c563ee-0025-479f-98d1-6e5d3faaf5de','CLIENT','Tuan Olsen','Client25'),('e70f2197-72db-4f5d-b89d-2747a15eb54e','EMPLOYEE','Lorenzo','Employee39'),('ea729c38-fa06-4498-99e4-4ac119088823','EMPLOYEE','Terrance','Employee56'),('eed99488-5cda-4c5c-be64-9d569efb89a6','CLIENT','Eliseo Chapa','Client22'),('ef06b703-ca19-4ad5-bf9c-2d60bf1bc0f0','CLIENT','Evelin Starks','Client38'),('efad9424-a863-406e-a4e9-e299883b6360','CLIENT','Lecia Ferris','Client14'),('f002d517-9dea-4fcb-81bd-6e3fb5767012','CLIENT','Fidel Mccord','Client95'),('f1a9070d-0a07-4a8c-bdad-832d50dfdbcc','EMPLOYEE','Gale','Employee23'),('f1f97d05-08eb-402c-b251-7d7da80cf7ca','CLIENT','Winnifred Mortensen','Client24'),('f2461b15-8a52-46d8-95b8-cdd95339e8f7','CLIENT','Milda Escobedo','Client67'),('f4855115-00cd-439d-9b49-c32ea7d90066','EMPLOYEE','Carson','Employee90'),('f513726e-38a9-4f5f-b471-5c1ba98ed47f','EMPLOYEE','Galen','Employee38'),('f66276ae-2b4e-4a91-b212-4f44c1392a3b','EMPLOYEE','Drew','Employee4'),('f6e11ef2-2db5-4211-9414-43ce71e8c2aa','CLIENT','Alfred Bertrand','Client26'),('f8ec08fd-1ed9-4069-8b81-214089cf0e44','CLIENT','Ute Blanco','Client12'),('fb8855f3-b189-4b14-a846-86066619d547','CLIENT','Perry Wray','Client68'),('fc2d9478-2453-4c7f-8f5a-6bc4b5547f07','CLIENT','Gabriele Oldham','Client40'),('fced9fd5-dde7-41fe-96af-81ef668bf13c','EMPLOYEE','Ted','Employee12'),('fdb17a12-4aea-4a04-8eef-130812d03371','CLIENT','Raymond Davenport','Client43'),('fdd1f853-aeee-4dc5-a27b-946d239762f2','CLIENT','Jarvis Becerra','Client17'),('fe4c6369-1d26-40cd-a1ea-c49231675db0','CLIENT','Malcolm Dehart','Client72'),('ffb4d21b-1466-4148-99d3-8c102bdadd31','EMPLOYEE','Horace','Employee33'),('fff547d3-50a8-451f-86e7-b6971b4c3fb5','EMPLOYEE','Taylor','Employee5');
INSERT INTO `objects` VALUES ('0118db64-1b2e-4e96-aadc-4298a9dbc63c','945098b3-1864-49d9-929e-f2af5211b5b9','Domestic Space Explore Inc.'),('0127c21a-0c91-4229-817b-88523d601050','efad9424-a863-406e-a4e9-e299883b6360','Advanced X-Mobile Inc.'),('03e5a7a9-131b-4842-bf51-525f6e782556','3157fa74-89c2-4dcd-a6b3-2e85385bb6c5','Domestic Services Inc.'),('046a5ebe-b52d-4d7a-b82c-48f7c7407775','76124155-7566-4309-ae89-59bbf30469e0','Western Space Research Corp.'),('053ac08c-5382-4070-bac4-abc89b7b4ef1','346e24b7-4b71-436a-8ba8-64505a833b65','South High-Technologies Inc.'),('093aabde-be38-4953-aac6-1d42714a264c','e15df7a4-fdd4-475f-adb5-08fa9b4d14b4','Global Health Co.'),('09c28e40-2cb7-4f6c-851b-2b59516ef0d7','92b13b48-e8c9-49f1-9eff-e819bf5d0988','East Space Explore Inc.'),('09fa718c-bc2e-4f2f-9953-a54e732a353a','d86057fc-e9fe-4292-9c5c-69c014861f54','First High-Technologies Corporation'),('0bcfdcef-0d1c-419f-9c89-ec6dcb42c22e','dffa5a0d-0bb3-400a-939e-9e84cd81bef9','American Z-Mobile Corporation'),('0c7e8d7a-4051-4a96-a714-e82ef25e01ed','fdb17a12-4aea-4a04-8eef-130812d03371','Flexible Cars Corp.'),('1258fd8f-9d5d-4f1b-a9c7-bcffa74bcb49','6068259c-6291-41b3-8da3-b0c9cbbabbb5','City Materials Inc.'),('166e8d1d-72fa-4c4d-9a42-8d01af6c1986','c1cf7503-9a4f-4c07-b8a0-a0f6bec847c0','East Laboratories Group'),('1be87e70-156e-4628-af03-a0d1ef7321f6','96ede614-4e11-4f4c-935b-2df188c3ec6c','Global Space Explore Co.'),('1f1366ca-0d71-43f9-a7dc-499c352424e6','f6e11ef2-2db5-4211-9414-43ce71e8c2aa','WorldWide Heating Inc.'),('2048752c-d15e-45dd-93ee-dd9eb421a4b8','fe4c6369-1d26-40cd-a1ea-c49231675db0','International J-Mobile Inc.'),('2509e73d-3110-4f5e-ab49-14887e8bcd9a','40514478-2139-4659-81ac-5dd2e8c2d0ea','First H-Mobile Group'),('2832bf30-0754-4d68-a689-9e27bced6113','fdd1f853-aeee-4dc5-a27b-946d239762f2','Canadian I-Mobile Inc.'),('2f98215e-ed04-4de9-be0f-82ad226d70a6','fe4c6369-1d26-40cd-a1ea-c49231675db0','Future I-Mobile Group'),('2feea9d2-6fff-4aee-8471-bf2dc809d55a','8e25bb2d-723f-4c90-bb92-fbe5bcbefded','Global G-Mobile Corporation'),('31de08f0-7330-4350-988b-2692704fb9db','924119cd-43b2-4d1c-8822-586e4ec7b29a','General Oil Group'),('34bafac8-5ffa-411f-8183-c3a90f4091f5','dd9bb582-2e7b-4ded-a07a-8a9e1b3ed4e2','City Consulting Corporation'),('36d2fd30-a629-4d64-8ec8-5eafc42341bb','d90ceee9-c411-43a2-b9be-2a4848c80e08','Canadian Security Inc.'),('37b295f0-93eb-4964-920d-3848556330e7','f1f97d05-08eb-402c-b251-7d7da80cf7ca','East High-Technologies Inc.'),('38cf2c14-2e49-4dc5-adbc-f5eeec0f7ceb','032f72ee-edd4-4bc3-9fca-7c950d784f35','Flexible Materials Co.'),('3d81b900-4f7d-4090-a75a-9470d620855d','a224b546-d37e-48ee-9fca-18f63554f9a8','General Explore Co.'),('3eed565f-7f7d-4cb5-b35a-10f409e24395','56a1873a-5e4c-4cb0-813c-419d053d3d42','Home Nuclear Energy Corporation'),('41983476-a94d-4557-82d3-c45c016e3bf7','4ed176ea-093d-45f7-b241-2fad6bed4514','Special 3G Wireless Corp.'),('444d6bb8-825d-475d-bc4d-0d41c62a84ab','945098b3-1864-49d9-929e-f2af5211b5b9','First Green Power Corp.'),('44a18efc-4987-4fa3-9e59-c4795a8e23ce','d86057fc-e9fe-4292-9c5c-69c014861f54','American K-Mobile Co.'),('4781f9b6-ba1a-4da2-ab27-0399f9abd59a','126e1c94-7a09-43d6-9a21-db55d4e59fd4','Canadian P-Mobile Corporation'),('5235b344-7263-4b71-906f-4f020c4c29e7','fc2d9478-2453-4c7f-8f5a-6bc4b5547f07','Federal V-Mobile Group'),('55f9a2b9-bf2a-4129-90d2-f55bd2a32714','96ede614-4e11-4f4c-935b-2df188c3ec6c','WorldWide Space Explore Corporation'),('56a743ef-35c9-4f18-a1db-559a5fb14b3a','3290a10f-a23d-4efd-ac71-1edc4bab3bfa','Future Q-Mobile Inc.'),('5d9194ca-95b7-4f30-b36e-e52890790b4c','d20860f2-804d-45a9-ac45-477044686e22','Australian High-Technologies Group'),('5e09cd38-9f36-4398-b3d6-809ab5602196','c15bd9af-d25c-4087-a09a-59f384a1f6ea','National K-Mobile Group'),('6159b3f4-74c7-4ca4-8044-ccaa78c94ea1','07bae655-4726-4b04-ac5b-12e5b46589c5','Federal Development Co.'),('61a0c992-251a-4dee-a0cd-03e9cd3f5152','f6e11ef2-2db5-4211-9414-43ce71e8c2aa','WorldWide 4G Wireless Inc.'),('62cef757-0ac9-4194-88a7-13ef9744aa0b','a09f4197-bddc-412e-9baa-0471d044ac9b','Canadian High-Technologies Inc.'),('641dde41-895b-484d-8837-1a487ee780f1','c14e8a38-deee-40db-8bdd-7dc49f3df20b','Beyond Trust Inc.'),('647615bd-7816-4fc9-b3a9-cb4bb5e766d6','4ed176ea-093d-45f7-b241-2fad6bed4514','Pacific Business Corporation'),('64e49a07-f118-479c-9ae6-5eaaf4af2f2d','20b3ff8f-6483-4648-b16b-b366f3334b9b','Global Mining Corp.'),('6bf5f28c-9ffb-4b54-9c5e-f400f635bce2','16bea9ee-ba16-4024-8f07-830a6f27310d','Federal Space Research Group'),('7578ada3-b48c-4e8f-9b30-5831a24c4f1d','fdd1f853-aeee-4dc5-a27b-946d239762f2','Creative Data Corporation'),('796b49b9-a0d4-4210-b7e1-cef9905d0587','21ea79ee-f9db-420e-8451-01f006ffaa30','Federal Space Explore Corporation'),('79e576e4-b333-4a91-9106-6528bac63322','fdb17a12-4aea-4a04-8eef-130812d03371','National Mining Corp.'),('7a32bfcf-4304-4403-9663-60437ed52161','7bcca5d8-8617-4f1e-87f4-1921d5c2313d','Beyond Renewable Power Corporation'),('7a447e13-1f9e-477c-95a9-df6c7c7ba262','ef06b703-ca19-4ad5-bf9c-2d60bf1bc0f0','Flexible A-Mobile Group'),('7b9ffa5a-4985-4543-b599-2fe4d18d9f25','13eb8d10-a344-4d78-ba4d-4af87c612575','Australian Security Inc.'),('7fa55237-c280-4887-8413-9f854e0c6545','f1f97d05-08eb-402c-b251-7d7da80cf7ca','International High-Technologies Corp.'),('80472729-8505-4440-a5bd-7dcec3753dbf','b3290596-dc6c-44ca-b4aa-a3e85c4b1bab','Flexible Consulting Corporation'),('81ca107b-dd04-4e89-9971-0abb843db742','4ce91831-9742-4466-9f97-30440a7b8a52','Home Transport Group'),('82f4ecd2-e543-4f00-b2cf-edde7e98949f','13eb8d10-a344-4d78-ba4d-4af87c612575','Professional High-Technologies Group'),('89d1e8f2-d72c-4c3e-9de5-ebedb26f605e','e58cb74e-81a7-471b-9958-088849100d9d','Home V-Mobile Corp.'),('8cd346e7-b395-4fc4-afa3-c770a884deb2','1b5cd208-7e84-47a4-bf3a-a8676713a84a','North F-Mobile Inc.'),('8fd389c5-566e-4c99-b421-59eeddb6ed38','f8ec08fd-1ed9-4069-8b81-214089cf0e44','First 5D Electronic Corporation'),('8fe683db-6590-4a43-8060-bf6b74e7b7e4','52e63d6a-cc58-4575-b23c-77317a8bd326','Domestic Space Research Corporation'),('919d3858-bd5d-40fd-81ec-191b831e57b1','3b82f8fc-bf64-4f95-837b-3efd0722a586','Federal Natural Gas Energy Co.'),('91f456aa-a6e0-4839-9a1d-33756703d989','2bd159bc-b046-41ba-a564-cfce636cbaff','Global Engineering Co.'),('96657991-4823-4d13-a685-3f3a7cb37a76','6d77f05f-d62b-4a06-8ba2-7a3dd03355d3','Flexible Media Inc.'),('9c908101-48f0-48c7-9c9d-333945c84f81','44c13915-426e-4f94-b88e-3007e47b8505','City Investment Group'),('a00ffb1d-3e0b-49a5-9c92-86b05a622567','e6c563ee-0025-479f-98d1-6e5d3faaf5de','Domestic V-Mobile Co.'),('a44598c9-bd8e-477f-b4c9-54803d31b688','52e63d6a-cc58-4575-b23c-77317a8bd326','Professional Instruments Co.'),('a4f224b4-0b30-446e-acfc-faf616d9c662','d90ceee9-c411-43a2-b9be-2a4848c80e08','Federal High-Technologies Co.'),('a89e8ada-b780-4a64-9aa2-272173da15e1','1fc0e5af-2572-4633-a82b-e29948e03888','Beyond Petroleum Inc.'),('aa4923a2-a781-41bd-a0c5-a388a308f588','1fc0e5af-2572-4633-a82b-e29948e03888','Future P-Mobile Inc.'),('ad016fd6-76d2-463d-995c-52f93d2f4253','66beec11-b082-4956-97d4-49078d7f077f','Creative Transportation Group'),('ad15af65-bca8-42cb-8501-7083a15566d3','21ea79ee-f9db-420e-8451-01f006ffaa30','Pacific Mobile Corporation'),('afa588f0-9475-45c7-beec-d812b2d80001','ef06b703-ca19-4ad5-bf9c-2d60bf1bc0f0','WorldWide High-Technologies Corp.'),('afd3ceff-2c27-45e6-98f2-5c5dd070ae9c','4d534428-3edd-4237-bc56-26c5eb736319','Professional Devices Corporation'),('b210fb2e-2f61-43bb-9e56-0fdac16ddc73','40514478-2139-4659-81ac-5dd2e8c2d0ea','Federal Foods Corporation'),('b3dd70fe-013e-4c82-b6bb-8318276b85fc','8db3ec36-199e-4331-b310-215324704c28','General High-Technologies Corporation'),('c39aae58-089a-411f-98b9-451c2e1e8e6f','8e25bb2d-723f-4c90-bb92-fbe5bcbefded','North Mining Corporation'),('c77c2c82-b140-434c-9834-b5c54e9071f5','44c13915-426e-4f94-b88e-3007e47b8505','Advanced Wind Power Inc.'),('c77dbde2-a3d8-4c72-8ae9-c5cff00e2ce7','76f67710-1e65-42ed-8473-d10f61b46b1b','Creative High-Technologies Inc.'),('c9b49116-9e0c-4806-9445-ccfa19cd4309','76f67710-1e65-42ed-8473-d10f61b46b1b','East High-Technologies Corporation'),('cccfb81d-626f-49d0-98ba-b1e0983aaad7','3290a10f-a23d-4efd-ac71-1edc4bab3bfa','Union Telemetrics Corporation'),('cfe5ec5b-4372-4646-8028-2e5d6b89bc60','fdd1f853-aeee-4dc5-a27b-946d239762f2','General Space Explore Corporation'),('d21a8ec0-623d-4d6a-94ea-6528267eb0ff','fdd1f853-aeee-4dc5-a27b-946d239762f2','Special C-Mobile Inc.'),('d2cb287d-09bd-4103-8c1d-4bff5463bfab','eed99488-5cda-4c5c-be64-9d569efb89a6','Union Broadcasting Group'),('e01844b7-4aa5-4f2e-86d3-59a02b33fa28','56a1873a-5e4c-4cb0-813c-419d053d3d42','Beyond Space Explore Corporation'),('e17fb13d-1c6b-4390-b38f-70dd9f805616','126e1c94-7a09-43d6-9a21-db55d4e59fd4','First High-Technologies Inc.'),('e1db26cf-2b85-4e33-8084-49274b5f2cba','07bae655-4726-4b04-ac5b-12e5b46589c5','Australian Equipment Group'),('e286a477-edac-4cd7-8f61-26a45be33773','c971d015-5509-47f1-8eff-b3bdce9e39ed','National Space Research Co.'),('e2d3fadb-97de-4258-882c-510e7ee5c516','126e1c94-7a09-43d6-9a21-db55d4e59fd4','Professional S-Mobile Group'),('e3a688dc-eca0-453b-b7bd-8d89a79a58ac','98bcb6f9-5b60-45f7-baa4-6b967028accc','Special Logics Inc.'),('e465e983-0222-4ee4-982d-dc41aaca84c1','13eb8d10-a344-4d78-ba4d-4af87c612575','Domestic Space Research Group'),('eb5ef649-bf0c-491c-91a7-d8226713210e','13eb8d10-a344-4d78-ba4d-4af87c612575','First Partners Corp.'),('eb8c2e6c-ff1c-4855-86b4-5173d6d0fef9','56a1873a-5e4c-4cb0-813c-419d053d3d42','Pacific R-Mobile Inc.'),('ec4baee1-9318-4a4e-980d-c6fae0f509fd','dffa5a0d-0bb3-400a-939e-9e84cd81bef9','North Systems Inc.'),('edda26dd-e22f-4879-b3c5-a964b7ade299','83ddc28c-08e1-49f3-8f75-32b1f5af0cbb','North Space Explore Corp.'),('ee73aeb2-d46e-4c8c-9eec-1efd8202e633','db55e51a-89b1-4ef6-8dbd-484ba2b0533b','City High-Technologies Inc.'),('f019efb6-7a01-41c4-b734-1c4f7699c786','e64e95d5-800e-4f4b-ad0c-96411ecc9b5b','North Media Co.'),('f1188890-9755-4711-bf42-08323acfbff2','3a9afca5-1888-41d9-ab29-499672e099f6','WorldWide Space Research Corporation'),('f13edd74-ec99-46c6-b7ae-845a69fde694','e58cb74e-81a7-471b-9958-088849100d9d','Home High-Technologies Group'),('f1579974-9a63-43f4-963e-b257b74f291c','4c35d7bb-5d9c-485c-9001-1e60390b8e7f','Domestic D-Mobile Group'),('f5806eeb-8cc5-47df-bfeb-be90d0b0cab8','bb68d2b1-b0d0-4ce2-a382-144827f661f7','Future X-Mobile Inc.'),('f905fec4-6921-4c7d-8d2c-462a21bcf61e','4ed176ea-093d-45f7-b241-2fad6bed4514','East Automotive Corporation'),('fef6639d-5b5e-4a4c-a369-bcc8cbd68146','16bea9ee-ba16-4024-8f07-830a6f27310d','American Wave Energy Co.'),('ff320144-103e-4625-8e57-87845ed7bee4','66beec11-b082-4956-97d4-49078d7f077f','Future Delivery Corporation'),('ff568657-9069-4f80-aba9-e380aa447a9a','76f67710-1e65-42ed-8473-d10f61b46b1b','WorldWide High-Technologies Inc.');
INSERT INTO `accounts` VALUES ('00354769-1817-4eb6-8269-1ef310b2ba10','40c49235-c4c3-4e03-b8a6-9219b5fe9a19','SALARY'),('0038c156-235e-42d7-a99d-08004ae6d037','6a3f7daa-edb1-429a-87d9-845e4d70840f','MATERIAL'),('017784e0-ab23-4980-ad52-2f71d32d8f12','e2e8c250-5e12-430e-a33c-f668021ec1f5','MATERIAL'),('01c48584-0404-47d7-bc60-7efea589fc02','c953e73e-7ac7-4e22-a35c-e702fdbaba5d','SALARY'),('0232b20d-b1a8-42cb-b693-1a8d4d6184a3','daab6274-fa21-4522-878b-1cc2bd55273b','MATERIAL'),('051fe258-614f-408f-9f85-148181ca9eea','e70f2197-72db-4f5d-b89d-2747a15eb54e','SALARY'),('05ffa15a-73f9-4dec-857d-c3be3e26ad96','3432bbf8-011a-4366-8d74-101e11f264aa','SALARY'),('06f52e1d-0734-4e0a-ae69-4c20287b3620','c2e961d2-a099-46d3-b3ca-fae9a7ad72f1','SALARY'),('08f0ad1d-941e-4165-9fb1-59307170d26b','ea729c38-fa06-4498-99e4-4ac119088823','SALARY'),('09989edf-ea98-4303-9d11-89d0c6eaba6f','d86057fc-e9fe-4292-9c5c-69c014861f54','MATERIAL'),('0df2cbe6-bb32-46f5-ad68-151874f44e58','e6c563ee-0025-479f-98d1-6e5d3faaf5de','MATERIAL'),('1153884f-5ff7-452c-960d-855905dfc700','9e8578ca-d89d-40c0-9cf2-079349c4c105','SALARY'),('11539d73-ff48-4be6-9b6d-385fad3a8099','3c4b377f-5ea9-47c3-8da6-fcd49e19a06c','SALARY'),('11a84fdb-9197-475d-b0a9-b1c7761cfa27','7bcca5d8-8617-4f1e-87f4-1921d5c2313d','MATERIAL'),('11fdd6af-ef4c-41ef-99e3-af59c28791c4','b3be5685-d5e1-446d-a430-b104c5473519','SALARY'),('12b29cfc-de25-4815-aba7-abd84b716851','a09f4197-bddc-412e-9baa-0471d044ac9b','MATERIAL'),('12d3b9c7-0bb3-415c-bf20-974e9e09236a','03299043-4af5-4c25-937f-6ece2cad8ade','MATERIAL'),('15732aff-c094-4250-9495-aa192d19405e','dffa5a0d-0bb3-400a-939e-9e84cd81bef9','MATERIAL'),('15d2480a-9c99-4a6c-b9a2-400f4e043019','5460ad7f-65ff-4482-a1e7-a8f69cc08f80','SALARY'),('178a8c39-ae1d-4b22-9dc3-57a33580095a','4337b205-0bf0-4312-acf9-a016ecbd62fb','SALARY'),('18016049-9ef5-4c34-a8db-7f3e374bcdcd','924119cd-43b2-4d1c-8822-586e4ec7b29a','MATERIAL'),('1b28a834-d9af-4f4e-9bcc-95351de20394','ae492c69-03ca-48e1-8e84-3299c347fd37','SALARY'),('1c0d3219-a0ca-4b5c-ae51-5424e6b86ac6','56a1873a-5e4c-4cb0-813c-419d053d3d42','MATERIAL'),('1c6f345f-d3f2-483f-b786-4cb397ec5e9b','346e24b7-4b71-436a-8ba8-64505a833b65','MATERIAL'),('1c93ea1d-6f0b-484a-97dd-148383bee72a','455666a8-8463-40ee-9e38-2a1a75af40dd','SALARY'),('1f1f0759-b24b-4c19-9632-27e28101d20a','fc2d9478-2453-4c7f-8f5a-6bc4b5547f07','MATERIAL'),('1f60c949-870e-4716-878f-e7965d92a8a9','ccadec6c-1743-4263-ac07-2506c4f0a0c4','MATERIAL'),('1f8c6282-146c-45ce-a853-722a58ce6384','945098b3-1864-49d9-929e-f2af5211b5b9','MATERIAL'),('2012dd08-836f-42c4-b5ef-82770914cd35','3c4b377f-5ea9-47c3-8da6-fcd49e19a06c','MATERIAL'),('22a893e9-d640-4804-a710-46c629c190e2','a224b546-d37e-48ee-9fca-18f63554f9a8','MATERIAL'),('22fd737e-cc91-47f2-927c-76ac498121bc','7a2236a4-46ce-449e-ba70-1c547401b0a6','MATERIAL'),('231ab6a4-cc6b-4aeb-bafa-cba618ae7254','1382e865-4010-420e-b8b9-37c97b0b5303','MATERIAL'),('2a06939f-2c23-4069-80e8-6f713211d147','6f2d4a79-196e-4ff0-933f-c668571781dc','SALARY'),('2b0decc9-8dd5-470c-9bf9-ea09b69be598','28f2ba31-37cc-46f4-beef-2f703220be7a','MATERIAL'),('2f5c8fb8-ee2a-406a-a266-2e5adb097577','4fde0485-3249-48c4-b52d-d246c98c543c','SALARY'),('2fe04f72-78f3-452e-a3d5-9a5beda33567','fe4c6369-1d26-40cd-a1ea-c49231675db0','MATERIAL'),('30d89856-29ec-4d05-bb84-65726be58e95','cf971a84-f989-4de1-89d2-e7fce87c0d4c','MATERIAL'),('31aafe53-0ace-4f00-ba16-c73a78f56ae9','b73ff1fb-9d6f-4d9c-be04-e5df56b6b470','SALARY'),('31e6fcb7-745d-4724-8d8e-e303dee45271','18a39cdb-649a-41f6-bed6-e9d80633ced6','SALARY'),('32427262-24d7-4f73-864f-d980271ecd46','49d60b18-735e-4f5c-abef-6d1f1b9213a5','SALARY'),('32fbc0d9-fd30-42f1-912a-722dcbf04da4','f66276ae-2b4e-4a91-b212-4f44c1392a3b','SALARY'),('36be3415-f92a-48fe-8054-cedd23a7995f','16a10e63-1f4c-4553-a53c-f85e874049ed','MATERIAL'),('38cf98bc-546b-47d6-b504-45f14513196a','76e4a016-e658-420b-b7c1-ca858f034cc0','MATERIAL'),('39538730-4a8e-4d3a-a837-6e86786946e1','33733e29-2f40-4388-b1b2-8b1dd54f1e2c','SALARY'),('397a369e-b153-4ae7-9707-9c374a0f005f','ef06b703-ca19-4ad5-bf9c-2d60bf1bc0f0','MATERIAL'),('39cda4d6-3522-42a0-b418-bb4d41fe3b2c','20b3ff8f-6483-4648-b16b-b366f3334b9b','MATERIAL'),('3a51a285-d133-4133-a851-4a80ea9819c7','775f8ed3-52a1-4b2a-9549-075bcedd49da','MATERIAL'),('3a88ed14-6cca-4e2f-849d-e855bc609265','5d1df86e-6299-4f1e-bef7-6040c57a94b7','MATERIAL'),('3acfc561-6208-49f8-900b-3b0bbef9ee69','07bae655-4726-4b04-ac5b-12e5b46589c5','MATERIAL'),('3ba03561-ec73-402c-a1eb-2f4ed15b43f8','9087c282-20d4-4896-a83c-eaca473d4f4b','SALARY'),('3c5e8ad9-ea81-408c-b2c4-1e57c0df97c5','775f8ed3-52a1-4b2a-9549-075bcedd49da','SALARY'),('3d1ec84d-71f0-4e7e-81d2-595b73cf9cd9','d33423aa-dcd9-4aa3-8571-248272a73df0','SALARY'),('3ebf4338-464e-4178-a7b8-ad79d8425105','f1a9070d-0a07-4a8c-bdad-832d50dfdbcc','MATERIAL'),('3f470754-d096-4918-a0f7-53436d2fd46d','748e9675-c0ca-4b8f-8c5c-fd7c10a8333b','SALARY'),('40beddf1-1572-4dc6-8ec3-111a21b153ea','c971d015-5509-47f1-8eff-b3bdce9e39ed','MATERIAL'),('43a5400d-7e49-4d14-8595-31e9d5c5f6b8','1fc0e5af-2572-4633-a82b-e29948e03888','MATERIAL'),('43e6e818-8c80-411d-8787-13f65d7bca8e','2a01a8f4-d57f-4be0-8535-c078e3e6bc0e','SALARY'),('4c2e5ca0-6591-41b4-b7e4-1c6550c410b3','748e9675-c0ca-4b8f-8c5c-fd7c10a8333b','MATERIAL'),('4c965d3d-9be7-4080-915e-8baa95682e19','289c15b7-758f-45aa-b35a-1c4841198e5d','MATERIAL'),('4ca345ae-c817-4629-912f-d0fcb606fb65','6d77f05f-d62b-4a06-8ba2-7a3dd03355d3','MATERIAL'),('4e9a55c9-a03e-4c95-9649-ee893c4fc1e8','997e0aba-0ca8-4e5a-9828-cc23b88880d8','MATERIAL'),('4f1fc80a-0fa8-4743-83ae-9f8cfc4a7249','c1713de4-add5-473c-b30c-d98fe73efb47','MATERIAL'),('50836b17-2852-4813-83f2-ca7a5021c952','efad9424-a863-406e-a4e9-e299883b6360','MATERIAL'),('50fa1ba1-e0f4-4b92-8d32-d45c3653960d','d90ceee9-c411-43a2-b9be-2a4848c80e08','MATERIAL'),('527cbbd1-b7a2-4d67-b997-a7b7d1651fd0','b590c04d-edb7-4936-ba1b-de4d073ec1cf','SALARY'),('53b629b0-3cef-4bc6-a06b-439552384b05','65a9bad3-fbca-4ad1-9644-6c1ca7b194c6','MATERIAL'),('53f478d4-7dc1-4211-84e6-02c863373407','96ede614-4e11-4f4c-935b-2df188c3ec6c','MATERIAL'),('5487fc86-c855-4b5b-a69a-a1d4583e1b0c','d760af3e-ebe4-4886-be3d-c8d996b11885','MATERIAL'),('54e478fb-6472-45ab-bc7c-b6229716e8b4','2fbb0f14-7308-4cd7-b15c-f4bf332e94de','SALARY'),('558e4fbf-e443-44e9-a6d7-6a2f092ce453','f513726e-38a9-4f5f-b471-5c1ba98ed47f','SALARY'),('55e0fe9d-7017-47a2-ae01-a69416fe5913','68bf046a-d123-4b4e-bf62-3d808d5ed257','SALARY'),('55eb4f8b-e040-4062-bfac-bea7d94792ac','19f6a10e-b142-45e7-917f-fe666b8dc790','MATERIAL'),('5687b42f-4f84-49e5-94d6-b19084b57616','8665c314-8507-419f-9bdb-9523d3c0f1ce','SALARY'),('57de04a1-e8ea-4f91-a200-16c8a510dbe5','b705af68-f1bf-4fc2-b81d-5d48aaa4cb60','MATERIAL'),('58d82a04-d739-4084-a4da-3236772f4c17','7f31e5a9-292a-4f4a-8d5f-8c688a3b3a67','SALARY'),('59f68cb0-ba95-4cde-88f2-3fb6a8557bae','fff547d3-50a8-451f-86e7-b6971b4c3fb5','SALARY'),('5a89f708-90a1-4360-b7f7-c5f5e2510bcd','0daa345f-418c-4db7-bfa1-91da84e43dd2','SALARY'),('5ab5d032-3497-4022-8a45-aa924786a87f','3a9afca5-1888-41d9-ab29-499672e099f6','MATERIAL'),('5bdf7fd2-1cac-49a6-8419-15fab2443eff','19973762-a5cd-4c56-8eed-269861975776','MATERIAL'),('5c52552f-6370-4238-8cf8-3e1e21571bc8','6a94ec61-36d7-4415-8cd6-258f7eb6fca9','MATERIAL'),('5eb49b5a-577e-4fd7-bc23-5e3f8ea66a4c','fb8855f3-b189-4b14-a846-86066619d547','MATERIAL'),('5ff218e9-a1eb-4633-a859-adb9b91d4cda','76124155-7566-4309-ae89-59bbf30469e0','MATERIAL'),('6069a8fc-4d32-4af9-885a-348dd937c7c6','052b0a9f-2575-4738-aa27-e4147d72e2c4','SALARY'),('60eb100d-e9a0-4cd5-a5d6-ddb9b717d781','2130ced2-eecb-4d85-a6ef-c26461a4e96b','SALARY'),('6134c4af-5a11-4838-9a0d-0b8b5493cf3a','05aa7535-f588-43e7-a422-5c2ebe52d79c','SALARY'),('62525140-1ab3-43be-b6f7-33ad90a80f61','09c2d872-2980-4f9c-8a41-46a5c441d7d5','SALARY'),('6351d949-e3b1-4032-b80a-7d8af62a4774','40514478-2139-4659-81ac-5dd2e8c2d0ea','MATERIAL'),('63770cfe-1676-4ecb-bfa3-aa23987539a7','cc1fead8-81db-4401-93e6-eda0a8fc3240','MATERIAL'),('66dc4b99-8374-41f0-bc5a-41813dbcea5a','f002d517-9dea-4fcb-81bd-6e3fb5767012','MATERIAL'),('683e396f-b756-4680-9b1d-770ec64f292e','6a94ec61-36d7-4415-8cd6-258f7eb6fca9','SALARY'),('687478c4-7909-4806-9998-d3ff7191f152','ffb4d21b-1466-4148-99d3-8c102bdadd31','SALARY'),('696bb70d-c33b-46c9-9cff-3b80ef904ad0','4ed176ea-093d-45f7-b241-2fad6bed4514','MATERIAL'),('6bac580d-0ad5-4431-adfb-f52417f4f3f9','b9a041f6-9dbb-4f1e-b754-e325afa7dc5f','SALARY'),('6c60118b-37f8-4460-92ee-5959fe6aef5c','68bf046a-d123-4b4e-bf62-3d808d5ed257','MATERIAL'),('6d4c5db9-e208-4f71-b7b4-c849bc40eab6','4a078cac-3a51-4328-bf3c-2fd06f09c567','SALARY'),('6d6039ab-457f-4439-99de-da41543a3cbe','16a10e63-1f4c-4553-a53c-f85e874049ed','SALARY'),('6d9d979a-5bae-4671-926a-37c709953294','b43f6718-aab8-41a6-a22e-617e6cf10334','SALARY'),('6db4a342-dc50-4622-b517-24496ef98eda','cbfe1b0b-09e6-49f3-84d8-aa6155499236','SALARY'),('6e331862-fbac-4b00-84e4-c08e074ef834','e70f2197-72db-4f5d-b89d-2747a15eb54e','MATERIAL'),('6f9e105c-dc0c-4dcd-b075-35ea60a90b5e','830e4fd3-44f5-4e43-a180-7c327503750c','SALARY'),('7092eaa3-04f3-45fc-b0fa-95304a3e6a1a','9f148b30-5fcc-489d-a744-603d0b3db9b9','MATERIAL'),('7258ec42-22bd-4e4a-b4c0-fac2e1c5a7f1','dafed85d-f8ff-4a33-9948-0e6696cfa713','SALARY'),('727f7f81-7370-4f23-bb37-72901f6b0f93','4337b205-0bf0-4312-acf9-a016ecbd62fb','MATERIAL'),('73732e63-8fbf-4ed4-909d-0b671a908202','dc8868be-ce62-4b9b-ace4-fac112e27fec','MATERIAL'),('743f54ac-64bb-4733-89da-3690acdabd5d','856a4e15-4a56-47e1-bc64-c6873fbef856','SALARY'),('77c38891-2065-4f8f-9392-2231d2f2995f','91ca852d-aee5-424e-99f8-5c30ba4b86ee','SALARY'),('78780bbf-b3b8-44df-8c65-04c27ceefb17','98bcb6f9-5b60-45f7-baa4-6b967028accc','MATERIAL'),('7891b869-d941-40fd-a4b1-fe865db5f0e0','2bd159bc-b046-41ba-a564-cfce636cbaff','MATERIAL'),('78e88e69-ba1e-4fcd-a794-d9b18958cf7d','555b5b3a-744c-453d-a33b-07e053351760','SALARY'),('795a2155-bbc3-40a5-bb85-575386d2d373','6c4221b6-4bdb-4f25-a42f-08153cd058cd','SALARY'),('80204eb1-31fa-4de1-b731-f95eebfb8df8','d659d7bd-b1cd-4cfb-a5b9-578402591509','MATERIAL'),('80526bc2-ab1c-4bc3-934d-dea6ac3bf815','21ea79ee-f9db-420e-8451-01f006ffaa30','MATERIAL'),('80e299e9-921d-412e-b73a-29fbf87d55b2','8a41e185-bbda-46e9-a444-0ac7f27c2bdb','SALARY'),('817f5d6e-345e-4cf7-9437-0d7a6a2a20b6','16bea9ee-ba16-4024-8f07-830a6f27310d','MATERIAL'),('839b9586-7d52-47c7-904c-b8a4239dae54','326be609-65cf-4cb5-b6e6-1f6f935ed651','SALARY'),('84354452-0da1-46cd-92ee-7b1fc635b77e','c953e73e-7ac7-4e22-a35c-e702fdbaba5d','MATERIAL'),('8578a153-9151-4d1a-8f3f-1f9f9c4e6916','438f867b-d7e3-495c-adec-296c40ff59be','SALARY'),('89754452-c426-46fe-9bba-cd682f96de60','8e25bb2d-723f-4c90-bb92-fbe5bcbefded','MATERIAL'),('8a5221b6-10a3-45a3-a999-6b1030cd649d','1e7080e4-4929-4397-ad3a-36a7e7bae0ac','SALARY'),('8bd9131c-d7da-4450-9b68-8016625ae6ee','2dcb09a5-0901-4a6d-b517-f91d3ebc9b13','MATERIAL'),('8e10f7d0-fa0c-435a-8503-3769daa0e87b','2c649ee3-e8e5-4a91-9d7f-6d590f378486','SALARY'),('8e7e5a22-565f-459c-b900-6bde8085397d','0bfdad3e-9996-4ee6-bad5-69c87b67999a','SALARY'),('90b3dc70-4ca2-4c60-af9b-cb89802f491b','05aa7535-f588-43e7-a422-5c2ebe52d79c','MATERIAL'),('932ecd03-c424-44db-83fd-db6a8860a238','50f31224-a5d9-4cf9-beb0-1c3b7620a434','SALARY'),('94a5e1f2-ca10-4536-9b81-ba04288e5308','f1a9070d-0a07-4a8c-bdad-832d50dfdbcc','SALARY'),('94afb793-27b4-49c1-aa66-e2bc5124a69b','66beec11-b082-4956-97d4-49078d7f077f','MATERIAL'),('94d025b4-51bb-4cd5-84fb-f33586e0087c','f2461b15-8a52-46d8-95b8-cdd95339e8f7','MATERIAL'),('94de891a-f132-45f4-90aa-b45c05d0b173','ccd42862-db4b-40e0-9713-311a5aaeb098','SALARY'),('963be0e9-0439-418c-8865-a9fe0a1b0316','ffb4d21b-1466-4148-99d3-8c102bdadd31','MATERIAL'),('97e57426-c281-41df-b755-19b23db059e7','3a323a03-b541-4d07-bb98-b0d93ceca744','MATERIAL'),('9905845d-096f-4ce9-b3e7-d564b292b4a9','c15bd9af-d25c-4087-a09a-59f384a1f6ea','MATERIAL'),('990ccda0-a234-4166-8002-1346cbce6b08','8db3ec36-199e-4331-b310-215324704c28','MATERIAL'),('991eae18-f4fa-43bc-954c-edee6922c26a','06090b30-352c-4a52-9a05-811ea3a291df','MATERIAL'),('99f1cc87-599c-45be-9808-20fa43a144b8','bb68d2b1-b0d0-4ce2-a382-144827f661f7','MATERIAL'),('9a1e2454-fb45-465a-ba49-6342a22f742c','77500481-bb7c-445b-b107-5a6eb4035cce','MATERIAL'),('9a32d291-1d71-49ea-87a8-265070dbb640','b4349c71-f2af-46c0-9fc5-09a7de7b5970','SALARY'),('9a4612e8-be32-4f4d-86e1-a4a4b0b9c9a7','9eab1a30-6b41-4ae0-b396-0d94a10e60ef','SALARY'),('9a6f88e1-dd4f-469d-b625-fc8813e35455','e64e95d5-800e-4f4b-ad0c-96411ecc9b5b','MATERIAL'),('9a7fe386-2914-49b4-84dc-03a5d6cc341e','52e63d6a-cc58-4575-b23c-77317a8bd326','MATERIAL'),('9b3671d0-25c2-4262-8ef3-198b1307aeb1','d20860f2-804d-45a9-ac45-477044686e22','MATERIAL'),('9dbb7476-b670-46dc-bacb-34bba340195b','50f31224-a5d9-4cf9-beb0-1c3b7620a434','MATERIAL'),('9ea60a30-dc26-4dd8-907a-4ca7f0cc3f8f','5558a9ce-23dd-47df-a42e-b90ad44d4a2c','SALARY'),('9f8f7b6d-1aa2-4027-8d15-4cf2c108a216','92b13b48-e8c9-49f1-9eff-e819bf5d0988','MATERIAL'),('a0b97951-65bb-4ee7-a37b-0c053a1bd6b8','cf971a84-f989-4de1-89d2-e7fce87c0d4c','SALARY'),('a103355d-7510-42fc-863d-88c1cf1107ed','6e7afe6e-18e9-454f-9b47-7dde3c972038','SALARY'),('a18b2ce1-2f03-49ef-a31d-a4bff6ad3fd9','d2eb20f3-0e72-4364-9cb2-cf3e57cbb572','MATERIAL'),('a2cab53e-dda6-4e0c-b14c-08573d75e2a8','3290a10f-a23d-4efd-ac71-1edc4bab3bfa','MATERIAL'),('a48d8a00-45f1-435a-bfed-20c87b7e1614','9f148b30-5fcc-489d-a744-603d0b3db9b9','SALARY'),('a4f28160-8d31-416f-b288-fbd48dd15bce','77500481-bb7c-445b-b107-5a6eb4035cce','SALARY'),('a5e272a8-7969-4e65-8968-f0d1ad1cd1ed','0b78dc91-d27c-418d-bdf3-e986af170cc1','SALARY'),('a5faf2e3-1ca7-48fb-8323-236d1b0020a4','2d6efade-58bf-4648-86a9-bd634634b30b','MATERIAL'),('a6b5ddac-d1d2-4679-9edc-424fa3e757bd','f8ec08fd-1ed9-4069-8b81-214089cf0e44','MATERIAL'),('a704c578-9903-4343-8ddb-ec62e2753339','6068259c-6291-41b3-8da3-b0c9cbbabbb5','MATERIAL'),('a99efba2-1420-4c16-a05d-1f05f261e9e0','83038188-00ed-4f78-84f0-6bfe7328158a','SALARY'),('aa98258f-fe4c-4298-b8ac-9120db4497a7','f6e11ef2-2db5-4211-9414-43ce71e8c2aa','MATERIAL'),('adbb3c85-5dd9-4f2f-93ec-59682ef761a0','65a9bad3-fbca-4ad1-9644-6c1ca7b194c6','SALARY'),('ae4ae7b8-9808-430d-90c9-a22245a1cef6','83b23b7d-04b9-4307-8641-bebe55210855','SALARY'),('aed9864e-d817-476c-a1e1-2797eff48962','3157fa74-89c2-4dcd-a6b3-2e85385bb6c5','MATERIAL'),('af32a2fa-9f08-4d7c-9752-c6821e357df7','ccadec6c-1743-4263-ac07-2506c4f0a0c4','SALARY'),('b0691417-0f33-4456-9326-d3da24cc9b9f','f1f97d05-08eb-402c-b251-7d7da80cf7ca','MATERIAL'),('b1c3d07e-4646-47b6-82ac-bea35b531e63','fdd1f853-aeee-4dc5-a27b-946d239762f2','MATERIAL'),('b22db29f-001f-40d2-a7b7-449217565858','fff547d3-50a8-451f-86e7-b6971b4c3fb5','MATERIAL'),('b23b6de9-348e-462b-bb78-0a8bfe5f44ca','4ce91831-9742-4466-9f97-30440a7b8a52','MATERIAL'),('b25bae35-3c39-46fa-bb9c-bdc5d6f84755','d49701cd-c334-4a1c-b060-e600e81953ac','MATERIAL'),('b3b6120b-0573-492f-8edd-b06a171deb3d','fdb17a12-4aea-4a04-8eef-130812d03371','MATERIAL'),('b3dfe58b-dafc-436d-ad17-a77dcbdc7659','8517a8da-1a18-4d2c-9731-1bd246d27611','MATERIAL'),('b45607d5-01b5-4228-976a-8d5aa61113ae','126e1c94-7a09-43d6-9a21-db55d4e59fd4','MATERIAL'),('b61698a4-1561-43e7-b5d1-a98b5d33426a','3432bbf8-011a-4366-8d74-101e11f264aa','MATERIAL'),('b84fc9fd-1410-4cc1-b2b4-7ba40f1174fe','dd9bb582-2e7b-4ded-a07a-8a9e1b3ed4e2','MATERIAL'),('b8f0cff9-fbf0-4b58-aaa9-954f1ad65ef0','10962f98-d4dd-4ddb-af0c-e5da9509c97a','MATERIAL'),('bab63079-f37f-4a5e-a33f-6caea46125a9','1a10e74a-6b6b-42da-adfe-3bd184fecea0','SALARY'),('bba73863-3236-40d6-935a-e63715991a71','f66276ae-2b4e-4a91-b212-4f44c1392a3b','MATERIAL'),('be071673-48bd-4c07-b2c5-cfabb1fa0a28','df3987f4-dd6d-493d-92a9-4dd044706464','SALARY'),('be28b63f-13a0-4f52-8f9b-8e3d284c49ff','1b5cd208-7e84-47a4-bf3a-a8676713a84a','MATERIAL'),('c0dbc0f9-fad0-46d5-95d4-2da9e1a926ff','d33423aa-dcd9-4aa3-8571-248272a73df0','MATERIAL'),('c27ab806-9c66-48dc-8ad3-69c3fb61d50f','610aaaca-c5df-4c85-aad6-bb79cfdab612','MATERIAL'),('c2d57bde-eb88-4f18-9a87-b4ddc0c4252e','44811049-7a12-4293-9e0a-e53ae67efd24','MATERIAL'),('c32119d3-6fa0-49eb-9016-6f10fe7ad326','c3fc36ae-d2f2-4916-a0cf-422cdb9ea27a','SALARY'),('c428b9ab-f94f-49db-ba31-54ae2736b2fb','83ddc28c-08e1-49f3-8f75-32b1f5af0cbb','MATERIAL'),('c43f7afe-b3aa-4948-94be-c00453bae283','c14e8a38-deee-40db-8bdd-7dc49f3df20b','MATERIAL'),('c4be89fb-d306-498c-b6c9-3ccd9db1cdfd','12489d71-ecdb-42b2-b580-24263fd02160','MATERIAL'),('c503ed2d-16d5-41ca-8dd3-929ad6335f9d','81ab6879-10e0-46e4-9365-5be88e3f1aad','MATERIAL'),('c588d51b-436f-465f-bfe1-c41d0ab8d149','daa7fa10-8dc0-4c9e-9be4-289fe70d2d89','SALARY'),('c78bf25d-1933-4002-91d7-1f6ebe2ae4d8','eed99488-5cda-4c5c-be64-9d569efb89a6','MATERIAL'),('c7c8222d-5835-4eb7-a704-c6dc705f76de','83ae4616-4d00-4d19-96f6-fc5108197733','SALARY'),('ca69684c-a998-43ae-8f8e-d7097bb5827b','c1cf7503-9a4f-4c07-b8a0-a0f6bec847c0','MATERIAL'),('caf241c0-ae6e-44c2-89a5-a7b785a50ef5','833cbd11-68c0-4af7-adac-058974bd3924','SALARY'),('cb3d5c2e-07a4-4565-9776-6dbcb4021a79','bad48192-ccac-44ec-858c-97cff1ee18ee','SALARY'),('cb4601ef-8930-41b9-b0c8-a6afcb4401d6','e2f1c584-e335-44db-bdab-dcb46296c9da','SALARY'),('cce1b23f-93a4-45e7-876d-9e7ba673d9a8','9f4a3240-386d-418e-af52-66697c7ea9ee','SALARY'),('cd4f4c6f-d202-4304-ae14-04f12ee5575c','76f67710-1e65-42ed-8473-d10f61b46b1b','MATERIAL'),('ce1f142f-fd2e-40d3-becf-c8b228a670ba','cebe395c-94cf-4cf0-8f87-734403941cb2','MATERIAL'),('d0011561-2758-4a60-80c3-c2ec20c3c426','d659d7bd-b1cd-4cfb-a5b9-578402591509','SALARY'),('d1f9cf6a-9e5c-4e03-a812-80b4f49c041a','9292be1d-a9a8-4308-9985-6b3395f51dd8','MATERIAL'),('d43ba505-81d6-4112-b3ab-4914c7d1ff24','4c35d7bb-5d9c-485c-9001-1e60390b8e7f','MATERIAL'),('d448b115-59a0-473c-82bd-bef8628e3dd5','537bc93d-2cf0-482b-a920-8b59d4312469','MATERIAL'),('d6479896-32e9-4537-9baf-294f30202d54','5a661e0e-dd69-4e52-8b8d-ab0c46b64c0d','SALARY'),('d67ac795-3496-4053-87f8-89228831bbee','610aaaca-c5df-4c85-aad6-bb79cfdab612','SALARY'),('d757da17-96ad-463e-b795-f485fd8e8566','e1c26fb6-452e-4f91-a8d7-c3a0b6a65fb3','SALARY'),('d792c5bd-93b3-472f-ac5b-d2e4ceeb932f','6aa0c77d-b547-4d69-9242-ff7b2d856b2e','SALARY'),('d9bc48ef-0130-459b-bc4f-f1d05fc2002d','e15df7a4-fdd4-475f-adb5-08fa9b4d14b4','MATERIAL'),('d9e0f372-4fc0-4d15-b1cf-4e55c2a5fc37','032f72ee-edd4-4bc3-9fca-7c950d784f35','MATERIAL'),('db555623-6ea4-4706-b00b-1db109d038c3','65736542-25c7-4c23-b35d-e20d063b9f20','SALARY'),('dcab20c2-05a3-4bdd-8395-6bb5e2c2fa2c','b43f6718-aab8-41a6-a22e-617e6cf10334','MATERIAL'),('deec8f96-9173-4d3b-9983-a5e598d987f6','378449fd-b1fc-4c51-813d-7bca1267119f','MATERIAL'),('e1108375-2125-4aa6-bd36-da02d9ba7305','e58cb74e-81a7-471b-9958-088849100d9d','MATERIAL'),('e2b261c4-ae6a-4af5-9000-38d845428840','987db485-f8f0-441b-a72d-b5da42c9e625','SALARY'),('e2e58725-6cd3-4dd2-bdae-695438a8738a','13eb8d10-a344-4d78-ba4d-4af87c612575','MATERIAL'),('e641a708-ac50-4005-a24f-d915285f26b6','8141a838-708f-4a54-882d-d15362e02dda','SALARY'),('e6ef390e-ca6c-4d14-8fa9-17619cc5a643','3b82f8fc-bf64-4f95-837b-3efd0722a586','MATERIAL'),('e71975c9-1014-42f7-9337-567e48e4ec8e','9e8578ca-d89d-40c0-9cf2-079349c4c105','MATERIAL'),('e7f228e3-0568-43c8-a9a3-94cc3391a105','bc4d4154-408a-4a3a-b373-af87296c5979','MATERIAL'),('eae7c6bf-76e8-41a5-b9fa-c2ecf1b67434','0591ba12-073f-489f-ae4a-3802b6b8d3cb','SALARY'),('ebe162a9-e103-4a04-8c4f-7c18cd3caa89','db55e51a-89b1-4ef6-8dbd-484ba2b0533b','MATERIAL'),('ec261b7f-3e7c-4afd-aef5-bf4e976210a0','63803c20-d0ad-4294-8625-46352f1ca669','SALARY'),('ec6efbd7-42b7-4592-b3e6-2a0a7083e50b','21eee1c7-968c-4c6e-9157-070b369474f2','MATERIAL'),('ec8a8924-5a0f-49f6-8532-a427ca08142c','3a323a03-b541-4d07-bb98-b0d93ceca744','SALARY'),('edb6da58-ea22-4a46-85bb-8af0992e90c6','44c13915-426e-4f94-b88e-3007e47b8505','MATERIAL'),('f13caa5f-31b9-440b-abe2-f37b6cf2f7f3','833cbd11-68c0-4af7-adac-058974bd3924','MATERIAL'),('f2647c1b-548e-4bd1-801e-959741c8d6a8','943b9744-a3f8-439f-af0d-e586648132f7','SALARY'),('f2a79da7-d7c1-47cc-98ab-d5596df91574','2384c3a9-61a9-48cc-9603-fbea079069a4','SALARY'),('f32b72cc-09e8-464d-a6bc-b411698211b4','4d534428-3edd-4237-bc56-26c5eb736319','MATERIAL'),('f39c3051-ddbb-4b87-9416-dba7109ae7f5','81ab6879-10e0-46e4-9365-5be88e3f1aad','SALARY'),('f4293935-7cdb-423b-ab73-2091ab5ff5a7','2f47f4f9-56a7-4cfc-ad88-9eb99e1e87bc','SALARY'),('f4deb890-d747-4ce0-ae46-cd1ca5c22e26','b3290596-dc6c-44ca-b4aa-a3e85c4b1bab','MATERIAL'),('faff7ccf-3f9b-4aa3-92d9-9321c096680d','fced9fd5-dde7-41fe-96af-81ef668bf13c','SALARY'),('fccabe17-80d0-4533-8857-66c328a31bae','2dcb09a5-0901-4a6d-b517-f91d3ebc9b13','SALARY'),('fd0c1431-ca64-44a7-b9a2-1fa5f46aa2c1','1aa0e6df-74ba-42d3-bcdc-ecee358dcdd3','SALARY'),('fd26c5c2-1fba-4e2c-ae81-f639a4145248','7a7c3ee0-6544-4c74-bfba-d912aea63622','MATERIAL'),('fe2ffe2c-da04-46c3-a950-c3748fe9bba5','2130ced2-eecb-4d85-a6ef-c26461a4e96b','MATERIAL'),('ff8d195b-2236-435f-a086-44bde21dd669','f4855115-00cd-439d-9b49-c32ea7d90066','SALARY'),('ffc5e91c-a5ac-4490-b928-9590848efbb5','53f7e2cd-b281-46d7-afad-016e9c5335ca','SALARY'),('ffd372e8-6448-4dec-90f4-0d076dd7ec0b','4b1b1ec6-5ff3-4733-8026-13fe3a27214c','SALARY');
INSERT INTO `roles` VALUES ('063838b2-c057-424d-bc5e-f5a3dff077ae','2130ced2-eecb-4d85-a6ef-c26461a4e96b','81ca107b-dd04-4e89-9971-0abb843db742','FOREMAN'),('0b997bbc-9795-47dc-b494-ab99107814da','4337b205-0bf0-4312-acf9-a016ecbd62fb','c9b49116-9e0c-4806-9445-ccfa19cd4309','FOREMAN'),('0d351f11-6692-4040-844f-759c5ba31c04','50f31224-a5d9-4cf9-beb0-1c3b7620a434','7a32bfcf-4304-4403-9663-60437ed52161','FOREMAN'),('0dcf8d88-a0a4-4f82-a87e-6acbf918575a','ccadec6c-1743-4263-ac07-2506c4f0a0c4','cfe5ec5b-4372-4646-8028-2e5d6b89bc60','EMPLOYEE'),('14b501cd-590e-417c-8c25-f9a55fdd62c5','748e9675-c0ca-4b8f-8c5c-fd7c10a8333b','0127c21a-0c91-4229-817b-88523d601050','EMPLOYEE'),('20f39898-39c9-45cd-a253-eb1c55d1017f','05aa7535-f588-43e7-a422-5c2ebe52d79c','cfe5ec5b-4372-4646-8028-2e5d6b89bc60','FOREMAN'),('315bd6df-f190-4bbb-8102-909db88d3b5c','d659d7bd-b1cd-4cfb-a5b9-578402591509','0127c21a-0c91-4229-817b-88523d601050','FOREMAN'),('35404cbb-197b-4dbe-b64a-42069fa09489','c953e73e-7ac7-4e22-a35c-e702fdbaba5d','e465e983-0222-4ee4-982d-dc41aaca84c1','FOREMAN'),('36e41d57-908c-40e2-97c0-c8f89d954fdf','ffb4d21b-1466-4148-99d3-8c102bdadd31','cccfb81d-626f-49d0-98ba-b1e0983aaad7','FOREMAN'),('38b38ba6-ac04-44e6-9724-e4daad4c6234','833cbd11-68c0-4af7-adac-058974bd3924','ff320144-103e-4625-8e57-87845ed7bee4','FOREMAN'),('48fd44b4-3349-4858-b0c3-d70e0751d703','9f148b30-5fcc-489d-a744-603d0b3db9b9','fef6639d-5b5e-4a4c-a369-bcc8cbd68146','FOREMAN'),('52b7c07e-6c90-4b28-bf1b-3b4717b4f471','6a94ec61-36d7-4415-8cd6-258f7eb6fca9','31de08f0-7330-4350-988b-2692704fb9db','FOREMAN'),('5664d514-1f5f-46d0-a504-5c48c1d94a4e','610aaaca-c5df-4c85-aad6-bb79cfdab612','ad15af65-bca8-42cb-8501-7083a15566d3','FOREMAN'),('59158ae2-ead2-42ef-bb8c-581c1784aaed','cf971a84-f989-4de1-89d2-e7fce87c0d4c','2509e73d-3110-4f5e-ab49-14887e8bcd9a','FOREMAN'),('5bb08102-3e6c-450c-b363-a868591a037c','3c4b377f-5ea9-47c3-8da6-fcd49e19a06c','c77dbde2-a3d8-4c72-8ae9-c5cff00e2ce7','FOREMAN'),('5d587147-5622-4578-95a3-6b279ac96acf','65a9bad3-fbca-4ad1-9644-6c1ca7b194c6','919d3858-bd5d-40fd-81ec-191b831e57b1','FOREMAN'),('6a00e12d-42de-4d7d-ae41-e7c84161a4e1','f1a9070d-0a07-4a8c-bdad-832d50dfdbcc','f1188890-9755-4711-bf42-08323acfbff2','FOREMAN'),('6a688599-6725-469f-958c-42cf8c113acd','e70f2197-72db-4f5d-b89d-2747a15eb54e','8fd389c5-566e-4c99-b421-59eeddb6ed38','FOREMAN'),('70c36fcf-0df5-475f-bc73-b0c9b35a9190','f66276ae-2b4e-4a91-b212-4f44c1392a3b','eb5ef649-bf0c-491c-91a7-d8226713210e','FOREMAN'),('72edbfd0-9e1d-4564-ad1d-b886c290d26c','77500481-bb7c-445b-b107-5a6eb4035cce','8fe683db-6590-4a43-8060-bf6b74e7b7e4','FOREMAN'),('78cf6ad9-f1e3-4a52-9899-26163a5c7d6e','775f8ed3-52a1-4b2a-9549-075bcedd49da','5e09cd38-9f36-4398-b3d6-809ab5602196','FOREMAN'),('86d850e3-2d83-49d3-ab2f-e4310a9be75d','68bf046a-d123-4b4e-bf62-3d808d5ed257','093aabde-be38-4953-aac6-1d42714a264c','FOREMAN'),('8dc1f4b7-44be-4682-8b93-9ba6ffa95016','fff547d3-50a8-451f-86e7-b6971b4c3fb5','796b49b9-a0d4-4210-b7e1-cef9905d0587','FOREMAN'),('8e8d67c1-f011-44c5-a1a1-6cdea4510041','b43f6718-aab8-41a6-a22e-617e6cf10334','a89e8ada-b780-4a64-9aa2-272173da15e1','FOREMAN'),('95110d82-7b24-440b-9ec1-6af8cec961b2','833cbd11-68c0-4af7-adac-058974bd3924','03e5a7a9-131b-4842-bf51-525f6e782556','FOREMAN'),('a453f66e-32ca-4e32-97a0-65721f2bfd9a','77500481-bb7c-445b-b107-5a6eb4035cce','ec4baee1-9318-4a4e-980d-c6fae0f509fd','FOREMAN'),('b6979bf4-5af5-49ee-873a-a92a10479d4c','2dcb09a5-0901-4a6d-b517-f91d3ebc9b13','aa4923a2-a781-41bd-a0c5-a388a308f588','FOREMAN'),('ba71d2b2-2dab-43ab-b71b-ebbf09554459','3a323a03-b541-4d07-bb98-b0d93ceca744','e2d3fadb-97de-4258-882c-510e7ee5c516','FOREMAN'),('df747a96-4366-40e7-b689-99addb775caa','81ab6879-10e0-46e4-9365-5be88e3f1aad','fef6639d-5b5e-4a4c-a369-bcc8cbd68146','EMPLOYEE'),('e782bc15-d32d-4ab8-8178-c4312308cd2d','3432bbf8-011a-4366-8d74-101e11f264aa','ee73aeb2-d46e-4c8c-9eec-1efd8202e633','FOREMAN'),('ed5f242b-befc-450a-9050-90b675617198','d33423aa-dcd9-4aa3-8571-248272a73df0','d21a8ec0-623d-4d6a-94ea-6528267eb0ff','FOREMAN'),('f619bfcd-d67f-4502-bae0-7f4f6ae79cc3','50f31224-a5d9-4cf9-beb0-1c3b7620a434','c77c2c82-b140-434c-9834-b5c54e9071f5','FOREMAN'),('ff419f43-5523-44b8-be76-aeb738a8381f','16a10e63-1f4c-4553-a53c-f85e874049ed','81ca107b-dd04-4e89-9971-0abb843db742','EMPLOYEE');
INSERT INTO `permissions` VALUES ('2130ced2-eecb-4d85-a6ef-c26461a4e96b','UPDATE_SELF','81ca107b-dd04-4e89-9971-0abb843db742'),('2130ced2-eecb-4d85-a6ef-c26461a4e96b','INSERT','81ca107b-dd04-4e89-9971-0abb843db742'),('2130ced2-eecb-4d85-a6ef-c26461a4e96b','READ','81ca107b-dd04-4e89-9971-0abb843db742'),('4337b205-0bf0-4312-acf9-a016ecbd62fb','UPDATE_SELF','c9b49116-9e0c-4806-9445-ccfa19cd4309'),('4337b205-0bf0-4312-acf9-a016ecbd62fb','INSERT','c9b49116-9e0c-4806-9445-ccfa19cd4309'),('4337b205-0bf0-4312-acf9-a016ecbd62fb','READ','c9b49116-9e0c-4806-9445-ccfa19cd4309'),('50f31224-a5d9-4cf9-beb0-1c3b7620a434','UPDATE_SELF','7a32bfcf-4304-4403-9663-60437ed52161'),('50f31224-a5d9-4cf9-beb0-1c3b7620a434','INSERT','7a32bfcf-4304-4403-9663-60437ed52161'),('50f31224-a5d9-4cf9-beb0-1c3b7620a434','READ','7a32bfcf-4304-4403-9663-60437ed52161'),('05aa7535-f588-43e7-a422-5c2ebe52d79c','UPDATE_SELF','cfe5ec5b-4372-4646-8028-2e5d6b89bc60'),('05aa7535-f588-43e7-a422-5c2ebe52d79c','INSERT','cfe5ec5b-4372-4646-8028-2e5d6b89bc60'),('05aa7535-f588-43e7-a422-5c2ebe52d79c','READ','cfe5ec5b-4372-4646-8028-2e5d6b89bc60'),('d659d7bd-b1cd-4cfb-a5b9-578402591509','UPDATE_SELF','0127c21a-0c91-4229-817b-88523d601050'),('d659d7bd-b1cd-4cfb-a5b9-578402591509','INSERT','0127c21a-0c91-4229-817b-88523d601050'),('d659d7bd-b1cd-4cfb-a5b9-578402591509','READ','0127c21a-0c91-4229-817b-88523d601050'),('c953e73e-7ac7-4e22-a35c-e702fdbaba5d','UPDATE_SELF','e465e983-0222-4ee4-982d-dc41aaca84c1'),('c953e73e-7ac7-4e22-a35c-e702fdbaba5d','INSERT','e465e983-0222-4ee4-982d-dc41aaca84c1'),('c953e73e-7ac7-4e22-a35c-e702fdbaba5d','READ','e465e983-0222-4ee4-982d-dc41aaca84c1'),('ffb4d21b-1466-4148-99d3-8c102bdadd31','UPDATE_SELF','cccfb81d-626f-49d0-98ba-b1e0983aaad7'),('ffb4d21b-1466-4148-99d3-8c102bdadd31','INSERT','cccfb81d-626f-49d0-98ba-b1e0983aaad7'),('ffb4d21b-1466-4148-99d3-8c102bdadd31','READ','cccfb81d-626f-49d0-98ba-b1e0983aaad7'),('833cbd11-68c0-4af7-adac-058974bd3924','UPDATE_SELF','ff320144-103e-4625-8e57-87845ed7bee4'),('833cbd11-68c0-4af7-adac-058974bd3924','INSERT','ff320144-103e-4625-8e57-87845ed7bee4'),('833cbd11-68c0-4af7-adac-058974bd3924','READ','ff320144-103e-4625-8e57-87845ed7bee4'),('9f148b30-5fcc-489d-a744-603d0b3db9b9','UPDATE_SELF','fef6639d-5b5e-4a4c-a369-bcc8cbd68146'),('9f148b30-5fcc-489d-a744-603d0b3db9b9','INSERT','fef6639d-5b5e-4a4c-a369-bcc8cbd68146'),('9f148b30-5fcc-489d-a744-603d0b3db9b9','READ','fef6639d-5b5e-4a4c-a369-bcc8cbd68146'),('6a94ec61-36d7-4415-8cd6-258f7eb6fca9','UPDATE_SELF','31de08f0-7330-4350-988b-2692704fb9db'),('6a94ec61-36d7-4415-8cd6-258f7eb6fca9','INSERT','31de08f0-7330-4350-988b-2692704fb9db'),('6a94ec61-36d7-4415-8cd6-258f7eb6fca9','READ','31de08f0-7330-4350-988b-2692704fb9db'),('610aaaca-c5df-4c85-aad6-bb79cfdab612','UPDATE_SELF','ad15af65-bca8-42cb-8501-7083a15566d3'),('610aaaca-c5df-4c85-aad6-bb79cfdab612','INSERT','ad15af65-bca8-42cb-8501-7083a15566d3'),('610aaaca-c5df-4c85-aad6-bb79cfdab612','READ','ad15af65-bca8-42cb-8501-7083a15566d3'),('cf971a84-f989-4de1-89d2-e7fce87c0d4c','UPDATE_SELF','2509e73d-3110-4f5e-ab49-14887e8bcd9a'),('cf971a84-f989-4de1-89d2-e7fce87c0d4c','INSERT','2509e73d-3110-4f5e-ab49-14887e8bcd9a'),('cf971a84-f989-4de1-89d2-e7fce87c0d4c','READ','2509e73d-3110-4f5e-ab49-14887e8bcd9a'),('3c4b377f-5ea9-47c3-8da6-fcd49e19a06c','UPDATE_SELF','c77dbde2-a3d8-4c72-8ae9-c5cff00e2ce7'),('3c4b377f-5ea9-47c3-8da6-fcd49e19a06c','INSERT','c77dbde2-a3d8-4c72-8ae9-c5cff00e2ce7'),('3c4b377f-5ea9-47c3-8da6-fcd49e19a06c','READ','c77dbde2-a3d8-4c72-8ae9-c5cff00e2ce7'),('65a9bad3-fbca-4ad1-9644-6c1ca7b194c6','UPDATE_SELF','919d3858-bd5d-40fd-81ec-191b831e57b1'),('65a9bad3-fbca-4ad1-9644-6c1ca7b194c6','INSERT','919d3858-bd5d-40fd-81ec-191b831e57b1'),('65a9bad3-fbca-4ad1-9644-6c1ca7b194c6','READ','919d3858-bd5d-40fd-81ec-191b831e57b1'),('f1a9070d-0a07-4a8c-bdad-832d50dfdbcc','UPDATE_SELF','f1188890-9755-4711-bf42-08323acfbff2'),('f1a9070d-0a07-4a8c-bdad-832d50dfdbcc','INSERT','f1188890-9755-4711-bf42-08323acfbff2'),('f1a9070d-0a07-4a8c-bdad-832d50dfdbcc','READ','f1188890-9755-4711-bf42-08323acfbff2'),('e70f2197-72db-4f5d-b89d-2747a15eb54e','UPDATE_SELF','8fd389c5-566e-4c99-b421-59eeddb6ed38'),('e70f2197-72db-4f5d-b89d-2747a15eb54e','INSERT','8fd389c5-566e-4c99-b421-59eeddb6ed38'),('e70f2197-72db-4f5d-b89d-2747a15eb54e','READ','8fd389c5-566e-4c99-b421-59eeddb6ed38'),('f66276ae-2b4e-4a91-b212-4f44c1392a3b','UPDATE_SELF','eb5ef649-bf0c-491c-91a7-d8226713210e'),('f66276ae-2b4e-4a91-b212-4f44c1392a3b','INSERT','eb5ef649-bf0c-491c-91a7-d8226713210e'),('f66276ae-2b4e-4a91-b212-4f44c1392a3b','READ','eb5ef649-bf0c-491c-91a7-d8226713210e'),('77500481-bb7c-445b-b107-5a6eb4035cce','UPDATE_SELF','8fe683db-6590-4a43-8060-bf6b74e7b7e4'),('77500481-bb7c-445b-b107-5a6eb4035cce','INSERT','8fe683db-6590-4a43-8060-bf6b74e7b7e4'),('77500481-bb7c-445b-b107-5a6eb4035cce','READ','8fe683db-6590-4a43-8060-bf6b74e7b7e4'),('775f8ed3-52a1-4b2a-9549-075bcedd49da','UPDATE_SELF','5e09cd38-9f36-4398-b3d6-809ab5602196'),('775f8ed3-52a1-4b2a-9549-075bcedd49da','INSERT','5e09cd38-9f36-4398-b3d6-809ab5602196'),('775f8ed3-52a1-4b2a-9549-075bcedd49da','READ','5e09cd38-9f36-4398-b3d6-809ab5602196'),('68bf046a-d123-4b4e-bf62-3d808d5ed257','UPDATE_SELF','093aabde-be38-4953-aac6-1d42714a264c'),('68bf046a-d123-4b4e-bf62-3d808d5ed257','INSERT','093aabde-be38-4953-aac6-1d42714a264c'),('68bf046a-d123-4b4e-bf62-3d808d5ed257','READ','093aabde-be38-4953-aac6-1d42714a264c'),('fff547d3-50a8-451f-86e7-b6971b4c3fb5','UPDATE_SELF','796b49b9-a0d4-4210-b7e1-cef9905d0587'),('fff547d3-50a8-451f-86e7-b6971b4c3fb5','INSERT','796b49b9-a0d4-4210-b7e1-cef9905d0587'),('fff547d3-50a8-451f-86e7-b6971b4c3fb5','READ','796b49b9-a0d4-4210-b7e1-cef9905d0587'),('b43f6718-aab8-41a6-a22e-617e6cf10334','UPDATE_SELF','a89e8ada-b780-4a64-9aa2-272173da15e1'),('b43f6718-aab8-41a6-a22e-617e6cf10334','INSERT','a89e8ada-b780-4a64-9aa2-272173da15e1'),('b43f6718-aab8-41a6-a22e-617e6cf10334','READ','a89e8ada-b780-4a64-9aa2-272173da15e1'),('833cbd11-68c0-4af7-adac-058974bd3924','UPDATE_SELF','03e5a7a9-131b-4842-bf51-525f6e782556'),('833cbd11-68c0-4af7-adac-058974bd3924','INSERT','03e5a7a9-131b-4842-bf51-525f6e782556'),('833cbd11-68c0-4af7-adac-058974bd3924','READ','03e5a7a9-131b-4842-bf51-525f6e782556'),('77500481-bb7c-445b-b107-5a6eb4035cce','UPDATE_SELF','ec4baee1-9318-4a4e-980d-c6fae0f509fd'),('77500481-bb7c-445b-b107-5a6eb4035cce','INSERT','ec4baee1-9318-4a4e-980d-c6fae0f509fd'),('77500481-bb7c-445b-b107-5a6eb4035cce','READ','ec4baee1-9318-4a4e-980d-c6fae0f509fd'),('2dcb09a5-0901-4a6d-b517-f91d3ebc9b13','UPDATE_SELF','aa4923a2-a781-41bd-a0c5-a388a308f588'),('2dcb09a5-0901-4a6d-b517-f91d3ebc9b13','INSERT','aa4923a2-a781-41bd-a0c5-a388a308f588'),('2dcb09a5-0901-4a6d-b517-f91d3ebc9b13','READ','aa4923a2-a781-41bd-a0c5-a388a308f588'),('3a323a03-b541-4d07-bb98-b0d93ceca744','UPDATE_SELF','e2d3fadb-97de-4258-882c-510e7ee5c516'),('3a323a03-b541-4d07-bb98-b0d93ceca744','INSERT','e2d3fadb-97de-4258-882c-510e7ee5c516'),('3a323a03-b541-4d07-bb98-b0d93ceca744','READ','e2d3fadb-97de-4258-882c-510e7ee5c516'),('3432bbf8-011a-4366-8d74-101e11f264aa','UPDATE_SELF','ee73aeb2-d46e-4c8c-9eec-1efd8202e633'),('3432bbf8-011a-4366-8d74-101e11f264aa','INSERT','ee73aeb2-d46e-4c8c-9eec-1efd8202e633'),('3432bbf8-011a-4366-8d74-101e11f264aa','READ','ee73aeb2-d46e-4c8c-9eec-1efd8202e633'),('d33423aa-dcd9-4aa3-8571-248272a73df0','UPDATE_SELF','d21a8ec0-623d-4d6a-94ea-6528267eb0ff'),('d33423aa-dcd9-4aa3-8571-248272a73df0','INSERT','d21a8ec0-623d-4d6a-94ea-6528267eb0ff'),('d33423aa-dcd9-4aa3-8571-248272a73df0','READ','d21a8ec0-623d-4d6a-94ea-6528267eb0ff'),('50f31224-a5d9-4cf9-beb0-1c3b7620a434','UPDATE_SELF','c77c2c82-b140-434c-9834-b5c54e9071f5'),('50f31224-a5d9-4cf9-beb0-1c3b7620a434','INSERT','c77c2c82-b140-434c-9834-b5c54e9071f5'),('50f31224-a5d9-4cf9-beb0-1c3b7620a434','READ','c77c2c82-b140-434c-9834-b5c54e9071f5');
INSERT INTO `stages` VALUES ('1171b493-f164-4263-b416-730fb70f1391','77500481-bb7c-445b-b107-5a6eb4035cce','8fe683db-6590-4a43-8060-bf6b74e7b7e4','DEFAULT'),('1ff886f6-f7a0-4c92-bf17-f254129ff7ff','4337b205-0bf0-4312-acf9-a016ecbd62fb','c9b49116-9e0c-4806-9445-ccfa19cd4309','DEFAULT'),('266cdde7-4837-4e0a-9b84-46de1ff67033','f66276ae-2b4e-4a91-b212-4f44c1392a3b','eb5ef649-bf0c-491c-91a7-d8226713210e','DEFAULT'),('26fb0b01-7b04-407f-ae4a-1370e886bd1b','3432bbf8-011a-4366-8d74-101e11f264aa','ee73aeb2-d46e-4c8c-9eec-1efd8202e633','DEFAULT'),('28fade09-bd84-4bb4-915d-40b8f20d23ff','f1a9070d-0a07-4a8c-bdad-832d50dfdbcc','f1188890-9755-4711-bf42-08323acfbff2','DEFAULT'),('2dfe9a46-3126-41f9-b582-8cf24140cf39','9f148b30-5fcc-489d-a744-603d0b3db9b9','fef6639d-5b5e-4a4c-a369-bcc8cbd68146','DEFAULT'),('2ed1db49-3b52-400d-9635-8e0029eba268','833cbd11-68c0-4af7-adac-058974bd3924','ff320144-103e-4625-8e57-87845ed7bee4','DEFAULT'),('303f483b-a460-4f1e-948a-01468f69deb9','fff547d3-50a8-451f-86e7-b6971b4c3fb5','796b49b9-a0d4-4210-b7e1-cef9905d0587','DEFAULT'),('378b7f07-4e60-46dd-af87-0bfc6c9b1400','610aaaca-c5df-4c85-aad6-bb79cfdab612','ad15af65-bca8-42cb-8501-7083a15566d3','DEFAULT'),('3a9ae407-a02a-4a43-af4b-17bd2d64fa9b','cf971a84-f989-4de1-89d2-e7fce87c0d4c','2509e73d-3110-4f5e-ab49-14887e8bcd9a','DEFAULT'),('3ee1f6c9-adba-4c44-8745-987aa0de5047','3a323a03-b541-4d07-bb98-b0d93ceca744','e2d3fadb-97de-4258-882c-510e7ee5c516','DEFAULT'),('46fdeb41-109e-47ef-a95b-9b48f9e17fc4','2dcb09a5-0901-4a6d-b517-f91d3ebc9b13','aa4923a2-a781-41bd-a0c5-a388a308f588','DEFAULT'),('492f7491-f16c-41da-b26e-94aa0fd3b3d0','50f31224-a5d9-4cf9-beb0-1c3b7620a434','7a32bfcf-4304-4403-9663-60437ed52161','DEFAULT'),('56f2701b-a6ab-4fb9-9b2d-baf8c12da3fa','c953e73e-7ac7-4e22-a35c-e702fdbaba5d','e465e983-0222-4ee4-982d-dc41aaca84c1','DEFAULT'),('57b8026d-f1bf-492e-9fd0-9194e2e57f9b','50f31224-a5d9-4cf9-beb0-1c3b7620a434','c77c2c82-b140-434c-9834-b5c54e9071f5','DEFAULT'),('5809d94a-9cfe-4c2a-abb1-58ea0c1d8163','e70f2197-72db-4f5d-b89d-2747a15eb54e','8fd389c5-566e-4c99-b421-59eeddb6ed38','DEFAULT'),('58362e52-51c1-4c41-aed6-2369e91d2c02','b43f6718-aab8-41a6-a22e-617e6cf10334','a89e8ada-b780-4a64-9aa2-272173da15e1','DEFAULT'),('5e002dca-6758-4001-b2c3-6d6dd1deccd8','68bf046a-d123-4b4e-bf62-3d808d5ed257','093aabde-be38-4953-aac6-1d42714a264c','DEFAULT'),('6ccc0595-1577-4e6d-ba34-f6270d01e1f2','ccadec6c-1743-4263-ac07-2506c4f0a0c4','cfe5ec5b-4372-4646-8028-2e5d6b89bc60','DEFAULT'),('843ade91-3f50-448f-bd4b-f580ba842665','6a94ec61-36d7-4415-8cd6-258f7eb6fca9','31de08f0-7330-4350-988b-2692704fb9db','DEFAULT'),('9f411fcc-7ea5-4c3c-8dd1-459232cb1ff0','d33423aa-dcd9-4aa3-8571-248272a73df0','d21a8ec0-623d-4d6a-94ea-6528267eb0ff','DEFAULT'),('a46ecbe8-7db0-4cc4-9101-bb4685243c58','65a9bad3-fbca-4ad1-9644-6c1ca7b194c6','919d3858-bd5d-40fd-81ec-191b831e57b1','DEFAULT'),('a6d90579-4843-41fd-bc9f-5efdbb175d6a','3c4b377f-5ea9-47c3-8da6-fcd49e19a06c','c77dbde2-a3d8-4c72-8ae9-c5cff00e2ce7','DEFAULT'),('b0d0697c-e453-480e-80ad-03ddcbf322e1','833cbd11-68c0-4af7-adac-058974bd3924','03e5a7a9-131b-4842-bf51-525f6e782556','DEFAULT'),('b4626cb5-8289-46f0-b067-48d345d370f8','775f8ed3-52a1-4b2a-9549-075bcedd49da','5e09cd38-9f36-4398-b3d6-809ab5602196','DEFAULT'),('c0003dfb-407a-45b1-bcc9-42476ca2ea69','ffb4d21b-1466-4148-99d3-8c102bdadd31','cccfb81d-626f-49d0-98ba-b1e0983aaad7','DEFAULT'),('df160ca9-22ad-4a7b-9ab1-433a6d48d50b','748e9675-c0ca-4b8f-8c5c-fd7c10a8333b','0127c21a-0c91-4229-817b-88523d601050','DEFAULT'),('ebc3e31d-d2b5-4c2c-9e35-fa67d09189c6','2130ced2-eecb-4d85-a6ef-c26461a4e96b','81ca107b-dd04-4e89-9971-0abb843db742','DEFAULT'),('ef7614ce-872b-4759-abdf-a075c54b7c99','77500481-bb7c-445b-b107-5a6eb4035cce','ec4baee1-9318-4a4e-980d-c6fae0f509fd','DEFAULT');
INSERT INTO `elements` VALUES ('0158efea-0579-4a7f-ae91-2ec5a02c3efd','303f483b-a460-4f1e-948a-01468f69deb9','custom',15,68.00,938.00,'default',0),('0bcb1e43-cf9b-41ec-a5eb-5cdef2180b66','843ade91-3f50-448f-bd4b-f580ba842665','custom',7,11.00,1282.00,'default',0),('1305470f-414c-4a34-8207-d8368b5c3f3f','b4626cb5-8289-46f0-b067-48d345d370f8','custom',10,72.00,424.00,'default',0),('260045aa-5b5e-4fc1-92e3-af0f79903b86','5809d94a-9cfe-4c2a-abb1-58ea0c1d8163','custom',7,94.00,302.00,'default',0),('26b00010-782e-4de1-8e27-e3a7f14d87ab','b0d0697c-e453-480e-80ad-03ddcbf322e1','custom',8,89.00,22.00,'default',0),('42ddfa09-733f-4774-ae59-c26f7f8ef490','9f411fcc-7ea5-4c3c-8dd1-459232cb1ff0','custom',6,36.00,400.00,'default',0),('4bdfd193-1a6d-47d7-95d3-e519c16d4b4d','3ee1f6c9-adba-4c44-8745-987aa0de5047','custom',12,27.00,1012.00,'default',0),('6dbd3505-16a7-4451-8617-66777b778216','5e002dca-6758-4001-b2c3-6d6dd1deccd8','custom',14,74.00,798.00,'default',0),('7ded8438-9eb9-42f8-828e-a9c74c263521','1171b493-f164-4263-b416-730fb70f1391','custom',13,69.00,2464.00,'default',0),('81e7a8c9-86d4-45d9-a1a8-cb91a5c9c97c','492f7491-f16c-41da-b26e-94aa0fd3b3d0','custom',13,45.00,692.00,'default',0),('8c00c251-b0b3-4a4d-876d-a09522f17c42','ef7614ce-872b-4759-abdf-a075c54b7c99','custom',13,47.00,2412.00,'default',0),('8d0f0768-cc51-474c-95ed-2dbe7b36683f','26fb0b01-7b04-407f-ae4a-1370e886bd1b','custom',9,21.00,1948.00,'default',0),('8f7a55fa-d193-4eb3-8155-ca94367e4299','266cdde7-4837-4e0a-9b84-46de1ff67033','custom',6,58.00,1102.00,'default',0),('8fa816ed-b5bd-4d11-9f2f-c9e7fe79da18','3a9ae407-a02a-4a43-af4b-17bd2d64fa9b','custom',14,92.00,806.00,'default',0),('94b45903-156e-4b52-82a1-efc938e4d503','6ccc0595-1577-4e6d-ba34-f6270d01e1f2','custom',15,77.00,1728.00,'default',0),('a2a3b9ad-584b-4616-a7b3-0921414201ba','1ff886f6-f7a0-4c92-bf17-f254129ff7ff','custom',9,64.00,1376.00,'default',0),('a4a6ae4e-a650-418c-ad5b-f4e9e3060a14','2ed1db49-3b52-400d-9635-8e0029eba268','custom',4,44.00,3628.00,'default',0),('a7d9bb53-2013-415d-9be1-898ce03c3d55','ebc3e31d-d2b5-4c2c-9e35-fa67d09189c6','custom',5,62.00,228.00,'default',0),('b21e97c6-e764-4370-ab47-ae6f35ecb962','c0003dfb-407a-45b1-bcc9-42476ca2ea69','custom',6,38.00,1464.00,'default',0),('bb50052f-c82d-465b-9cbe-9f4751111b50','378b7f07-4e60-46dd-af87-0bfc6c9b1400','custom',12,86.00,714.00,'default',0),('beb16b02-6cd6-46a4-bf33-d4ce3e550b2d','56f2701b-a6ab-4fb9-9b2d-baf8c12da3fa','custom',5,11.00,838.00,'default',0),('c08a5259-7639-493b-8f41-1969566c0144','57b8026d-f1bf-492e-9fd0-9194e2e57f9b','custom',11,45.00,918.00,'default',0),('c439ea43-b439-4b46-b292-8ef031aea81d','58362e52-51c1-4c41-aed6-2369e91d2c02','custom',15,4.00,1880.00,'default',0),('dc0bdae3-24e1-4062-94c7-42a19a41aee3','a46ecbe8-7db0-4cc4-9101-bb4685243c58','custom',10,36.00,3222.00,'default',0),('eb15df41-56c6-44d1-b8c2-e85f7d4c0dbc','a6d90579-4843-41fd-bc9f-5efdbb175d6a','custom',15,73.00,1362.00,'default',0),('f1797add-413f-4ab6-a662-17506f701d3b','df160ca9-22ad-4a7b-9ab1-433a6d48d50b','custom',13,74.00,3006.00,'default',0),('fc3c6f0a-d117-464e-9512-29989e1987b1','28fade09-bd84-4bb4-915d-40b8f20d23ff','custom',8,30.00,132.00,'default',0),('fd12b3d0-4f7c-4aeb-9a50-247fe3e73d9c','46fdeb41-109e-47ef-a95b-9b48f9e17fc4','custom',15,22.00,888.00,'default',0),('fe86fd4e-3861-4d39-abe4-7cfa6be357b2','2dfe9a46-3126-41f9-b582-8cf24140cf39','custom',7,36.00,418.00,'default',0);
